customer_id,total_transactions,days_as_customer,total_spent,days_since_last_purchase,purchase_count,transactions_per_month,avg_spend_per_transaction,lifetime_value_per_month,engagement_tier,spend_quartile,recency_score,frequency_score,monetary_score,rfm_score
1,12,180,2400,10,12,2.0,200.0,400.0,Low,Q3,4,3,3,10
2,5,90,750,45,5,1.6666666666666667,150.0,250.0,Low,Q2,2,2,2,6
3,20,365,5000,5,20,1.6438356164383563,250.0,410.95890410958907,Low,Q4,5,5,5,15
4,2,30,200,80,2,2.0,100.0,200.0,Low,Q1,1,1,1,3
5,8,120,1600,20,8,2.0,200.0,400.0,Low,Q2,3,3,3,9
6,15,300,3500,15,15,1.5,233.33333333333334,350.0,Low,Q3,3,4,4,11
7,4,60,500,60,4,2.0,125.0,250.0,Low,Q1,1,1,1,3
8,25,450,7000,2,25,1.6666666666666667,280.0,466.6666666666667,Low,Q4,5,5,5,15
