ticket_id,customer_id,category,status,created_date,resolved_date,resolution_days,customer_name,segment,region,support_channel,subscription_start,subscription_status,escalated,escalation_level,cancelled,is_unresolved,is_escalated,churned,complaint_count,repeat_customer,priority_score,priority_level,recommended_action,priority_reason
T00754,C0377,Login,Pending,2026-01-11,,171,Carmen Pitts,Premium,North,Chat,2024-12-22,Active,Yes,L2,No,True,True,False,10,True,492,High,📞 Contact Customer Immediately,"Unresolved Ticket, Escalated Case, Repeat Complaints, Delayed Resolution"
T00763,C0250,Login,Open,2026-01-02,,180,Luke Perry,Enterprise,West,Chat,2025-07-09,Active,Yes,L2,No,True,True,False,7,True,480,High,📞 Contact Customer Immediately,"Unresolved Ticket, Escalated Case, Repeat Complaints, Delayed Resolution"
T00504,C0180,Payment,Open,2026-01-01,,181,Robert Gibson,Basic,South,Email,2025-10-28,Active,No,,No,True,False,False,8,True,472,High,📞 Contact Customer Immediately,"Unresolved Ticket, Repeat Complaints, Delayed Resolution"
T01275,C0485,Technical,Pending,2026-01-02,,180,Robert Coleman,Premium,West,Chat,2025-12-10,Active,No,,No,True,False,False,8,True,470,High,📞 Contact Customer Immediately,"Unresolved Ticket, Repeat Complaints, Delayed Resolution"
T00896,C0138,Technical,Open,2026-01-03,,179,Tabitha Cain,Premium,North,Chat,2025-10-27,Active,Yes,L2,No,True,True,False,6,True,468,High,📞 Contact Customer Immediately,"Unresolved Ticket, Escalated Case, Repeat Complaints, Delayed Resolution"
T00690,C0230,Technical,Pending,2026-01-20,,162,Ricky Martin,Premium,East,Email,2025-08-22,Active,Yes,L3,No,True,True,False,9,True,464,High,📞 Contact Customer Immediately,"Unresolved Ticket, Escalated Case, Repeat Complaints, Delayed Resolution"
T01071,C0120,Payment,Pending,2026-01-01,,181,Ashley Johnson,Enterprise,East,Phone,2024-10-25,Active,No,,No,True,False,False,7,True,462,High,📞 Contact Customer Immediately,"Unresolved Ticket, Repeat Complaints, Delayed Resolution"
T01760,C0091,Payment,Pending,2026-01-06,,176,Jason Collins,Basic,South,Chat,2025-01-25,Active,Yes,L3,No,True,True,False,6,True,462,High,📞 Contact Customer Immediately,"Unresolved Ticket, Escalated Case, Repeat Complaints, Delayed Resolution"
T00185,C0480,Payment,Open,2026-01-03,,179,Lisa Garza,Premium,East,Chat,2025-12-02,Active,No,,No,True,False,False,7,True,458,High,📞 Contact Customer Immediately,"Unresolved Ticket, Repeat Complaints, Delayed Resolution"
T00757,C0199,Login,Pending,2026-01-12,,170,Zachary Williams,Premium,East,Phone,2025-09-20,Active,No,,No,True,False,False,8,True,450,High,📞 Contact Customer Immediately,"Unresolved Ticket, Repeat Complaints, Delayed Resolution"
T01032,C0199,Account,Open,2026-01-13,,169,Zachary Williams,Premium,East,Phone,2025-09-20,Active,No,,No,True,False,False,8,True,448,High,📞 Contact Customer Immediately,"Unresolved Ticket, Repeat Complaints, Delayed Resolution"
T01407,C0280,Billing,Pending,2026-01-09,,173,Donna Johnson,Premium,North,Email,2025-02-20,Active,Yes,L1,No,True,True,False,5,True,446,High,📞 Contact Customer Immediately,"Unresolved Ticket, Escalated Case, Repeat Complaints, Delayed Resolution"
T01241,C0314,Login,Open,2026-01-05,,177,Joseph Parker,Basic,West,Phone,2025-01-02,Active,No,,No,True,False,False,6,True,444,High,📞 Contact Customer Immediately,"Unresolved Ticket, Repeat Complaints, Delayed Resolution"
T01224,C0495,Login,Pending,2026-01-05,,177,James Harris,Basic,East,Phone,2025-02-05,Active,Yes,L3,No,True,True,False,4,True,444,High,📞 Contact Customer Immediately,"Unresolved Ticket, Escalated Case, Repeat Complaints, Delayed Resolution"
T01322,C0174,Billing,Open,2026-01-11,,171,Adam Nichols,Enterprise,East,Chat,2025-04-15,Active,Yes,L2,No,True,True,False,5,True,442,High,📞 Contact Customer Immediately,"Unresolved Ticket, Escalated Case, Repeat Complaints, Delayed Resolution"
T01562,C0354,Login,Open,2026-01-23,,159,Natalie Simmons,Premium,North,Phone,2025-11-19,Active,No,,No,True,False,False,9,True,438,High,📞 Contact Customer Immediately,"Unresolved Ticket, Repeat Complaints, Delayed Resolution"
T00214,C0278,Billing,Pending,2026-01-18,,164,Morgan Trujillo,Premium,West,Chat,2026-01-12,Active,Yes,L1,No,True,True,False,6,True,438,High,📞 Contact Customer Immediately,"Unresolved Ticket, Escalated Case, Repeat Complaints, Delayed Resolution"
T00424,C0376,Billing,Open,2026-01-08,,174,Scott Woods,Premium,East,Chat,2025-05-10,Active,No,,No,True,False,False,6,True,438,High,📞 Contact Customer Immediately,"Unresolved Ticket, Repeat Complaints, Delayed Resolution"
T00725,C0153,Payment,Pending,2026-01-03,,179,James Thompson,Enterprise,West,Phone,2026-07-07,Active,No,,No,True,False,False,5,True,438,High,📞 Contact Customer Immediately,"Unresolved Ticket, Repeat Complaints, Delayed Resolution"
T00094,C0186,Login,Pending,2026-01-09,,173,Shannon Hughes,Enterprise,North,Email,2024-12-09,Active,Yes,L2,No,True,True,False,4,True,436,High,📞 Contact Customer Immediately,"Unresolved Ticket, Escalated Case, Repeat Complaints, Delayed Resolution"
T00964,C0250,Account,Open,2026-01-25,,157,Luke Perry,Enterprise,West,Chat,2025-07-09,Active,Yes,L2,No,True,True,False,7,True,434,High,📞 Contact Customer Immediately,"Unresolved Ticket, Escalated Case, Repeat Complaints, Delayed Resolution"
T00260,C0269,Billing,Open,2026-01-20,,162,Becky Bowman,Basic,West,Chat,2025-06-07,Active,Yes,L3,No,True,True,False,6,True,434,High,📞 Contact Customer Immediately,"Unresolved Ticket, Escalated Case, Repeat Complaints, Delayed Resolution"
T01612,C0339,Technical,Pending,2026-01-15,,167,Lucas Riggs,Basic,South,Email,2025-01-01,Active,Yes,L1,No,True,True,False,5,True,434,High,📞 Contact Customer Immediately,"Unresolved Ticket, Escalated Case, Repeat Complaints, Delayed Resolution"
T01506,C0496,Account,Open,2026-01-12,,170,William Griffin,Enterprise,West,Phone,2026-07-07,Active,No,,No,True,False,False,6,True,430,High,📞 Contact Customer Immediately,"Unresolved Ticket, Repeat Complaints, Delayed Resolution"
T01024,C0114,Technical,Open,2026-01-17,,165,Donna Thompson,Enterprise,South,Phone,2025-08-22,Active,Yes,L1,No,True,True,False,5,True,430,High,📞 Contact Customer Immediately,"Unresolved Ticket, Escalated Case, Repeat Complaints, Delayed Resolution"
T00441,C0078,Billing,Pending,2026-01-07,,175,David Benjamin,Enterprise,West,Email,2026-07-19,Active,Yes,L2,No,True,True,False,3,True,430,High,📞 Contact Customer Immediately,"Unresolved Ticket, Escalated Case, Repeat Complaints, Delayed Resolution"
T00081,C0147,Payment,Open,2026-01-13,,169,Sabrina Anderson,Basic,West,Email,2025-12-22,Active,No,,No,True,False,False,6,True,428,High,📞 Contact Customer Immediately,"Unresolved Ticket, Repeat Complaints, Delayed Resolution"
T00823,C0349,Login,Open,2026-01-08,,174,Allison Case,Enterprise,West,Phone,2025-06-20,Active,No,,No,True,False,False,5,True,428,High,📞 Contact Customer Immediately,"Unresolved Ticket, Repeat Complaints, Delayed Resolution"
T00910,C0062,Login,Open,2026-01-03,,179,Jeffrey Davies,Enterprise,West,Phone,2025-05-20,Cancelled,No,,Yes,True,False,True,4,True,428,High,📞 Contact Customer Immediately,"Unresolved Ticket, Repeat Complaints, Delayed Resolution"
T01791,C0438,Account,Pending,2026-01-03,,179,Kimberly Brown,Enterprise,East,Email,2024-08-18,Cancelled,No,,Yes,True,False,True,4,True,428,High,📞 Contact Customer Immediately,"Unresolved Ticket, Repeat Complaints, Delayed Resolution"
T00408,C0037,Account,Open,2026-01-04,,178,Caleb Howard,Premium,South,Email,2024-12-30,Active,No,,No,True,False,False,4,True,426,High,📞 Contact Customer Immediately,"Unresolved Ticket, Repeat Complaints, Delayed Resolution"
T01130,C0379,Account,Open,2026-01-30,,152,Holly Little,Premium,East,Phone,2026-06-11,Active,No,,No,True,False,False,9,True,424,High,📞 Contact Customer Immediately,"Unresolved Ticket, Repeat Complaints, Delayed Resolution"
T00655,C0243,Payment,Open,2026-01-30,,152,David Peters,Premium,East,Phone,2025-04-19,Cancelled,Yes,L1,Yes,True,True,True,7,True,424,High,📞 Contact Customer Immediately,"Unresolved Ticket, Escalated Case, Repeat Complaints, Delayed Resolution"
T00938,C0421,Payment,Open,2026-01-15,,167,Kimberly Smith,Basic,East,Email,2024-11-04,Active,No,,No,True,False,False,6,True,424,High,📞 Contact Customer Immediately,"Unresolved Ticket, Repeat Complaints, Delayed Resolution"
T00182,C0119,Account,Open,2026-01-10,,172,Paula Sims,Enterprise,North,Phone,2024-10-21,Active,No,,No,True,False,False,5,True,424,High,📞 Contact Customer Immediately,"Unresolved Ticket, Repeat Complaints, Delayed Resolution"
T01288,C0042,Account,Open,2026-01-15,,167,Derek Graham,Basic,North,Email,2025-07-14,Active,Yes,L3,No,True,True,False,4,True,424,High,📞 Contact Customer Immediately,"Unresolved Ticket, Escalated Case, Repeat Complaints, Delayed Resolution"
T00259,C0095,Account,Pending,2026-01-16,,166,Shane Howard DDS,Premium,West,Chat,2026-07-27,Active,No,,No,True,False,False,6,True,422,High,📞 Contact Customer Immediately,"Unresolved Ticket, Repeat Complaints, Delayed Resolution"
T01440,C0479,Account,Open,2026-01-16,,166,Kimberly Flores,Basic,East,Phone,2024-12-01,Active,No,,No,True,False,False,6,True,422,High,📞 Contact Customer Immediately,"Unresolved Ticket, Repeat Complaints, Delayed Resolution"
T00917,C0413,Login,Open,2026-01-06,,176,Pamela Campbell,Basic,North,Chat,2025-08-04,Active,No,,No,True,False,False,4,True,422,High,📞 Contact Customer Immediately,"Unresolved Ticket, Repeat Complaints, Delayed Resolution"
T00390,C0220,Billing,Open,2026-01-01,,181,Madeline Aguirre,Premium,West,Chat,2025-11-12,Active,No,,No,True,False,False,3,True,422,High,📞 Contact Customer Immediately,"Unresolved Ticket, Repeat Complaints, Delayed Resolution"
T01143,C0190,Account,Pending,2026-01-01,,181,Robert Lam,Premium,South,Chat,2025-03-19,Active,No,,No,True,False,False,3,True,422,High,📞 Contact Customer Immediately,"Unresolved Ticket, Repeat Complaints, Delayed Resolution"
T01597,C0401,Billing,Open,2026-01-11,,171,Lauren Paul,Premium,North,Email,2024-10-27,Active,Yes,L3,No,True,True,False,3,True,422,High,📞 Contact Customer Immediately,"Unresolved Ticket, Escalated Case, Repeat Complaints, Delayed Resolution"
T00109,C0067,Account,Open,2026-01-17,,165,Jonathan Anderson,Enterprise,East,Chat,2024-09-20,Active,No,,No,True,False,False,6,True,420,High,📞 Contact Customer Immediately,"Unresolved Ticket, Repeat Complaints, Delayed Resolution"
T01904,C0158,Login,Open,2026-01-23,,159,Robert Webb,Enterprise,East,Chat,2024-09-24,Active,No,,No,True,False,False,7,True,418,High,📞 Contact Customer Immediately,"Unresolved Ticket, Repeat Complaints, Delayed Resolution"
T00855,C0129,Account,Open,2026-01-13,,169,Zachary Harris,Basic,North,Chat,2026-08-06,Cancelled,No,,Yes,True,False,True,5,True,418,High,📞 Contact Customer Immediately,"Unresolved Ticket, Repeat Complaints, Delayed Resolution"
T00722,C0196,Login,Open,2026-01-08,,174,Debra Perry,Premium,South,Chat,2024-11-30,Cancelled,No,,Yes,True,False,True,4,True,418,High,📞 Contact Customer Immediately,"Unresolved Ticket, Repeat Complaints, Delayed Resolution"
T01212,C0224,Login,Open,2026-01-18,,164,Patricia Garrison,Basic,North,Phone,2025-09-24,Cancelled,Yes,L3,Yes,True,True,True,4,True,418,High,📞 Contact Customer Immediately,"Unresolved Ticket, Escalated Case, Repeat Complaints, Delayed Resolution"
T01401,C0016,Billing,Open,2026-01-18,,164,Jessica Dennis,Basic,West,Email,2026-04-24,Active,Yes,L2,No,True,True,False,4,True,418,High,📞 Contact Customer Immediately,"Unresolved Ticket, Escalated Case, Repeat Complaints, Delayed Resolution"
T00961,C0120,Payment,Open,2026-01-24,,158,Ashley Johnson,Enterprise,East,Phone,2024-10-25,Active,No,,No,True,False,False,7,True,416,High,📞 Contact Customer Immediately,"Unresolved Ticket, Repeat Complaints, Delayed Resolution"
T01510,C0477,Payment,Open,2026-02-03,,148,Paula Martinez,Enterprise,North,Phone,2025-07-18,Active,Yes,L3,No,True,True,False,7,True,416,High,📞 Contact Customer Immediately,"Unresolved Ticket, Escalated Case, Repeat Complaints, Delayed Resolution"
T01765,C0061,Technical,Open,2026-02-03,,148,David Mcgee,Enterprise,South,Email,2026-05-02,Cancelled,Yes,L2,Yes,True,True,True,7,True,416,High,📞 Contact Customer Immediately,"Unresolved Ticket, Escalated Case, Repeat Complaints, Delayed Resolution"
T00470,C0144,Login,Open,2026-01-09,,173,Kristin Wood,Premium,West,Phone,2025-05-08,Active,No,,No,True,False,False,4,True,416,High,📞 Contact Customer Immediately,"Unresolved Ticket, Repeat Complaints, Delayed Resolution"
T00901,C0099,Payment,Open,2026-01-04,,178,Rebecca Allen,Premium,North,Email,2026-01-30,Active,No,,No,True,False,False,3,True,416,High,📞 Contact Customer Immediately,"Unresolved Ticket, Repeat Complaints, Delayed Resolution"
T01180,C0028,Payment,Open,2026-01-30,,152,Jennifer Myers,Enterprise,South,Email,2026-06-27,Active,No,,No,True,False,False,8,True,414,High,📞 Contact Customer Immediately,"Unresolved Ticket, Repeat Complaints, Delayed Resolution"
T00396,C0071,Login,Open,2026-02-04,,147,Martha Valdez,Enterprise,South,Phone,2026-03-17,Cancelled,Yes,L1,Yes,True,True,True,7,True,414,High,📞 Contact Customer Immediately,"Unresolved Ticket, Escalated Case, Repeat Complaints, Delayed Resolution"
T00663,C0338,Account,Pending,2026-02-04,,147,Mary Thomas,Premium,South,Chat,2025-12-09,Active,Yes,L2,No,True,True,False,7,True,414,High,📞 Contact Customer Immediately,"Unresolved Ticket, Escalated Case, Repeat Complaints, Delayed Resolution"
T01676,C0325,Technical,Pending,2026-01-05,,177,Colleen Moyer,Basic,South,Phone,2025-06-28,Cancelled,No,,Yes,True,False,True,3,True,414,High,📞 Contact Customer Immediately,"Unresolved Ticket, Repeat Complaints, Delayed Resolution"
T00004,C0037,Login,Open,2026-01-11,,171,Caleb Howard,Premium,South,Email,2024-12-30,Active,No,,No,True,False,False,4,True,412,High,📞 Contact Customer Immediately,"Unresolved Ticket, Repeat Complaints, Delayed Resolution"
T01918,C0341,Account,Open,2026-01-11,,171,Antonio Potter,Enterprise,East,Email,2025-07-17,Cancelled,No,,Yes,True,False,True,4,True,412,High,📞 Contact Customer Immediately,"Unresolved Ticket, Repeat Complaints, Delayed Resolution"
T00276,C0440,Billing,Open,2026-01-11,,171,Kristin Mata,Basic,West,Phone,2025-01-05,Active,Yes,L2,No,True,True,False,2,False,412,High,📞 Contact Customer Immediately,"Unresolved Ticket, Escalated Case, Delayed Resolution"
T00026,C0053,Payment,Pending,2026-01-22,,160,Cory Greene,Premium,South,Email,2025-10-11,Active,No,,No,True,False,False,6,True,410,High,📞 Contact Customer Immediately,"Unresolved Ticket, Repeat Complaints, Delayed Resolution"
T00034,C0067,Account,Open,2026-01-22,,160,Jonathan Anderson,Enterprise,East,Chat,2024-09-20,Active,No,,No,True,False,False,6,True,410,High,📞 Contact Customer Immediately,"Unresolved Ticket, Repeat Complaints, Delayed Resolution"
T00076,C0324,Technical,Open,2026-01-17,,165,Robert Coffey,Enterprise,West,Chat,2026-04-02,Active,No,,No,True,False,False,5,True,410,High,📞 Contact Customer Immediately,"Unresolved Ticket, Repeat Complaints, Delayed Resolution"
T00340,C0106,Payment,Open,2026-01-17,,165,John Ibarra,Enterprise,North,Phone,2025-05-03,Active,No,,No,True,False,False,5,True,410,High,📞 Contact Customer Immediately,"Unresolved Ticket, Repeat Complaints, Delayed Resolution"
T01953,C0395,Payment,Open,2026-02-02,,149,Billy Jones,Premium,East,Phone,2025-03-09,Cancelled,Yes,L2,Yes,True,True,True,6,True,408,High,📞 Contact Customer Immediately,"Unresolved Ticket, Escalated Case, Repeat Complaints, Delayed Resolution"
T00686,C0214,Payment,Pending,2026-01-14,,168,Jessica Lowe,Enterprise,North,Chat,2024-12-17,Active,No,,No,True,False,False,4,True,406,High,📞 Contact Customer Immediately,"Unresolved Ticket, Repeat Complaints, Delayed Resolution"
T01048,C0002,Account,Open,2026-01-04,,178,Carolyn Olsen,Enterprise,East,Email,2026-05-17,Active,No,,No,True,False,False,2,False,406,High,📞 Contact Customer Immediately,"Unresolved Ticket, Delayed Resolution"
T01863,C0258,Account,Open,2026-01-04,,178,Jeffrey Mayer,Premium,West,Chat,2024-10-23,Cancelled,No,,Yes,True,False,True,2,False,406,High,📞 Contact Customer Immediately,"Unresolved Ticket, Delayed Resolution"
T00714,C0013,Login,Open,2026-01-10,,172,Joseph Nichols,Premium,North,Chat,2026-03-22,Cancelled,No,,Yes,True,False,True,3,True,404,High,📞 Contact Customer Immediately,"Unresolved Ticket, Repeat Complaints, Delayed Resolution"
T00252,C0289,Technical,Open,2026-01-05,,177,Jonathan Fox,Enterprise,North,Email,2024-10-29,Active,No,,No,True,False,False,2,False,404,High,📞 Contact Customer Immediately,"Unresolved Ticket, Delayed Resolution"
T01971,C0108,Technical,Open,2026-02-20,,131,Eric Garcia,Enterprise,East,Chat,2025-04-24,Active,No,,No,True,False,False,11,True,402,High,📞 Contact Customer Immediately,"Unresolved Ticket, Repeat Complaints, Delayed Resolution"
T00691,C0096,Technical,Open,2026-01-31,,151,Mrs. Ashley Palmer,Premium,West,Email,2025-12-07,Active,Yes,L3,No,True,True,False,5,True,402,High,📞 Contact Customer Immediately,"Unresolved Ticket, Escalated Case, Repeat Complaints, Delayed Resolution"
T00833,C0183,Technical,Open,2026-01-31,,151,Valerie Wood,Premium,South,Phone,2026-01-02,Active,Yes,L2,No,True,True,False,5,True,402,High,📞 Contact Customer Immediately,"Unresolved Ticket, Escalated Case, Repeat Complaints, Delayed Resolution"
T01475,C0368,Login,Open,2026-01-26,,156,Paige Larsen,Basic,East,Email,2026-08-04,Active,Yes,L1,No,True,True,False,4,True,402,High,📞 Contact Customer Immediately,"Unresolved Ticket, Escalated Case, Repeat Complaints, Delayed Resolution"
T01764,C0452,Login,Open,2026-01-17,,165,Ana Mathis,Premium,East,Chat,2024-11-09,Active,No,,No,True,False,False,4,True,400,High,📞 Contact Customer Immediately,"Unresolved Ticket, Repeat Complaints, Delayed Resolution"
T01123,C0053,Login,Open,2026-01-28,,154,Cory Greene,Premium,South,Email,2025-10-11,Active,No,,No,True,False,False,6,True,398,High,📞 Contact Customer Immediately,"Unresolved Ticket, Repeat Complaints, Delayed Resolution"
T00363,C0135,Payment,Open,2026-01-23,,159,Vickie Guerrero,Basic,East,Phone,2025-07-16,Active,Yes,L1,No,True,True,False,3,True,398,High,📞 Contact Customer Immediately,"Unresolved Ticket, Escalated Case, Repeat Complaints, Delayed Resolution"
T01289,C0264,Payment,Open,2026-01-29,,153,Monique Peterson,Enterprise,East,Chat,2025-11-08,Active,No,,No,True,False,False,6,True,396,High,📞 Contact Customer Immediately,"Unresolved Ticket, Repeat Complaints, Delayed Resolution"
T00694,C0170,Login,Open,2026-02-09,,142,Jaime Medina,Enterprise,South,Phone,2026-07-25,Active,No,,No,True,False,False,8,True,394,High,📞 Contact Customer Immediately,"Unresolved Ticket, Repeat Complaints, Delayed Resolution"
T00713,C0332,Billing,Open,2026-02-09,,142,Amber Hart,Basic,West,Email,2025-08-25,Cancelled,No,,Yes,True,False,True,8,True,394,High,📞 Contact Customer Immediately,"Unresolved Ticket, Repeat Complaints, Delayed Resolution"
T00115,C0222,Account,Pending,2026-01-15,,167,Kevin Rose,Premium,North,Phone,2026-02-05,Active,No,,No,True,False,False,3,True,394,High,📞 Contact Customer Immediately,"Unresolved Ticket, Repeat Complaints, Delayed Resolution"
T00104,C0278,Payment,Open,2026-02-10,,141,Morgan Trujillo,Premium,West,Chat,2026-01-12,Active,Yes,L2,No,True,True,False,6,True,392,High,📞 Contact Customer Immediately,"Unresolved Ticket, Escalated Case, Repeat Complaints, Delayed Resolution"
T01640,C0496,Account,Open,2026-01-31,,151,William Griffin,Enterprise,West,Phone,2026-07-07,Active,No,,No,True,False,False,6,True,392,High,📞 Contact Customer Immediately,"Unresolved Ticket, Repeat Complaints, Delayed Resolution"
T01787,C0403,Payment,Pending,2026-01-26,,156,Dr. Kevin Scott DDS,Premium,North,Chat,2026-05-06,Active,No,,No,True,False,False,5,True,392,High,📞 Contact Customer Immediately,"Unresolved Ticket, Repeat Complaints, Delayed Resolution"
T01206,C0315,Billing,Pending,2026-03-08,,115,Keith Munoz,Premium,North,Chat,2026-03-22,Active,Yes,L2,No,True,True,False,11,True,390,High,📞 Contact Customer Immediately,"Unresolved Ticket, Escalated Case, Repeat Complaints, Delayed Resolution"
T00361,C0280,Technical,Pending,2026-01-27,,155,Donna Johnson,Premium,North,Email,2025-02-20,Active,No,,No,True,False,False,5,True,390,High,📞 Contact Customer Immediately,"Unresolved Ticket, Repeat Complaints, Delayed Resolution"
T00274,C0029,Billing,Open,2026-01-22,,160,Sarah Williams,Premium,West,Chat,2026-04-20,Active,No,,No,True,False,False,4,True,390,High,📞 Contact Customer Immediately,"Unresolved Ticket, Repeat Complaints, Delayed Resolution"
T00831,C0377,Technical,Open,2026-02-22,,129,Carmen Pitts,Premium,North,Chat,2024-12-22,Active,No,,No,True,False,False,10,True,388,High,📞 Contact Customer Immediately,"Unresolved Ticket, Repeat Complaints, Delayed Resolution"
T00043,C0426,Account,Open,2026-02-12,,139,Christopher Sampson,Basic,West,Email,2025-07-04,Active,No,,No,True,False,False,8,True,388,High,📞 Contact Customer Immediately,"Unresolved Ticket, Repeat Complaints, Delayed Resolution"
T01463,C0494,Payment,Open,2026-02-07,,144,Michael Jacobs,Basic,East,Chat,2026-07-15,Active,Yes,L2,No,True,True,False,5,True,388,High,📞 Contact Customer Immediately,"Unresolved Ticket, Escalated Case, Repeat Complaints, Delayed Resolution"
T00315,C0225,Payment,Open,2026-01-18,,164,Dawn Branch,Basic,North,Email,2025-09-23,Active,No,,No,True,False,False,3,True,388,High,📞 Contact Customer Immediately,"Unresolved Ticket, Repeat Complaints, Delayed Resolution"
T01379,C0112,Technical,Pending,2026-02-13,,138,Seth Brewer,Premium,North,Email,2025-12-02,Active,No,,No,True,False,False,8,True,386,High,📞 Contact Customer Immediately,"Unresolved Ticket, Repeat Complaints, Delayed Resolution"
T00539,C0301,Account,Open,2026-01-29,,153,Benjamin Price,Basic,South,Phone,2025-02-23,Cancelled,No,,Yes,True,False,True,5,True,386,High,📞 Contact Customer Immediately,"Unresolved Ticket, Repeat Complaints, Delayed Resolution"
T00416,C0262,Technical,Pending,2026-02-09,,142,James Bruce,Enterprise,East,Chat,2025-01-19,Cancelled,Yes,L3,Yes,True,True,True,5,True,384,High,📞 Contact Customer Immediately,"Unresolved Ticket, Escalated Case, Repeat Complaints, Delayed Resolution"
T00237,C0440,Technical,Open,2026-01-15,,167,Kristin Mata,Basic,West,Phone,2025-01-05,Active,No,,No,True,False,False,2,False,384,High,📞 Contact Customer Immediately,"Unresolved Ticket, Delayed Resolution"
T00479,C0184,Account,Pending,2026-02-10,,141,Lisa Smith,Enterprise,West,Chat,2024-11-01,Active,No,,No,True,False,False,7,True,382,High,📞 Contact Customer Immediately,"Unresolved Ticket, Repeat Complaints, Delayed Resolution"
T00106,C0115,Billing,Pending,2026-02-05,,146,Duane Rice,Premium,South,Chat,2025-08-30,Active,No,,No,True,False,False,6,True,382,High,📞 Contact Customer Immediately,"Unresolved Ticket, Repeat Complaints, Delayed Resolution"
T01195,C0327,Billing,Open,2026-01-31,,151,Dennis Lopez,Premium,North,Email,2025-09-06,Active,No,,No,True,False,False,5,True,382,High,📞 Contact Customer Immediately,"Unresolved Ticket, Repeat Complaints, Delayed Resolution"
T01142,C0434,Technical,Open,2026-01-16,,166,Joseph Khan,Basic,South,Phone,2024-08-28,Active,No,,No,True,False,False,2,False,382,High,📞 Contact Customer Immediately,"Unresolved Ticket, Delayed Resolution"
T00510,C0176,Technical,Open,2026-02-11,,140,Samuel Johnson,Basic,West,Phone,2025-12-14,Active,Yes,L1,No,True,True,False,5,True,380,High,📞 Contact Customer Immediately,"Unresolved Ticket, Escalated Case, Repeat Complaints, Delayed Resolution"
T00789,C0393,Technical,Pending,2026-01-22,,160,Jill Massey,Premium,North,Phone,2026-05-04,Active,No,,No,True,False,False,3,True,380,High,📞 Contact Customer Immediately,"Unresolved Ticket, Repeat Complaints, Delayed Resolution"
T01410,C0338,Payment,Open,2026-02-12,,139,Mary Thomas,Premium,South,Chat,2025-12-09,Active,No,,No,True,False,False,7,True,378,High,📞 Contact Customer Immediately,"Unresolved Ticket, Repeat Complaints, Delayed Resolution"
T00171,C0420,Payment,Pending,2026-02-07,,144,Paul Wilson,Enterprise,West,Chat,2026-07-27,Active,No,,No,True,False,False,6,True,378,High,📞 Contact Customer Immediately,"Unresolved Ticket, Repeat Complaints, Delayed Resolution"
T00869,C0086,Technical,Open,2026-02-02,,149,James Hooper,Enterprise,West,Email,2024-11-29,Cancelled,No,,Yes,True,False,True,5,True,378,High,📞 Contact Customer Immediately,"Unresolved Ticket, Repeat Complaints, Delayed Resolution"
T01743,C0160,Account,Open,2026-02-07,,144,Eric Shepherd,Enterprise,South,Chat,2024-11-14,Cancelled,Yes,L1,Yes,True,True,True,4,True,378,High,📞 Contact Customer Immediately,"Unresolved Ticket, Escalated Case, Repeat Complaints, Delayed Resolution"
T00982,C0305,Billing,Open,2026-02-13,,138,John Lowe,Basic,West,Phone,2026-05-24,Active,No,,No,True,False,False,7,True,376,High,📞 Contact Customer Immediately,"Unresolved Ticket, Repeat Complaints, Delayed Resolution"
T01516,C0378,Login,Open,2026-02-08,,143,Cody Rush,Premium,South,Email,2025-10-31,Active,No,,No,True,False,False,6,True,376,High,📞 Contact Customer Immediately,"Unresolved Ticket, Repeat Complaints, Delayed Resolution"
T01279,C0355,Login,Pending,2026-02-03,,148,Travis Davila,Premium,North,Phone,2026-07-17,Active,No,,No,True,False,False,5,True,376,High,📞 Contact Customer Immediately,"Unresolved Ticket, Repeat Complaints, Delayed Resolution"
T01595,C0410,Login,Pending,2026-01-29,,153,Krista Webb,Basic,North,Phone,2025-04-01,Active,No,,No,True,False,False,4,True,376,High,📞 Contact Customer Immediately,"Unresolved Ticket, Repeat Complaints, Delayed Resolution"
T00371,C0444,Technical,Open,2026-02-03,,148,Suzanne Brown,Enterprise,South,Phone,2026-05-20,Cancelled,Yes,L1,Yes,True,True,True,3,True,376,High,📞 Contact Customer Immediately,"Unresolved Ticket, Escalated Case, Repeat Complaints, Delayed Resolution"
T00377,C0298,Billing,Open,2026-01-24,,158,April Foster,Premium,North,Phone,2025-10-26,Active,No,,No,True,False,False,3,True,376,High,📞 Contact Customer Immediately,"Unresolved Ticket, Repeat Complaints, Delayed Resolution"
T00533,C0486,Technical,Pending,2026-02-19,,132,Alexander Glenn,Basic,East,Chat,2025-07-15,Active,Yes,L2,No,True,True,False,6,True,374,High,📞 Contact Customer Immediately,"Unresolved Ticket, Escalated Case, Repeat Complaints, Delayed Resolution"
T00958,C0285,Account,Pending,2026-02-09,,142,Samantha Benton,Premium,South,Phone,2024-09-01,Active,No,,No,True,False,False,6,True,374,High,📞 Contact Customer Immediately,"Unresolved Ticket, Repeat Complaints, Delayed Resolution"
T01351,C0164,Login,Open,2026-02-04,,147,Christopher Atkins,Premium,East,Phone,2025-06-01,Active,No,,No,True,False,False,5,True,374,High,📞 Contact Customer Immediately,"Unresolved Ticket, Repeat Complaints, Delayed Resolution"
T01422,C0467,Billing,Open,2026-01-30,,152,Dr. Alexis Peterson MD,Enterprise,East,Phone,2025-12-15,Active,No,,No,True,False,False,4,True,374,High,📞 Contact Customer Immediately,"Unresolved Ticket, Repeat Complaints, Delayed Resolution"
T00851,C0285,Login,Open,2026-02-20,,131,Samantha Benton,Premium,South,Phone,2024-09-01,Active,Yes,L1,No,True,True,False,6,True,372,High,📞 Contact Customer Immediately,"Unresolved Ticket, Escalated Case, Repeat Complaints, Delayed Resolution"
T00743,C0431,Payment,Open,2026-02-05,,146,Mary Harrington,Enterprise,South,Phone,2025-01-19,Cancelled,No,,Yes,True,False,True,5,True,372,High,📞 Contact Customer Immediately,"Unresolved Ticket, Repeat Complaints, Delayed Resolution"
T00766,C0186,Account,Open,2026-01-31,,151,Shannon Hughes,Enterprise,North,Email,2024-12-09,Active,No,,No,True,False,False,4,True,372,High,📞 Contact Customer Immediately,"Unresolved Ticket, Repeat Complaints, Delayed Resolution"
T00118,C0178,Account,Open,2026-01-21,,161,Karen Murphy,Enterprise,East,Email,2024-08-28,Cancelled,No,,Yes,True,False,True,2,False,372,High,📞 Contact Customer Immediately,"Unresolved Ticket, Delayed Resolution"
T00582,C0372,Account,Open,2026-02-16,,135,Zoe Rich,Enterprise,South,Email,2026-06-20,Active,No,,No,True,False,False,7,True,370,High,📞 Contact Customer Immediately,"Unresolved Ticket, Repeat Complaints, Delayed Resolution"
T01536,C0046,Billing,Open,2026-02-11,,140,Joseph White,Premium,North,Phone,2026-02-17,Active,No,,No,True,False,False,6,True,370,High,📞 Contact Customer Immediately,"Unresolved Ticket, Repeat Complaints, Delayed Resolution"
T00445,C0215,Login,Pending,2026-02-06,,145,Roy Wilkinson,Enterprise,North,Email,2025-03-24,Active,No,,No,True,False,False,5,True,370,High,📞 Contact Customer Immediately,"Unresolved Ticket, Repeat Complaints, Delayed Resolution"
T01892,C0037,Login,Open,2026-02-01,,150,Caleb Howard,Premium,South,Email,2024-12-30,Active,No,,No,True,False,False,4,True,370,High,📞 Contact Customer Immediately,"Unresolved Ticket, Repeat Complaints, Delayed Resolution"
T01117,C0241,Technical,Pending,2026-02-06,,145,Ryan Hancock,Enterprise,East,Email,2024-09-30,Active,Yes,L2,No,True,True,False,3,True,370,High,📞 Contact Customer Immediately,"Unresolved Ticket, Escalated Case, Repeat Complaints, Delayed Resolution"
T00289,C0152,Technical,Open,2026-01-22,,160,Robert Baker,Premium,East,Phone,2026-05-13,Active,No,,No,True,False,False,2,False,370,High,📞 Contact Customer Immediately,"Unresolved Ticket, Delayed Resolution"
T00496,C0356,Account,Open,2026-02-27,,124,Rachael Underwood,Basic,West,Phone,2026-05-26,Cancelled,No,,Yes,True,False,True,9,True,368,High,📞 Contact Customer Immediately,"Unresolved Ticket, Repeat Complaints, Delayed Resolution"
T01806,C0294,Login,Pending,2026-02-22,,129,Kristin Cox,Premium,West,Phone,2025-03-09,Active,No,,No,True,False,False,8,True,368,High,📞 Contact Customer Immediately,"Unresolved Ticket, Repeat Complaints, Delayed Resolution"
T00643,C0435,Login,Open,2026-02-12,,139,Robert Johnson,Premium,South,Email,2026-06-13,Active,No,,No,True,False,False,6,True,368,High,📞 Contact Customer Immediately,"Unresolved Ticket, Repeat Complaints, Delayed Resolution"
T01901,C0266,Technical,Open,2026-02-12,,139,Ian Cline,Premium,East,Email,2025-08-16,Active,No,,No,True,False,False,6,True,368,High,📞 Contact Customer Immediately,"Unresolved Ticket, Repeat Complaints, Delayed Resolution"
T00513,C0016,Login,Pending,2026-02-12,,139,Jessica Dennis,Basic,West,Email,2026-04-24,Active,Yes,L1,No,True,True,False,4,True,368,High,📞 Contact Customer Immediately,"Unresolved Ticket, Escalated Case, Repeat Complaints, Delayed Resolution"
T00915,C0360,Account,Open,2026-02-02,,149,Jennifer Gomez,Basic,East,Phone,2025-04-23,Active,No,,No,True,False,False,4,True,368,High,📞 Contact Customer Immediately,"Unresolved Ticket, Repeat Complaints, Delayed Resolution"
T00550,C0351,Billing,Pending,2026-02-28,,123,Raymond Freeman,Enterprise,South,Chat,2026-07-24,Cancelled,Yes,L3,Yes,True,True,True,7,True,366,High,📞 Contact Customer Immediately,"Unresolved Ticket, Escalated Case, Repeat Complaints, Delayed Resolution"
T01494,C0061,Technical,Open,2026-02-18,,133,David Mcgee,Enterprise,South,Email,2026-05-02,Cancelled,No,,Yes,True,False,True,7,True,366,High,📞 Contact Customer Immediately,"Unresolved Ticket, Repeat Complaints, Delayed Resolution"
T01489,C0102,Payment,Open,2026-02-13,,138,Katie Robinson,Enterprise,North,Email,2025-01-06,Active,No,,No,True,False,False,6,True,366,High,📞 Contact Customer Immediately,"Unresolved Ticket, Repeat Complaints, Delayed Resolution"
T00674,C0352,Payment,Pending,2026-02-03,,148,Jason Anderson,Basic,South,Phone,2024-11-25,Active,No,,No,True,False,False,4,True,366,High,📞 Contact Customer Immediately,"Unresolved Ticket, Repeat Complaints, Delayed Resolution"
T01949,C0175,Account,Pending,2026-01-30,,152,Nicole Wood,Premium,West,Phone,2025-04-03,Active,No,,No,True,False,False,3,True,364,High,📞 Contact Customer Immediately,"Unresolved Ticket, Repeat Complaints, Delayed Resolution"
T00179,C0494,Account,Pending,2026-02-10,,141,Michael Jacobs,Basic,East,Chat,2026-07-15,Active,No,,No,True,False,False,5,True,362,High,📞 Contact Customer Immediately,"Unresolved Ticket, Repeat Complaints, Delayed Resolution"
T00338,C0203,Billing,Open,2026-02-20,,131,Gina Taylor,Premium,West,Chat,2026-05-07,Active,Yes,L3,No,True,True,False,5,True,362,High,📞 Contact Customer Immediately,"Unresolved Ticket, Escalated Case, Repeat Complaints, Delayed Resolution"
T01962,C0359,Billing,Pending,2026-02-15,,136,Mrs. Natalie Guerra DVM,Enterprise,West,Phone,2025-08-11,Active,Yes,L2,No,True,True,False,4,True,362,High,📞 Contact Customer Immediately,"Unresolved Ticket, Escalated Case, Repeat Complaints, Delayed Resolution"
T01057,C0056,Login,Pending,2026-02-11,,140,Carrie Russell,Premium,West,Email,2025-09-22,Active,No,,No,True,False,False,5,True,360,High,📞 Contact Customer Immediately,"Unresolved Ticket, Repeat Complaints, Delayed Resolution"
T01265,C0324,Payment,Pending,2026-02-21,,130,Robert Coffey,Enterprise,West,Chat,2026-04-02,Active,Yes,L2,No,True,True,False,5,True,360,High,📞 Contact Customer Immediately,"Unresolved Ticket, Escalated Case, Repeat Complaints, Delayed Resolution"
T01876,C0325,Technical,Pending,2026-02-02,,149,Colleen Moyer,Basic,South,Phone,2025-06-28,Cancelled,No,,Yes,True,False,True,3,True,358,High,📞 Contact Customer Immediately,"Unresolved Ticket, Repeat Complaints, Delayed Resolution"
T01720,C0354,Login,Pending,2026-03-05,,118,Natalie Simmons,Premium,North,Phone,2025-11-19,Active,No,,No,True,False,False,9,True,356,High,📞 Contact Customer Immediately,"Unresolved Ticket, Repeat Complaints, Delayed Resolution"
T01491,C0077,Billing,Pending,2026-02-13,,138,Kristina Brown,Enterprise,South,Phone,2026-04-14,Active,No,,No,True,False,False,5,True,356,High,📞 Contact Customer Immediately,"Unresolved Ticket, Repeat Complaints, Delayed Resolution"
T01839,C0064,Account,Open,2026-02-13,,138,Holly Navarro,Enterprise,West,Email,2026-06-17,Active,No,,No,True,False,False,5,True,356,High,📞 Contact Customer Immediately,"Unresolved Ticket, Repeat Complaints, Delayed Resolution"
T01693,C0169,Billing,Pending,2026-02-04,,147,Jason Gomez,Enterprise,West,Phone,2025-11-14,Cancelled,No,,Yes,True,False,True,3,True,354,High,📞 Contact Customer Immediately,"Unresolved Ticket, Repeat Complaints, Delayed Resolution"
T00147,C0481,Payment,Open,2026-02-20,,131,Regina Freeman,Basic,South,Email,2024-09-02,Active,Yes,L3,No,True,True,False,4,True,352,High,📞 Contact Customer Immediately,"Unresolved Ticket, Escalated Case, Repeat Complaints, Delayed Resolution"
T00384,C0009,Billing,Pending,2026-02-10,,141,Martha Butler PhD,Premium,East,Email,2025-07-31,Active,No,,No,True,False,False,4,True,352,High,📞 Contact Customer Immediately,"Unresolved Ticket, Repeat Complaints, Delayed Resolution"
T00481,C0418,Billing,Open,2026-02-26,,125,Nicole Torres,Enterprise,South,Chat,2025-09-01,Active,Yes,L3,No,True,True,False,5,True,350,High,📞 Contact Customer Immediately,"Unresolved Ticket, Escalated Case, Repeat Complaints, Delayed Resolution"
T01268,C0215,Technical,Open,2026-02-26,,125,Roy Wilkinson,Enterprise,North,Email,2025-03-24,Active,Yes,L2,No,True,True,False,5,True,350,High,📞 Contact Customer Immediately,"Unresolved Ticket, Escalated Case, Repeat Complaints, Delayed Resolution"
T01583,C0335,Payment,Open,2026-02-11,,140,Sara Clarke,Enterprise,East,Phone,2025-12-07,Active,No,,No,True,False,False,4,True,350,High,📞 Contact Customer Immediately,"Unresolved Ticket, Repeat Complaints, Delayed Resolution"
T01638,C0375,Login,Open,2026-02-06,,145,Nicholas Vincent,Enterprise,South,Email,2025-02-22,Active,No,,No,True,False,False,3,True,350,High,📞 Contact Customer Immediately,"Unresolved Ticket, Repeat Complaints, Delayed Resolution"
T00184,C0429,Login,Open,2026-02-17,,134,Chad Lane,Premium,South,Email,2025-08-06,Active,No,,No,True,False,False,5,True,348,High,📞 Contact Customer Immediately,"Unresolved Ticket, Repeat Complaints, Delayed Resolution"
T01738,C0405,Technical,Pending,2026-02-02,,149,Nicole Garcia,Basic,West,Chat,2025-10-24,Active,No,,No,True,False,False,2,False,348,High,📞 Contact Customer Immediately,"Unresolved Ticket, Delayed Resolution"
T00314,C0488,Login,Pending,2026-02-23,,128,Sean Pollard,Enterprise,North,Email,2024-10-28,Active,No,,No,True,False,False,6,True,346,High,📞 Contact Customer Immediately,"Unresolved Ticket, Repeat Complaints, Delayed Resolution"
T00738,C0414,Payment,Pending,2026-02-13,,138,Jon Romero,Premium,North,Email,2026-03-23,Cancelled,No,,Yes,True,False,True,4,True,346,High,📞 Contact Customer Immediately,"Unresolved Ticket, Repeat Complaints, Delayed Resolution"
T00241,C0048,Account,Open,2026-02-18,,133,Edgar Townsend,Enterprise,East,Phone,2024-08-28,Active,Yes,L1,No,True,True,False,3,True,346,High,📞 Contact Customer Immediately,"Unresolved Ticket, Escalated Case, Repeat Complaints, Delayed Resolution"
T00963,C0371,Payment,Open,2026-02-14,,137,Summer Barber,Enterprise,West,Phone,2024-09-27,Active,No,,No,True,False,False,4,True,344,High,📞 Contact Customer Immediately,"Unresolved Ticket, Repeat Complaints, Delayed Resolution"
T01156,C0296,Login,Open,2026-03-02,,121,Marie Chavez,Basic,South,Chat,2025-01-22,Active,No,,No,True,False,False,7,True,342,High,📞 Contact Customer Immediately,"Unresolved Ticket, Repeat Complaints, Delayed Resolution"
T00011,C0446,Payment,Open,2026-02-26,,125,Megan Cruz,Enterprise,North,Email,2026-06-15,Active,Yes,L2,No,True,True,False,4,True,340,High,📞 Contact Customer Immediately,"Unresolved Ticket, Escalated Case, Repeat Complaints, Delayed Resolution"
T01669,C0031,Account,Pending,2026-02-16,,135,Jennifer Wyatt,Premium,North,Email,2024-09-04,Active,No,,No,True,False,False,4,True,340,High,📞 Contact Customer Immediately,"Unresolved Ticket, Repeat Complaints, Delayed Resolution"
T01837,C0072,Login,Open,2026-02-11,,140,Julie Reyes,Basic,North,Email,2024-12-21,Active,No,,No,True,False,False,3,True,340,High,📞 Contact Customer Immediately,"Unresolved Ticket, Repeat Complaints, Delayed Resolution"
T00776,C0074,Account,Open,2026-02-16,,135,Ronald Morse,Basic,North,Chat,2024-09-01,Cancelled,Yes,L3,Yes,True,True,True,2,False,340,High,📞 Contact Customer Immediately,"Unresolved Ticket, Escalated Case, Delayed Resolution"
T00704,C0464,Account,Pending,2026-03-04,,119,Misty Strong,Premium,North,Phone,2026-06-18,Active,No,,No,True,False,False,7,True,338,High,📞 Contact Customer Immediately,"Unresolved Ticket, Repeat Complaints, Delayed Resolution"
T01026,C0353,Payment,Open,2026-03-05,,118,Tyler Dean,Enterprise,East,Email,2025-02-06,Active,No,,No,True,False,False,7,True,336,High,📞 Contact Customer Immediately,"Unresolved Ticket, Repeat Complaints, Delayed Resolution"
T01564,C0357,Technical,Open,2026-02-23,,128,Kimberly Sullivan,Basic,North,Chat,2026-06-08,Cancelled,No,,Yes,True,False,True,5,True,336,High,📞 Contact Customer Immediately,"Unresolved Ticket, Repeat Complaints, Delayed Resolution"
T01523,C0428,Technical,Open,2026-03-11,,112,Kristin Sellers,Enterprise,North,Email,2025-09-14,Active,No,,No,True,False,False,8,True,334,High,📞 Contact Customer Immediately,"Unresolved Ticket, Repeat Complaints, Delayed Resolution"
T01078,C0492,Billing,Open,2026-02-19,,132,Rachel Guerrero,Enterprise,West,Chat,2026-05-14,Active,No,,No,True,False,False,4,True,334,High,📞 Contact Customer Immediately,"Unresolved Ticket, Repeat Complaints, Delayed Resolution"
T01833,C0196,Payment,Open,2026-02-19,,132,Debra Perry,Premium,South,Chat,2024-11-30,Cancelled,No,,Yes,True,False,True,4,True,334,High,📞 Contact Customer Immediately,"Unresolved Ticket, Repeat Complaints, Delayed Resolution"
T00232,C0286,Account,Open,2026-02-14,,137,Elizabeth Rodriguez,Premium,West,Chat,2024-10-05,Cancelled,No,,Yes,True,False,True,3,True,334,High,📞 Contact Customer Immediately,"Unresolved Ticket, Repeat Complaints, Delayed Resolution"
T01804,C0291,Billing,Pending,2026-02-09,,142,Peter Hernandez,Enterprise,North,Email,2024-08-10,Active,No,,No,True,False,False,2,False,334,High,📞 Contact Customer Immediately,"Unresolved Ticket, Delayed Resolution"
T00203,C0388,Account,Open,2026-02-25,,126,Ryan Brooks,Enterprise,West,Chat,2025-11-04,Active,Yes,L2,No,True,True,False,3,True,332,High,📞 Contact Customer Immediately,"Unresolved Ticket, Escalated Case, Repeat Complaints, Delayed Resolution"
T00666,C0474,Account,Open,2026-02-15,,136,Matthew Small,Basic,East,Phone,2026-08-01,Active,No,,No,True,False,False,3,True,332,High,📞 Contact Customer Immediately,"Unresolved Ticket, Repeat Complaints, Delayed Resolution"
T01689,C0426,Technical,Open,2026-03-13,,110,Christopher Sampson,Basic,West,Email,2025-07-04,Active,No,,No,True,False,False,8,True,330,High,📞 Contact Customer Immediately,"Unresolved Ticket, Repeat Complaints, Delayed Resolution"
T00386,C0353,Technical,Open,2026-03-19,,104,Tyler Dean,Enterprise,East,Email,2025-02-06,Active,Yes,L1,No,True,True,False,7,True,328,High,📞 Contact Customer Immediately,"Unresolved Ticket, Escalated Case, Repeat Complaints, Delayed Resolution"
T00009,C0046,Login,Open,2026-03-04,,119,Joseph White,Premium,North,Phone,2026-02-17,Active,No,,No,True,False,False,6,True,328,High,📞 Contact Customer Immediately,"Unresolved Ticket, Repeat Complaints, Delayed Resolution"
T00440,C0376,Account,Open,2026-03-04,,119,Scott Woods,Premium,East,Chat,2025-05-10,Active,No,,No,True,False,False,6,True,328,High,📞 Contact Customer Immediately,"Unresolved Ticket, Repeat Complaints, Delayed Resolution"
T01003,C0484,Account,Pending,2026-02-27,,124,Dawn Wheeler,Enterprise,South,Chat,2025-07-24,Active,No,,No,True,False,False,5,True,328,High,📞 Contact Customer Immediately,"Unresolved Ticket, Repeat Complaints, Delayed Resolution"
T01179,C0108,Account,Open,2026-03-30,,93,Eric Garcia,Enterprise,East,Chat,2025-04-24,Active,No,,No,True,False,False,11,True,326,High,📞 Contact Customer Immediately,"Unresolved Ticket, Repeat Complaints, Delayed Resolution"
T00627,C0184,Login,Pending,2026-03-10,,113,Lisa Smith,Enterprise,West,Chat,2024-11-01,Active,No,,No,True,False,False,7,True,326,High,📞 Contact Customer Immediately,"Unresolved Ticket, Repeat Complaints, Delayed Resolution"
T00372,C0128,Technical,Open,2026-03-05,,118,Gregory Foster,Basic,West,Chat,2026-04-18,Active,No,,No,True,False,False,6,True,326,High,📞 Contact Customer Immediately,"Unresolved Ticket, Repeat Complaints, Delayed Resolution"
T01990,C0366,Billing,Open,2026-02-23,,128,Joseph Gonzalez,Basic,North,Chat,2025-06-26,Active,No,,No,True,False,False,4,True,326,High,📞 Contact Customer Immediately,"Unresolved Ticket, Repeat Complaints, Delayed Resolution"
T00660,C0111,Login,Open,2026-02-18,,133,Crystal Adams,Enterprise,East,Chat,2025-09-16,Active,No,,No,True,False,False,3,True,326,High,📞 Contact Customer Immediately,"Unresolved Ticket, Repeat Complaints, Delayed Resolution"
T01497,C0111,Payment,Open,2026-02-18,,133,Crystal Adams,Enterprise,East,Chat,2025-09-16,Active,No,,No,True,False,False,3,True,326,High,📞 Contact Customer Immediately,"Unresolved Ticket, Repeat Complaints, Delayed Resolution"
T01709,C0066,Payment,Pending,2026-02-28,,123,Colleen Jones,Premium,West,Phone,2024-08-26,Active,Yes,L1,No,True,True,False,3,True,326,High,📞 Contact Customer Immediately,"Unresolved Ticket, Escalated Case, Repeat Complaints, Delayed Resolution"
T01795,C0117,Technical,Open,2026-02-23,,128,Laura Berry,Premium,South,Chat,2025-10-26,Active,Yes,L1,No,True,True,False,2,False,326,High,📞 Contact Customer Immediately,"Unresolved Ticket, Escalated Case, Delayed Resolution"
T01163,C0351,Account,Open,2026-03-21,,102,Raymond Freeman,Enterprise,South,Chat,2026-07-24,Cancelled,Yes,L2,Yes,True,True,True,7,True,324,High,📞 Contact Customer Immediately,"Unresolved Ticket, Escalated Case, Repeat Complaints, Delayed Resolution"
T01341,C0103,Technical,Open,2026-03-16,,107,Gary Mccoy,Basic,North,Phone,2025-03-18,Active,Yes,L1,No,True,True,False,6,True,324,High,📞 Contact Customer Immediately,"Unresolved Ticket, Escalated Case, Repeat Complaints, Delayed Resolution"
T01629,C0290,Account,Open,2026-03-01,,122,Laura Henry,Enterprise,South,Chat,2024-09-05,Active,No,,No,True,False,False,5,True,324,High,📞 Contact Customer Immediately,"Unresolved Ticket, Repeat Complaints, Delayed Resolution"
T01472,C0163,Login,Open,2026-03-12,,111,Daniel Torres,Premium,North,Phone,2025-12-03,Cancelled,No,,Yes,True,False,True,7,True,322,High,📞 Contact Customer Immediately,"Unresolved Ticket, Repeat Complaints, Delayed Resolution"
T01456,C0129,Login,Open,2026-03-02,,121,Zachary Harris,Basic,North,Chat,2026-08-06,Cancelled,No,,Yes,True,False,True,5,True,322,High,📞 Contact Customer Immediately,"Unresolved Ticket, Repeat Complaints, Delayed Resolution"
T01647,C0025,Payment,Open,2026-02-25,,126,Shane Green,Enterprise,East,Phone,2025-03-25,Active,No,,No,True,False,False,4,True,322,High,📞 Contact Customer Immediately,"Unresolved Ticket, Repeat Complaints, Delayed Resolution"
T00850,C0417,Billing,Open,2026-03-02,,121,Michael Hawkins,Enterprise,West,Phone,2025-11-19,Active,Yes,L1,No,True,True,False,3,True,322,High,📞 Contact Customer Immediately,"Unresolved Ticket, Escalated Case, Repeat Complaints, Delayed Resolution"
T00221,C0428,Billing,Open,2026-03-18,,105,Kristin Sellers,Enterprise,North,Email,2025-09-14,Active,No,,No,True,False,False,8,True,320,High,📞 Contact Customer Immediately,"Unresolved Ticket, Repeat Complaints, Delayed Resolution"
T00535,C0104,Technical,Open,2026-03-08,,115,Elizabeth Taylor,Basic,West,Email,2026-03-06,Active,No,,No,True,False,False,6,True,320,High,📞 Contact Customer Immediately,"Unresolved Ticket, Repeat Complaints, Delayed Resolution"
T01449,C0015,Payment,Open,2026-03-13,,110,Keith Lawson,Enterprise,West,Phone,2026-05-18,Active,Yes,L1,No,True,True,False,5,True,320,High,📞 Contact Customer Immediately,"Unresolved Ticket, Escalated Case, Repeat Complaints, Delayed Resolution"
T01941,C0476,Payment,Pending,2026-03-13,,110,Michelle Lindsey,Enterprise,South,Chat,2024-10-31,Active,Yes,L1,No,True,True,False,5,True,320,High,📞 Contact Customer Immediately,"Unresolved Ticket, Escalated Case, Repeat Complaints, Delayed Resolution"
T00590,C0074,Payment,Open,2026-02-16,,135,Ronald Morse,Basic,North,Chat,2024-09-01,Cancelled,No,,Yes,True,False,True,2,False,320,High,📞 Contact Customer Immediately,"Unresolved Ticket, Delayed Resolution"
T00312,C0187,Billing,Pending,2026-02-21,,130,Robert Walter,Premium,South,Email,2025-08-13,Active,Yes,L1,No,True,True,False,1,False,320,High,📞 Contact Customer Immediately,"Unresolved Ticket, Escalated Case, Delayed Resolution"
T01092,C0058,Payment,Open,2026-02-21,,130,Jay Osborn,Basic,North,Email,2025-06-21,Active,Yes,L3,No,True,True,False,1,False,320,High,📞 Contact Customer Immediately,"Unresolved Ticket, Escalated Case, Delayed Resolution"
T01719,C0042,Account,Open,2026-02-27,,124,Derek Graham,Basic,North,Email,2025-07-14,Active,No,,No,True,False,False,4,True,318,High,📞 Contact Customer Immediately,"Unresolved Ticket, Repeat Complaints, Delayed Resolution"
T01947,C0495,Login,Open,2026-02-27,,124,James Harris,Basic,East,Phone,2025-02-05,Active,No,,No,True,False,False,4,True,318,High,📞 Contact Customer Immediately,"Unresolved Ticket, Repeat Complaints, Delayed Resolution"
T00220,C0271,Technical,Open,2026-02-27,,124,Kelly Christian,Basic,East,Email,2025-07-10,Active,Yes,L1,No,True,True,False,2,False,318,High,📞 Contact Customer Immediately,"Unresolved Ticket, Escalated Case, Delayed Resolution"
T01716,C0389,Billing,Open,2026-02-27,,124,Katherine Park,Basic,East,Email,2026-05-09,Active,Yes,L1,No,True,True,False,2,False,318,High,📞 Contact Customer Immediately,"Unresolved Ticket, Escalated Case, Delayed Resolution"
T01653,C0230,Technical,Open,2026-03-25,,98,Ricky Martin,Premium,East,Email,2025-08-22,Active,No,,No,True,False,False,9,True,316,High,📞 Contact Customer Immediately,"Unresolved Ticket, Repeat Complaints, Delayed Resolution"
T01723,C0409,Payment,Open,2026-03-05,,118,Shannon Donaldson MD,Basic,East,Phone,2026-07-10,Active,Yes,L2,No,True,True,False,3,True,316,High,📞 Contact Customer Immediately,"Unresolved Ticket, Escalated Case, Repeat Complaints, Delayed Resolution"
T01008,C0497,Payment,Pending,2026-03-26,,97,Daniel Ford,Enterprise,East,Email,2025-06-07,Active,Yes,L1,No,True,True,False,7,True,314,High,📞 Contact Customer Immediately,"Unresolved Ticket, Escalated Case, Repeat Complaints, Delayed Resolution"
T01028,C0377,Login,Open,2026-04-11,,81,Carmen Pitts,Premium,North,Chat,2024-12-22,Active,Yes,L3,No,True,True,False,10,True,312,High,📞 Contact Customer Immediately,"Unresolved Ticket, Escalated Case, Repeat Complaints, Delayed Resolution"
T01933,C0464,Billing,Open,2026-03-17,,106,Misty Strong,Premium,North,Phone,2026-06-18,Active,No,,No,True,False,False,7,True,312,High,📞 Contact Customer Immediately,"Unresolved Ticket, Repeat Complaints, Delayed Resolution"
T00144,C0259,Login,Open,2026-03-13,,110,Christina Ryan,Basic,North,Chat,2024-12-31,Active,No,,No,True,False,False,6,True,310,High,📞 Contact Customer Immediately,"Unresolved Ticket, Repeat Complaints, Delayed Resolution"
T01671,C0073,Login,Open,2026-03-08,,115,Joseph Castro,Enterprise,North,Email,2025-05-30,Active,No,,No,True,False,False,5,True,310,High,📞 Contact Customer Immediately,"Unresolved Ticket, Repeat Complaints, Delayed Resolution"
T00418,C0159,Login,Open,2026-03-03,,120,Steve Holder,Enterprise,North,Chat,2025-07-07,Cancelled,No,,Yes,True,False,True,4,True,310,High,📞 Contact Customer Immediately,"Unresolved Ticket, Repeat Complaints, Delayed Resolution"
T00049,C0271,Login,Pending,2026-02-21,,130,Kelly Christian,Basic,East,Email,2025-07-10,Active,No,,No,True,False,False,2,False,310,High,📞 Contact Customer Immediately,"Unresolved Ticket, Delayed Resolution"
T00548,C0011,Payment,Open,2026-03-19,,104,John Peterson,Premium,South,Email,2026-06-29,Active,No,,No,True,False,False,7,True,308,High,📞 Contact Customer Immediately,"Unresolved Ticket, Repeat Complaints, Delayed Resolution"
T01416,C0347,Payment,Open,2026-03-14,,109,Douglas Day,Basic,West,Email,2024-09-09,Active,No,,No,True,False,False,6,True,308,High,📞 Contact Customer Immediately,"Unresolved Ticket, Repeat Complaints, Delayed Resolution"
T00117,C0083,Payment,Pending,2026-02-27,,124,Darrell Allen,Basic,North,Email,2025-05-25,Active,No,,No,True,False,False,3,True,308,High,📞 Contact Customer Immediately,"Unresolved Ticket, Repeat Complaints, Delayed Resolution"
T00543,C0451,Payment,Open,2026-03-09,,114,Crystal Johnson,Basic,North,Email,2026-02-13,Active,Yes,L2,No,True,True,False,3,True,308,High,📞 Contact Customer Immediately,"Unresolved Ticket, Escalated Case, Repeat Complaints, Delayed Resolution"
T01369,C0108,Technical,Pending,2026-04-19,,73,Eric Garcia,Enterprise,East,Chat,2025-04-24,Active,Yes,L3,No,True,True,False,11,True,306,High,📞 Contact Customer Immediately,"Unresolved Ticket, Escalated Case, Repeat Complaints, Delayed Resolution"
T01088,C0305,Billing,Open,2026-03-20,,103,John Lowe,Basic,West,Phone,2026-05-24,Active,No,,No,True,False,False,7,True,306,High,📞 Contact Customer Immediately,"Unresolved Ticket, Repeat Complaints, Delayed Resolution"
T00310,C0496,Account,Open,2026-03-25,,98,William Griffin,Enterprise,West,Phone,2026-07-07,Active,Yes,L2,No,True,True,False,6,True,306,High,📞 Contact Customer Immediately,"Unresolved Ticket, Escalated Case, Repeat Complaints, Delayed Resolution"
T00960,C0136,Payment,Open,2026-03-05,,118,Daniel Small,Enterprise,South,Chat,2025-09-13,Active,No,,No,True,False,False,4,True,306,High,📞 Contact Customer Immediately,"Unresolved Ticket, Repeat Complaints, Delayed Resolution"
T00080,C0130,Billing,Open,2026-02-18,,133,Tracy Reilly,Basic,East,Email,2025-05-14,Cancelled,No,,Yes,True,False,True,1,False,306,High,📞 Contact Customer Immediately,"Unresolved Ticket, Delayed Resolution"
T01931,C0379,Account,Open,2026-03-31,,92,Holly Little,Premium,East,Phone,2026-06-11,Active,No,,No,True,False,False,9,True,304,High,📞 Contact Customer Immediately,"Unresolved Ticket, Repeat Complaints, Delayed Resolution"
T01446,C0015,Technical,Open,2026-03-21,,102,Keith Lawson,Enterprise,West,Phone,2026-05-18,Active,Yes,L2,No,True,True,False,5,True,304,High,📞 Contact Customer Immediately,"Unresolved Ticket, Escalated Case, Repeat Complaints, Delayed Resolution"
T00071,C0023,Login,Pending,2026-03-06,,117,Teresa Tran,Enterprise,East,Email,2026-03-31,Cancelled,No,,Yes,True,False,True,4,True,304,High,📞 Contact Customer Immediately,"Unresolved Ticket, Repeat Complaints, Delayed Resolution"
T01217,C0042,Login,Open,2026-03-16,,107,Derek Graham,Basic,North,Email,2025-07-14,Active,Yes,L3,No,True,True,False,4,True,304,High,📞 Contact Customer Immediately,"Unresolved Ticket, Escalated Case, Repeat Complaints, Delayed Resolution"
T00078,C0406,Technical,Open,2026-03-22,,101,Joseph Olson,Enterprise,East,Phone,2026-05-11,Active,No,,No,True,False,False,7,True,302,High,📞 Contact Customer Immediately,"Unresolved Ticket, Repeat Complaints, Delayed Resolution"
T00304,C0156,Billing,Pending,2026-03-27,,96,Thomas Khan,Enterprise,East,Email,2026-01-13,Active,Yes,L1,No,True,True,False,6,True,302,High,📞 Contact Customer Immediately,"Unresolved Ticket, Escalated Case, Repeat Complaints, Delayed Resolution"
T00815,C0179,Payment,Pending,2026-03-12,,111,Christopher Castro,Basic,East,Email,2025-10-21,Cancelled,No,,Yes,True,False,True,5,True,302,High,📞 Contact Customer Immediately,"Unresolved Ticket, Repeat Complaints, Delayed Resolution"
T01199,C0328,Login,Pending,2026-03-12,,111,Cassandra Robinson,Premium,South,Chat,2025-04-01,Active,No,,No,True,False,False,5,True,302,High,📞 Contact Customer Immediately,"Unresolved Ticket, Repeat Complaints, Delayed Resolution"
T00364,C0225,Billing,Open,2026-03-02,,121,Dawn Branch,Basic,North,Email,2025-09-23,Active,No,,No,True,False,False,3,True,302,High,📞 Contact Customer Immediately,"Unresolved Ticket, Repeat Complaints, Delayed Resolution"
T01145,C0057,Payment,Open,2026-03-02,,121,Jennifer Landry,Basic,East,Chat,2024-10-24,Active,No,,No,True,False,False,3,True,302,High,📞 Contact Customer Immediately,"Unresolved Ticket, Repeat Complaints, Delayed Resolution"
T01201,C0132,Technical,Open,2026-03-12,,111,Jordan Johnson,Enterprise,West,Phone,2025-11-30,Active,Yes,L3,No,True,True,False,3,True,302,High,📞 Contact Customer Immediately,"Unresolved Ticket, Escalated Case, Repeat Complaints, Delayed Resolution"
T01458,C0169,Account,Open,2026-03-02,,121,Jason Gomez,Enterprise,West,Phone,2025-11-14,Cancelled,No,,Yes,True,False,True,3,True,302,High,📞 Contact Customer Immediately,"Unresolved Ticket, Repeat Complaints, Delayed Resolution"
T01014,C0163,Technical,Open,2026-03-23,,100,Daniel Torres,Premium,North,Phone,2025-12-03,Cancelled,No,,Yes,True,False,True,7,True,300,High,📞 Contact Customer Immediately,"Unresolved Ticket, Repeat Complaints, Delayed Resolution"
T01160,C0073,Account,Pending,2026-03-13,,110,Joseph Castro,Enterprise,North,Email,2025-05-30,Active,No,,No,True,False,False,5,True,300,High,📞 Contact Customer Immediately,"Unresolved Ticket, Repeat Complaints, Delayed Resolution"
T00716,C0037,Account,Open,2026-03-08,,115,Caleb Howard,Premium,South,Email,2024-12-30,Active,No,,No,True,False,False,4,True,300,High,📞 Contact Customer Immediately,"Unresolved Ticket, Repeat Complaints, Delayed Resolution"
T00926,C0318,Payment,Open,2026-03-03,,120,Kathy Doyle,Premium,West,Phone,2024-12-22,Active,No,,No,True,False,False,3,True,300,High,📞 Contact Customer Immediately,"Unresolved Ticket, Repeat Complaints, Delayed Resolution"
T00133,C0149,Login,Open,2026-04-18,,74,Justin Miller,Premium,South,Email,2026-04-22,Active,Yes,L3,No,True,True,False,10,True,298,High,📞 Contact Customer Immediately,"Unresolved Ticket, Escalated Case, Repeat Complaints, Delayed Resolution"
T01216,C0188,Account,Open,2026-03-29,,94,Katherine Robinson,Enterprise,West,Email,2024-10-29,Cancelled,No,,Yes,True,False,True,8,True,298,High,📞 Contact Customer Immediately,"Unresolved Ticket, Repeat Complaints, Delayed Resolution"
T00696,C0027,Account,Open,2026-03-19,,104,Daniel Reed,Enterprise,South,Phone,2025-02-06,Cancelled,No,,Yes,True,False,True,6,True,298,High,📞 Contact Customer Immediately,"Unresolved Ticket, Repeat Complaints, Delayed Resolution"
T00846,C0138,Login,Pending,2026-03-29,,94,Tabitha Cain,Premium,North,Chat,2025-10-27,Active,Yes,L1,No,True,True,False,6,True,298,High,📞 Contact Customer Immediately,"Unresolved Ticket, Escalated Case, Repeat Complaints, Delayed Resolution"
T00950,C0392,Login,Open,2026-03-24,,99,Anthony Clark,Basic,North,Chat,2025-10-13,Active,Yes,L1,No,True,True,False,5,True,298,High,📞 Contact Customer Immediately,"Unresolved Ticket, Escalated Case, Repeat Complaints, Delayed Resolution"
T00195,C0229,Payment,Pending,2026-03-19,,104,Sean Hart,Basic,West,Phone,2025-02-18,Active,Yes,L2,No,True,True,False,4,True,298,High,📞 Contact Customer Immediately,"Unresolved Ticket, Escalated Case, Repeat Complaints, Delayed Resolution"
T01532,C0109,Billing,Open,2026-03-14,,109,Jeffrey Weber,Basic,East,Email,2026-03-22,Active,Yes,L3,No,True,True,False,3,True,298,High,📞 Contact Customer Immediately,"Unresolved Ticket, Escalated Case, Repeat Complaints, Delayed Resolution"
T01140,C0156,Login,Open,2026-03-30,,93,Thomas Khan,Enterprise,East,Email,2026-01-13,Active,Yes,L1,No,True,True,False,6,True,296,High,📞 Contact Customer Immediately,"Unresolved Ticket, Escalated Case, Repeat Complaints, Delayed Resolution"
T01920,C0309,Account,Pending,2026-03-10,,113,Amy Tran,Enterprise,East,Phone,2025-05-23,Active,No,,No,True,False,False,4,True,296,High,📞 Contact Customer Immediately,"Unresolved Ticket, Repeat Complaints, Delayed Resolution"
T01273,C0008,Login,Open,2026-03-05,,118,Allison Bartlett,Basic,West,Email,2026-05-21,Active,No,,No,True,False,False,3,True,296,High,📞 Contact Customer Immediately,"Unresolved Ticket, Repeat Complaints, Delayed Resolution"
T00055,C0485,Technical,Open,2026-03-31,,92,Robert Coleman,Premium,West,Chat,2025-12-10,Active,No,,No,True,False,False,8,True,294,High,📞 Contact Customer Immediately,"Unresolved Ticket, Repeat Complaints, Delayed Resolution"
T00622,C0119,Login,Pending,2026-03-17,,106,Paula Sims,Enterprise,North,Phone,2024-10-21,Active,No,,No,True,False,False,5,True,292,High,📞 Contact Customer Immediately,"Unresolved Ticket, Repeat Complaints, Delayed Resolution"
T01710,C0452,Account,Open,2026-03-12,,111,Ana Mathis,Premium,East,Chat,2024-11-09,Active,No,,No,True,False,False,4,True,292,High,📞 Contact Customer Immediately,"Unresolved Ticket, Repeat Complaints, Delayed Resolution"
T00952,C0393,Account,Pending,2026-03-07,,116,Jill Massey,Premium,North,Phone,2026-05-04,Active,No,,No,True,False,False,3,True,292,High,📞 Contact Customer Immediately,"Unresolved Ticket, Repeat Complaints, Delayed Resolution"
T01952,C0098,Login,Pending,2026-03-23,,100,Frank Haynes,Basic,North,Phone,2026-06-24,Cancelled,No,,Yes,True,False,True,6,True,290,High,📞 Contact Customer Immediately,"Unresolved Ticket, Repeat Complaints, Delayed Resolution"
T00854,C0274,Payment,Open,2026-03-18,,105,Elizabeth Torres,Basic,North,Phone,2025-04-04,Active,Yes,L2,No,True,True,False,3,True,290,High,📞 Contact Customer Immediately,"Unresolved Ticket, Escalated Case, Repeat Complaints, Delayed Resolution"
T01484,C0089,Account,Open,2026-03-14,,109,Miranda Jones,Premium,North,Email,2025-01-05,Active,No,,No,True,False,False,4,True,288,High,📞 Contact Customer Immediately,"Unresolved Ticket, Repeat Complaints, Delayed Resolution"
T00711,C0108,Technical,Open,2026-04-19,,73,Eric Garcia,Enterprise,East,Chat,2025-04-24,Active,No,,No,True,False,False,11,True,286,High,📞 Contact Customer Immediately,"Unresolved Ticket, Repeat Complaints, Delayed Resolution"
T00100,C0229,Technical,Pending,2026-03-15,,108,Sean Hart,Basic,West,Phone,2025-02-18,Active,No,,No,True,False,False,4,True,286,High,📞 Contact Customer Immediately,"Unresolved Ticket, Repeat Complaints, Delayed Resolution"
T00240,C0170,Billing,Pending,2026-04-05,,87,Jaime Medina,Enterprise,South,Phone,2026-07-25,Active,No,,No,True,False,False,8,True,284,High,📞 Contact Customer Immediately,"Unresolved Ticket, Repeat Complaints, Delayed Resolution"
T01542,C0217,Billing,Open,2026-04-05,,87,Alexandria Jenkins,Premium,South,Email,2024-11-16,Active,Yes,L1,No,True,True,False,6,True,284,High,📞 Contact Customer Immediately,"Unresolved Ticket, Escalated Case, Repeat Complaints, Delayed Resolution"
T01625,C0259,Billing,Open,2026-04-06,,86,Christina Ryan,Basic,North,Chat,2024-12-31,Active,Yes,L3,No,True,True,False,6,True,282,High,📞 Contact Customer Immediately,"Unresolved Ticket, Escalated Case, Repeat Complaints, Delayed Resolution"
T01515,C0161,Login,Open,2026-03-22,,101,Robert Kaufman,Basic,West,Email,2025-02-17,Active,No,,No,True,False,False,5,True,282,High,📞 Contact Customer Immediately,"Unresolved Ticket, Repeat Complaints, Delayed Resolution"
T00381,C0138,Payment,Open,2026-03-28,,95,Tabitha Cain,Premium,North,Chat,2025-10-27,Active,No,,No,True,False,False,6,True,280,High,📞 Contact Customer Immediately,"Unresolved Ticket, Repeat Complaints, Delayed Resolution"
T00234,C0483,Login,Open,2026-03-23,,100,Eric Castillo,Basic,North,Email,2026-05-22,Active,No,,No,True,False,False,5,True,280,High,📞 Contact Customer Immediately,"Unresolved Ticket, Repeat Complaints, Delayed Resolution"
T01701,C0005,Technical,Open,2026-03-13,,110,Megan Nunez,Premium,North,Email,2026-03-07,Active,No,,No,True,False,False,3,True,280,High,📞 Contact Customer Immediately,"Unresolved Ticket, Repeat Complaints, Delayed Resolution"
T01963,C0439,Login,Open,2026-03-18,,105,Alyssa Barker,Basic,East,Email,2024-11-11,Active,Yes,L1,No,True,True,False,2,False,280,High,📞 Contact Customer Immediately,"Unresolved Ticket, Escalated Case, Delayed Resolution"
T01556,C0231,Account,Open,2026-03-29,,94,Amber Rogers,Enterprise,North,Email,2025-08-20,Active,No,,No,True,False,False,6,True,278,High,📞 Contact Customer Immediately,"Unresolved Ticket, Repeat Complaints, Delayed Resolution"
T01464,C0186,Login,Open,2026-03-20,,103,Shannon Hughes,Enterprise,North,Email,2024-12-09,Active,No,,No,True,False,False,4,True,276,High,📞 Contact Customer Immediately,"Unresolved Ticket, Repeat Complaints, Delayed Resolution"
T00876,C0018,Payment,Open,2026-03-25,,98,Richard Davis,Enterprise,East,Phone,2024-09-03,Cancelled,Yes,L2,Yes,True,True,True,3,True,276,High,📞 Contact Customer Immediately,"Unresolved Ticket, Escalated Case, Repeat Complaints, Delayed Resolution"
T01334,C0380,Login,Open,2026-03-15,,108,Vanessa Hughes,Premium,West,Phone,2025-06-08,Active,No,,No,True,False,False,3,True,276,High,📞 Contact Customer Immediately,"Unresolved Ticket, Repeat Complaints, Delayed Resolution"
T01089,C0362,Payment,Open,2026-03-11,,112,Andrew Smith,Enterprise,West,Phone,2024-12-28,Cancelled,No,,Yes,True,False,True,2,False,274,High,📞 Contact Customer Immediately,"Unresolved Ticket, Delayed Resolution"
T01469,C0199,Billing,Pending,2026-04-11,,81,Zachary Williams,Premium,East,Phone,2025-09-20,Active,No,,No,True,False,False,8,True,272,High,📞 Contact Customer Immediately,"Unresolved Ticket, Repeat Complaints, Delayed Resolution"
T00966,C0041,Billing,Pending,2026-03-27,,96,Thomas Bruce,Basic,West,Email,2025-04-28,Cancelled,No,,Yes,True,False,True,5,True,272,High,📞 Contact Customer Immediately,"Unresolved Ticket, Repeat Complaints, Delayed Resolution"
T01614,C0206,Account,Open,2026-03-22,,101,Kelly Wright,Premium,North,Phone,2026-07-31,Active,No,,No,True,False,False,4,True,272,High,📞 Contact Customer Immediately,"Unresolved Ticket, Repeat Complaints, Delayed Resolution"
T00370,C0070,Login,Pending,2026-03-12,,111,Michelle Smith,Premium,North,Phone,2024-11-07,Active,No,,No,True,False,False,2,False,272,High,📞 Contact Customer Immediately,"Unresolved Ticket, Delayed Resolution"
T00379,C0436,Billing,Open,2026-04-12,,80,Billy Torres,Enterprise,North,Email,2026-07-16,Active,Yes,L1,No,True,True,False,6,True,270,High,📞 Contact Customer Immediately,"Unresolved Ticket, Escalated Case, Repeat Complaints, Delayed Resolution"
T00862,C0250,Login,Open,2026-04-08,,84,Luke Perry,Enterprise,West,Chat,2025-07-09,Active,No,,No,True,False,False,7,True,268,High,📞 Contact Customer Immediately,"Unresolved Ticket, Repeat Complaints, Delayed Resolution"
T00301,C0154,Login,Open,2026-04-03,,89,Dr. Kimberly Preston,Enterprise,East,Email,2026-07-23,Active,No,,No,True,False,False,6,True,268,High,📞 Contact Customer Immediately,"Unresolved Ticket, Repeat Complaints, Delayed Resolution"
T01015,C0451,Login,Pending,2026-03-19,,104,Crystal Johnson,Basic,North,Email,2026-02-13,Active,No,,No,True,False,False,3,True,268,High,📞 Contact Customer Immediately,"Unresolved Ticket, Repeat Complaints, Delayed Resolution"
T01619,C0455,Login,Open,2026-03-19,,104,Eric Carter,Enterprise,North,Phone,2026-04-26,Cancelled,No,,Yes,True,False,True,3,True,268,High,📞 Contact Customer Immediately,"Unresolved Ticket, Repeat Complaints, Delayed Resolution"
T01905,C0056,Account,Open,2026-03-30,,93,Carrie Russell,Premium,West,Email,2025-09-22,Active,No,,No,True,False,False,5,True,266,High,📞 Contact Customer Immediately,"Unresolved Ticket, Repeat Complaints, Delayed Resolution"
T01929,C0009,Payment,Open,2026-03-25,,98,Martha Butler PhD,Premium,East,Email,2025-07-31,Active,No,,No,True,False,False,4,True,266,High,📞 Contact Customer Immediately,"Unresolved Ticket, Repeat Complaints, Delayed Resolution"
T01330,C0204,Technical,Open,2026-04-20,,72,Sarah Cisneros,Enterprise,West,Chat,2026-07-26,Cancelled,Yes,L2,Yes,True,True,True,7,True,264,High,📞 Contact Customer Immediately,"Unresolved Ticket, Escalated Case, Repeat Complaints, Delayed Resolution"
T00523,C0095,Payment,Open,2026-04-05,,87,Shane Howard DDS,Premium,West,Chat,2026-07-27,Active,No,,No,True,False,False,6,True,264,High,📞 Contact Customer Immediately,"Unresolved Ticket, Repeat Complaints, Delayed Resolution"
T00436,C0036,Login,Open,2026-03-21,,102,Diana Peters,Enterprise,West,Email,2026-01-24,Active,No,,No,True,False,False,3,True,264,High,📞 Contact Customer Immediately,"Unresolved Ticket, Repeat Complaints, Delayed Resolution"
T00463,C0067,Technical,Open,2026-04-06,,86,Jonathan Anderson,Enterprise,East,Chat,2024-09-20,Active,No,,No,True,False,False,6,True,262,High,📞 Contact Customer Immediately,"Unresolved Ticket, Repeat Complaints, Delayed Resolution"
T01889,C0007,Account,Open,2026-04-06,,86,Kyle Mendoza,Enterprise,North,Phone,2024-09-09,Cancelled,No,,Yes,True,False,True,6,True,262,High,📞 Contact Customer Immediately,"Unresolved Ticket, Repeat Complaints, Delayed Resolution"
T00257,C0236,Technical,Open,2026-04-01,,91,Morgan Zamora,Enterprise,South,Email,2025-09-10,Active,No,,No,True,False,False,5,True,262,High,📞 Contact Customer Immediately,"Unresolved Ticket, Repeat Complaints, Delayed Resolution"
T01068,C0270,Account,Pending,2026-04-01,,91,Corey Arias,Enterprise,East,Email,2025-05-30,Cancelled,No,,Yes,True,False,True,5,True,262,High,📞 Contact Customer Immediately,"Unresolved Ticket, Repeat Complaints, Delayed Resolution"
T01551,C0339,Account,Open,2026-04-01,,91,Lucas Riggs,Basic,South,Email,2025-01-01,Active,No,,No,True,False,False,5,True,262,High,📞 Contact Customer Immediately,"Unresolved Ticket, Repeat Complaints, Delayed Resolution"
T01099,C0352,Account,Open,2026-03-27,,96,Jason Anderson,Basic,South,Phone,2024-11-25,Active,No,,No,True,False,False,4,True,262,High,📞 Contact Customer Immediately,"Unresolved Ticket, Repeat Complaints, Delayed Resolution"
T00948,C0308,Login,Pending,2026-03-22,,101,Keith Olson,Basic,North,Chat,2025-10-02,Active,No,,No,True,False,False,3,True,262,High,📞 Contact Customer Immediately,"Unresolved Ticket, Repeat Complaints, Delayed Resolution"
T01457,C0308,Billing,Open,2026-03-22,,101,Keith Olson,Basic,North,Chat,2025-10-02,Active,No,,No,True,False,False,3,True,262,High,📞 Contact Customer Immediately,"Unresolved Ticket, Repeat Complaints, Delayed Resolution"
T01955,C0005,Account,Open,2026-03-22,,101,Megan Nunez,Premium,North,Email,2026-03-07,Active,No,,No,True,False,False,3,True,262,High,📞 Contact Customer Immediately,"Unresolved Ticket, Repeat Complaints, Delayed Resolution"
T00670,C0141,Login,Pending,2026-03-17,,106,Daniel Silva,Premium,South,Email,2025-08-11,Cancelled,No,,Yes,True,False,True,2,False,262,High,📞 Contact Customer Immediately,"Unresolved Ticket, Delayed Resolution"
T00412,C0021,Billing,Pending,2026-04-12,,80,Bianca Obrien,Basic,South,Email,2026-06-28,Active,No,,No,True,False,False,7,True,260,High,📞 Contact Customer Immediately,"Unresolved Ticket, Repeat Complaints, Delayed Resolution"
T01890,C0252,Login,Pending,2026-04-12,,80,Jason Lynch,Basic,West,Email,2025-01-17,Active,No,,No,True,False,False,7,True,260,High,📞 Contact Customer Immediately,"Unresolved Ticket, Repeat Complaints, Delayed Resolution"
T01261,C0378,Login,Open,2026-04-07,,85,Cody Rush,Premium,South,Email,2025-10-31,Active,No,,No,True,False,False,6,True,260,High,📞 Contact Customer Immediately,"Unresolved Ticket, Repeat Complaints, Delayed Resolution"
T00250,C0051,Login,Open,2026-03-23,,100,Debra Ward,Basic,East,Phone,2025-11-12,Active,No,,No,True,False,False,3,True,260,High,📞 Contact Customer Immediately,"Unresolved Ticket, Repeat Complaints, Delayed Resolution"
T01096,C0394,Billing,Open,2026-05-13,,49,Teresa Barnes,Premium,South,Email,2024-12-25,Active,Yes,L2,No,True,True,False,11,True,258,High,📞 Contact Customer Immediately,"Unresolved Ticket, Escalated Case, Repeat Complaints, Delayed Resolution"
T01329,C0262,Billing,Pending,2026-04-03,,89,James Bruce,Enterprise,East,Chat,2025-01-19,Cancelled,No,,Yes,True,False,True,5,True,258,High,📞 Contact Customer Immediately,"Unresolved Ticket, Repeat Complaints, Delayed Resolution"
T00102,C0232,Technical,Open,2026-04-24,,68,Allison Perez MD,Premium,North,Phone,2026-03-04,Active,Yes,L3,No,True,True,False,7,True,256,High,📞 Contact Customer Immediately,"Unresolved Ticket, Escalated Case, Repeat Complaints, Delayed Resolution"
T01333,C0045,Technical,Open,2026-04-24,,68,Gina Gonzales,Premium,West,Phone,2026-08-04,Active,Yes,L3,No,True,True,False,7,True,256,High,📞 Contact Customer Immediately,"Unresolved Ticket, Escalated Case, Repeat Complaints, Delayed Resolution"
T00595,C0207,Login,Pending,2026-04-09,,83,Darrell Cox,Premium,West,Email,2025-08-19,Active,No,,No,True,False,False,6,True,256,High,📞 Contact Customer Immediately,"Unresolved Ticket, Repeat Complaints, Delayed Resolution"
T00359,C0059,Payment,Open,2026-04-04,,88,Christopher Newman,Enterprise,North,Email,2024-11-12,Active,No,,No,True,False,False,5,True,256,High,📞 Contact Customer Immediately,"Unresolved Ticket, Repeat Complaints, Delayed Resolution"
T00652,C0106,Login,Pending,2026-04-04,,88,John Ibarra,Enterprise,North,Phone,2025-05-03,Active,No,,No,True,False,False,5,True,256,High,📞 Contact Customer Immediately,"Unresolved Ticket, Repeat Complaints, Delayed Resolution"
T00728,C0157,Technical,Open,2026-03-30,,93,Michael Miller,Basic,West,Chat,2026-05-24,Active,No,,No,True,False,False,4,True,256,High,📞 Contact Customer Immediately,"Unresolved Ticket, Repeat Complaints, Delayed Resolution"
T00762,C0208,Payment,Open,2026-03-30,,93,Mary Woods,Premium,East,Chat,2024-09-20,Active,No,,No,True,False,False,4,True,256,High,📞 Contact Customer Immediately,"Unresolved Ticket, Repeat Complaints, Delayed Resolution"
T01119,C0094,Payment,Open,2026-03-25,,98,Jose Hudson,Premium,North,Chat,2026-01-08,Active,No,,No,True,False,False,3,True,256,High,📞 Contact Customer Immediately,"Unresolved Ticket, Repeat Complaints, Delayed Resolution"
T00647,C0230,Billing,Open,2026-04-25,,67,Ricky Martin,Premium,East,Email,2025-08-22,Active,No,,No,True,False,False,9,True,254,High,📞 Contact Customer Immediately,"Unresolved Ticket, Repeat Complaints, Delayed Resolution"
T00073,C0124,Billing,Open,2026-03-27,,96,Nicholas Wells,Premium,South,Phone,2026-06-12,Cancelled,No,,Yes,True,False,True,3,True,252,High,📞 Contact Customer Immediately,"Unresolved Ticket, Repeat Complaints, Delayed Resolution"
T01474,C0242,Login,Pending,2026-03-27,,96,Michael Baker,Premium,West,Email,2026-08-06,Cancelled,No,,Yes,True,False,True,3,True,252,High,📞 Contact Customer Immediately,"Unresolved Ticket, Repeat Complaints, Delayed Resolution"
T01439,C0138,Account,Open,2026-04-22,,70,Tabitha Cain,Premium,North,Chat,2025-10-27,Active,Yes,L3,No,True,True,False,6,True,250,High,📞 Contact Customer Immediately,"Unresolved Ticket, Escalated Case, Repeat Complaints, Delayed Resolution"
T01650,C0290,Login,Pending,2026-04-07,,85,Laura Henry,Enterprise,South,Chat,2024-09-05,Active,No,,No,True,False,False,5,True,250,High,📞 Contact Customer Immediately,"Unresolved Ticket, Repeat Complaints, Delayed Resolution"
T01144,C0361,Account,Open,2026-04-02,,90,Christopher Benitez,Enterprise,West,Chat,2026-04-10,Cancelled,No,,Yes,True,False,True,4,True,250,High,📞 Contact Customer Immediately,"Unresolved Ticket, Repeat Complaints, Delayed Resolution"
T01742,C0224,Account,Pending,2026-04-02,,90,Patricia Garrison,Basic,North,Phone,2025-09-24,Cancelled,No,,Yes,True,False,True,4,True,250,High,📞 Contact Customer Immediately,"Unresolved Ticket, Repeat Complaints, Delayed Resolution"
T00153,C0273,Login,Open,2026-03-18,,105,Robert Hernandez,Basic,South,Chat,2024-10-01,Active,No,,No,True,False,False,1,False,250,High,📞 Contact Customer Immediately,"Unresolved Ticket, Delayed Resolution"
T01079,C0170,Payment,Pending,2026-05-03,,59,Jaime Medina,Enterprise,South,Phone,2026-07-25,Active,Yes,L1,No,True,True,False,8,True,248,High,📞 Contact Customer Immediately,"Unresolved Ticket, Escalated Case, Repeat Complaints, Delayed Resolution"
T00435,C0115,Account,Pending,2026-04-13,,79,Duane Rice,Premium,South,Chat,2025-08-30,Active,No,,No,True,False,False,6,True,248,High,📞 Contact Customer Immediately,"Unresolved Ticket, Repeat Complaints, Delayed Resolution"
T00048,C0394,Payment,Open,2026-05-09,,53,Teresa Barnes,Premium,South,Email,2024-12-25,Active,No,,No,True,False,False,11,True,246,High,📞 Contact Customer Immediately,"Unresolved Ticket, Repeat Complaints, Delayed Resolution"
T01035,C0354,Account,Pending,2026-04-29,,63,Natalie Simmons,Premium,North,Phone,2025-11-19,Active,No,,No,True,False,False,9,True,246,High,📞 Contact Customer Immediately,"Unresolved Ticket, Repeat Complaints, Delayed Resolution"
T00983,C0180,Account,Open,2026-04-24,,68,Robert Gibson,Basic,South,Email,2025-10-28,Active,No,,No,True,False,False,8,True,246,High,📞 Contact Customer Immediately,"Unresolved Ticket, Repeat Complaints, Delayed Resolution"
T01468,C0063,Account,Open,2026-04-24,,68,Zachary Jensen,Basic,East,Phone,2024-11-13,Active,No,,No,True,False,False,8,True,246,High,📞 Contact Customer Immediately,"Unresolved Ticket, Repeat Complaints, Delayed Resolution"
T00141,C0069,Payment,Open,2026-04-14,,78,Traci Noble,Basic,South,Email,2024-11-28,Active,No,,No,True,False,False,6,True,246,High,📞 Contact Customer Immediately,"Unresolved Ticket, Repeat Complaints, Delayed Resolution"
T00551,C0069,Payment,Pending,2026-04-24,,68,Traci Noble,Basic,South,Email,2024-11-28,Active,Yes,L2,No,True,True,False,6,True,246,High,📞 Contact Customer Immediately,"Unresolved Ticket, Escalated Case, Repeat Complaints, Delayed Resolution"
T01395,C0103,Account,Open,2026-04-14,,78,Gary Mccoy,Basic,North,Phone,2025-03-18,Active,No,,No,True,False,False,6,True,246,High,📞 Contact Customer Immediately,"Unresolved Ticket, Repeat Complaints, Delayed Resolution"
T01283,C0396,Technical,Open,2026-04-14,,78,Lisa Fowler,Premium,South,Email,2025-12-30,Active,Yes,L3,No,True,True,False,4,True,246,High,📞 Contact Customer Immediately,"Unresolved Ticket, Escalated Case, Repeat Complaints, Delayed Resolution"
T00945,C0184,Login,Open,2026-04-20,,72,Lisa Smith,Enterprise,West,Chat,2024-11-01,Active,No,,No,True,False,False,7,True,244,High,📞 Contact Customer Immediately,"Unresolved Ticket, Repeat Complaints, Delayed Resolution"
T00685,C0355,Billing,Pending,2026-04-10,,82,Travis Davila,Premium,North,Phone,2026-07-17,Active,No,,No,True,False,False,5,True,244,High,📞 Contact Customer Immediately,"Unresolved Ticket, Repeat Complaints, Delayed Resolution"
T01581,C0240,Technical,Open,2026-04-10,,82,Chelsea Jackson,Premium,East,Email,2026-06-10,Active,No,,No,True,False,False,5,True,244,High,📞 Contact Customer Immediately,"Unresolved Ticket, Repeat Complaints, Delayed Resolution"
T01568,C0379,Login,Pending,2026-05-01,,61,Holly Little,Premium,East,Phone,2026-06-11,Active,No,,No,True,False,False,9,True,242,High,📞 Contact Customer Immediately,"Unresolved Ticket, Repeat Complaints, Delayed Resolution"
T00332,C0050,Login,Open,2026-04-26,,66,Kelly Villanueva,Premium,South,Chat,2025-01-07,Active,No,,No,True,False,False,8,True,242,High,📞 Contact Customer Immediately,"Unresolved Ticket, Repeat Complaints, Delayed Resolution"
T00825,C0347,Technical,Open,2026-04-16,,76,Douglas Day,Basic,West,Email,2024-09-09,Active,No,,No,True,False,False,6,True,242,High,📞 Contact Customer Immediately,"Unresolved Ticket, Repeat Complaints, Delayed Resolution"
T01177,C0479,Technical,Open,2026-04-16,,76,Kimberly Flores,Basic,East,Phone,2024-12-01,Active,No,,No,True,False,False,6,True,242,High,📞 Contact Customer Immediately,"Unresolved Ticket, Repeat Complaints, Delayed Resolution"
T00547,C0026,Login,Pending,2026-04-06,,86,Richard Kline,Enterprise,North,Phone,2025-01-26,Active,No,,No,True,False,False,4,True,242,High,📞 Contact Customer Immediately,"Unresolved Ticket, Repeat Complaints, Delayed Resolution"
T00836,C0491,Billing,Open,2026-04-06,,86,James Brown,Premium,West,Chat,2025-08-19,Cancelled,No,,Yes,True,False,True,4,True,242,High,📞 Contact Customer Immediately,"Unresolved Ticket, Repeat Complaints, Delayed Resolution"
T00949,C0282,Payment,Open,2026-04-16,,76,Douglas Elliott,Enterprise,North,Email,2025-06-03,Active,Yes,L1,No,True,True,False,4,True,242,High,📞 Contact Customer Immediately,"Unresolved Ticket, Escalated Case, Repeat Complaints, Delayed Resolution"
T01362,C0315,Account,Open,2026-05-22,,40,Keith Munoz,Premium,North,Chat,2026-03-22,Active,Yes,L3,No,True,True,False,11,True,240,High,📞 Contact Customer Immediately,"Unresolved Ticket, Escalated Case, Repeat Complaints, Delayed Resolution"
T00458,C0047,Technical,Pending,2026-04-12,,80,Colleen Price,Enterprise,North,Phone,2025-10-20,Active,No,,No,True,False,False,5,True,240,High,📞 Contact Customer Immediately,"Unresolved Ticket, Repeat Complaints, Delayed Resolution"
T00497,C0341,Account,Open,2026-04-07,,85,Antonio Potter,Enterprise,East,Email,2025-07-17,Cancelled,No,,Yes,True,False,True,4,True,240,High,📞 Contact Customer Immediately,"Unresolved Ticket, Repeat Complaints, Delayed Resolution"
T01851,C0320,Technical,Pending,2026-04-12,,80,John Carter,Premium,North,Chat,2025-10-24,Active,Yes,L2,No,True,True,False,3,True,240,High,📞 Contact Customer Immediately,"Unresolved Ticket, Escalated Case, Repeat Complaints, Delayed Resolution"
T01836,C0281,Technical,Open,2026-04-23,,69,Samantha Guerrero,Premium,West,Email,2025-02-21,Active,Yes,L1,No,True,True,False,5,True,238,High,📞 Contact Customer Immediately,"Unresolved Ticket, Escalated Case, Repeat Complaints, Delayed Resolution"
T01402,C0256,Billing,Pending,2026-04-08,,84,Evelyn Burns,Basic,West,Chat,2025-10-25,Active,No,,No,True,False,False,4,True,238,High,📞 Contact Customer Immediately,"Unresolved Ticket, Repeat Complaints, Delayed Resolution"
T00320,C0279,Billing,Open,2026-04-03,,89,Diane Brown,Basic,North,Chat,2026-03-08,Active,Yes,L3,No,True,True,False,1,False,238,High,📞 Contact Customer Immediately,"Unresolved Ticket, Escalated Case, Delayed Resolution"
T01868,C0122,Account,Pending,2026-04-24,,68,Laura Singh,Basic,North,Phone,2025-04-27,Active,No,,No,True,False,False,7,True,236,High,📞 Contact Customer Immediately,"Unresolved Ticket, Repeat Complaints, Delayed Resolution"
T00083,C0456,Login,Open,2026-04-09,,83,Jason Sanders,Enterprise,South,Chat,2025-06-18,Cancelled,No,,Yes,True,False,True,4,True,236,High,📞 Contact Customer Immediately,"Unresolved Ticket, Repeat Complaints, Delayed Resolution"
T00393,C0419,Billing,Pending,2026-04-19,,73,Jamie Wolf,Enterprise,North,Chat,2024-12-05,Active,Yes,L1,No,True,True,False,4,True,236,High,📞 Contact Customer Immediately,"Unresolved Ticket, Escalated Case, Repeat Complaints, Delayed Resolution"
T01502,C0352,Technical,Open,2026-04-19,,73,Jason Anderson,Basic,South,Phone,2024-11-25,Active,Yes,L2,No,True,True,False,4,True,236,High,📞 Contact Customer Immediately,"Unresolved Ticket, Escalated Case, Repeat Complaints, Delayed Resolution"
T00324,C0496,Payment,Pending,2026-04-21,,71,William Griffin,Enterprise,West,Phone,2026-07-07,Active,No,,No,True,False,False,6,True,232,High,📞 Contact Customer Immediately,"Unresolved Ticket, Repeat Complaints, Delayed Resolution"
T01511,C0046,Payment,Open,2026-04-21,,71,Joseph White,Premium,North,Phone,2026-02-17,Active,No,,No,True,False,False,6,True,232,High,📞 Contact Customer Immediately,"Unresolved Ticket, Repeat Complaints, Delayed Resolution"
T00261,C0484,Billing,Open,2026-04-16,,76,Dawn Wheeler,Enterprise,South,Chat,2025-07-24,Active,No,,No,True,False,False,5,True,232,High,📞 Contact Customer Immediately,"Unresolved Ticket, Repeat Complaints, Delayed Resolution"
T00554,C0380,Login,Open,2026-04-06,,86,Vanessa Hughes,Premium,West,Phone,2025-06-08,Active,No,,No,True,False,False,3,True,232,High,📞 Contact Customer Immediately,"Unresolved Ticket, Repeat Complaints, Delayed Resolution"
T00707,C0013,Account,Open,2026-04-06,,86,Joseph Nichols,Premium,North,Chat,2026-03-22,Cancelled,No,,Yes,True,False,True,3,True,232,High,📞 Contact Customer Immediately,"Unresolved Ticket, Repeat Complaints, Delayed Resolution"
T01442,C0078,Payment,Open,2026-04-16,,76,David Benjamin,Enterprise,West,Email,2026-07-19,Active,Yes,L1,No,True,True,False,3,True,232,High,📞 Contact Customer Immediately,"Unresolved Ticket, Escalated Case, Repeat Complaints, Delayed Resolution"
T00937,C0185,Account,Open,2026-04-17,,75,Johnathan Barker,Premium,South,Email,2025-11-20,Cancelled,No,,Yes,True,False,True,5,True,230,High,📞 Contact Customer Immediately,"Unresolved Ticket, Repeat Complaints, Delayed Resolution"
T00494,C0500,Technical,Open,2026-04-22,,70,Rebecca Gonzales,Premium,South,Email,2026-01-21,Active,Yes,L3,No,True,True,False,4,True,230,High,📞 Contact Customer Immediately,"Unresolved Ticket, Escalated Case, Repeat Complaints, Delayed Resolution"
T00075,C0426,Login,Pending,2026-05-03,,59,Christopher Sampson,Basic,West,Email,2025-07-04,Active,No,,No,True,False,False,8,True,228,High,📞 Contact Customer Immediately,"Unresolved Ticket, Repeat Complaints, Delayed Resolution"
T00840,C0028,Account,Open,2026-05-03,,59,Jennifer Myers,Enterprise,South,Email,2026-06-27,Active,No,,No,True,False,False,8,True,228,High,📞 Contact Customer Immediately,"Unresolved Ticket, Repeat Complaints, Delayed Resolution"
T01318,C0477,Login,Open,2026-04-28,,64,Paula Martinez,Enterprise,North,Phone,2025-07-18,Active,No,,No,True,False,False,7,True,228,High,📞 Contact Customer Immediately,"Unresolved Ticket, Repeat Complaints, Delayed Resolution"
T00360,C0278,Billing,Open,2026-04-23,,69,Morgan Trujillo,Premium,West,Chat,2026-01-12,Active,No,,No,True,False,False,6,True,228,High,📞 Contact Customer Immediately,"Unresolved Ticket, Repeat Complaints, Delayed Resolution"
T01613,C0324,Account,Pending,2026-04-18,,74,Robert Coffey,Enterprise,West,Chat,2026-04-02,Active,No,,No,True,False,False,5,True,228,High,📞 Contact Customer Immediately,"Unresolved Ticket, Repeat Complaints, Delayed Resolution"
T01535,C0092,Technical,Pending,2026-04-13,,79,Christopher Clark,Premium,West,Email,2026-04-16,Cancelled,No,,Yes,True,False,True,4,True,228,High,📞 Contact Customer Immediately,"Unresolved Ticket, Repeat Complaints, Delayed Resolution"
T00835,C0315,Billing,Open,2026-05-19,,43,Keith Munoz,Premium,North,Chat,2026-03-22,Active,No,,No,True,False,False,11,True,226,High,📞 Contact Customer Immediately,"Unresolved Ticket, Repeat Complaints, Delayed Resolution"
T01383,C0093,Payment,Pending,2026-04-19,,73,Kayla Rivera,Premium,North,Email,2025-07-08,Active,No,,No,True,False,False,5,True,226,High,📞 Contact Customer Immediately,"Unresolved Ticket, Repeat Complaints, Delayed Resolution"
T00491,C0397,Billing,Open,2026-04-04,,88,Shawn Robinson,Basic,East,Phone,2024-12-27,Cancelled,No,,Yes,True,False,True,2,False,226,High,📞 Contact Customer Immediately,"Unresolved Ticket, Delayed Resolution"
T01257,C0091,Technical,Open,2026-05-05,,57,Jason Collins,Basic,South,Chat,2025-01-25,Active,Yes,L3,No,True,True,False,6,True,224,High,📞 Contact Customer Immediately,"Unresolved Ticket, Escalated Case, Repeat Complaints, Delayed Resolution"
T01061,C0189,Login,Open,2026-04-20,,72,Steven Perez,Enterprise,South,Email,2025-07-04,Cancelled,No,,Yes,True,False,True,5,True,224,High,📞 Contact Customer Immediately,"Unresolved Ticket, Repeat Complaints, Delayed Resolution"
T01234,C0113,Billing,Open,2026-04-20,,72,Darlene Scott,Premium,North,Email,2024-12-17,Active,No,,No,True,False,False,5,True,224,High,📞 Contact Customer Immediately,"Unresolved Ticket, Repeat Complaints, Delayed Resolution"
T00790,C0146,Account,Open,2026-04-15,,77,April Anderson,Basic,North,Chat,2024-11-14,Active,No,,No,True,False,False,4,True,224,High,📞 Contact Customer Immediately,"Unresolved Ticket, Repeat Complaints, Delayed Resolution"
T01452,C0309,Payment,Open,2026-04-15,,77,Amy Tran,Enterprise,East,Phone,2025-05-23,Active,No,,No,True,False,False,4,True,224,High,📞 Contact Customer Immediately,"Unresolved Ticket, Repeat Complaints, Delayed Resolution"
T00105,C0365,Technical,Open,2026-05-11,,51,Austin Davila,Enterprise,North,Chat,2025-03-04,Cancelled,No,,Yes,True,False,True,9,True,222,High,📞 Contact Customer Immediately,"Unresolved Ticket, Repeat Complaints, Delayed Resolution"
T00838,C0252,Technical,Pending,2026-05-11,,51,Jason Lynch,Basic,West,Email,2025-01-17,Active,Yes,L2,No,True,True,False,7,True,222,High,📞 Contact Customer Immediately,"Unresolved Ticket, Escalated Case, Repeat Complaints, Delayed Resolution"
T01771,C0436,Account,Pending,2026-05-06,,56,Billy Torres,Enterprise,North,Email,2026-07-16,Active,Yes,L1,No,True,True,False,6,True,222,High,📞 Contact Customer Immediately,"Unresolved Ticket, Escalated Case, Repeat Complaints, Delayed Resolution"
T00060,C0357,Technical,Open,2026-05-01,,61,Kimberly Sullivan,Basic,North,Chat,2026-06-08,Cancelled,Yes,L3,Yes,True,True,True,5,True,222,High,📞 Contact Customer Immediately,"Unresolved Ticket, Escalated Case, Repeat Complaints, Delayed Resolution"
T00891,C0146,Account,Open,2026-04-16,,76,April Anderson,Basic,North,Chat,2024-11-14,Active,No,,No,True,False,False,4,True,222,High,📞 Contact Customer Immediately,"Unresolved Ticket, Repeat Complaints, Delayed Resolution"
T01073,C0410,Account,Pending,2026-04-16,,76,Krista Webb,Basic,North,Phone,2025-04-01,Active,No,,No,True,False,False,4,True,222,High,📞 Contact Customer Immediately,"Unresolved Ticket, Repeat Complaints, Delayed Resolution"
T00311,C0193,Payment,Open,2026-04-11,,81,Briana Gilbert,Premium,South,Phone,2025-02-22,Active,No,,No,True,False,False,3,True,222,High,📞 Contact Customer Immediately,"Unresolved Ticket, Repeat Complaints, Delayed Resolution"
T00380,C0112,Login,Open,2026-05-07,,55,Seth Brewer,Premium,North,Email,2025-12-02,Active,No,,No,True,False,False,8,True,220,High,📞 Contact Customer Immediately,"Unresolved Ticket, Repeat Complaints, Delayed Resolution"
T00941,C0050,Billing,Open,2026-05-17,,45,Kelly Villanueva,Premium,South,Chat,2025-01-07,Active,Yes,L3,No,True,True,False,8,True,220,High,📞 Contact Customer Immediately,"Unresolved Ticket, Escalated Case, Repeat Complaints, Delayed Resolution"
T01255,C0172,Account,Open,2026-04-27,,65,Daniel Randolph,Enterprise,North,Chat,2025-02-28,Active,No,,No,True,False,False,6,True,220,High,📞 Contact Customer Immediately,"Unresolved Ticket, Repeat Complaints, Delayed Resolution"
T00653,C0423,Billing,Open,2026-04-27,,65,Teresa Torres,Premium,North,Phone,2026-02-11,Active,Yes,L3,No,True,True,False,4,True,220,High,📞 Contact Customer Immediately,"Unresolved Ticket, Escalated Case, Repeat Complaints, Delayed Resolution"
T01592,C0394,Billing,Open,2026-05-23,,39,Teresa Barnes,Premium,South,Email,2024-12-25,Active,No,,No,True,False,False,11,True,218,High,📞 Contact Customer Immediately,"Unresolved Ticket, Repeat Complaints, Delayed Resolution"
T01396,C0063,Technical,Open,2026-05-08,,54,Zachary Jensen,Basic,East,Phone,2024-11-13,Active,No,,No,True,False,False,8,True,218,High,📞 Contact Customer Immediately,"Unresolved Ticket, Repeat Complaints, Delayed Resolution"
T01818,C0104,Account,Open,2026-04-28,,64,Elizabeth Taylor,Basic,West,Email,2026-03-06,Active,No,,No,True,False,False,6,True,218,High,📞 Contact Customer Immediately,"Unresolved Ticket, Repeat Complaints, Delayed Resolution"
T01594,C0310,Billing,Open,2026-04-23,,69,Jeffrey Phillips,Premium,North,Email,2025-11-10,Cancelled,No,,Yes,True,False,True,5,True,218,High,📞 Contact Customer Immediately,"Unresolved Ticket, Repeat Complaints, Delayed Resolution"
T01685,C0307,Payment,Open,2026-04-08,,84,Tonya Mills,Enterprise,West,Chat,2025-08-24,Active,No,,No,True,False,False,2,False,218,High,📞 Contact Customer Immediately,"Unresolved Ticket, Delayed Resolution"
T01044,C0394,Technical,Pending,2026-05-25,,37,Teresa Barnes,Premium,South,Email,2024-12-25,Active,No,,No,True,False,False,11,True,214,High,📞 Contact Customer Immediately,"Unresolved Ticket, Repeat Complaints, Delayed Resolution"
T01574,C0372,Account,Pending,2026-05-05,,57,Zoe Rich,Enterprise,South,Email,2026-06-20,Active,No,,No,True,False,False,7,True,214,High,📞 Contact Customer Immediately,"Unresolved Ticket, Repeat Complaints, Delayed Resolution"
T01271,C0045,Login,Open,2026-05-06,,56,Gina Gonzales,Premium,West,Phone,2026-08-04,Active,No,,No,True,False,False,7,True,212,High,📞 Contact Customer Immediately,"Unresolved Ticket, Repeat Complaints, Delayed Resolution"
T00202,C0192,Login,Open,2026-05-01,,61,Danny Bishop,Enterprise,West,Phone,2025-10-23,Cancelled,No,,Yes,True,False,True,6,True,212,High,📞 Contact Customer Immediately,"Unresolved Ticket, Repeat Complaints, Delayed Resolution"
T01011,C0159,Account,Pending,2026-04-21,,71,Steve Holder,Enterprise,North,Chat,2025-07-07,Cancelled,No,,Yes,True,False,True,4,True,212,High,📞 Contact Customer Immediately,"Unresolved Ticket, Repeat Complaints, Delayed Resolution"
T01513,C0256,Payment,Open,2026-04-21,,71,Evelyn Burns,Basic,West,Chat,2025-10-25,Active,No,,No,True,False,False,4,True,212,High,📞 Contact Customer Immediately,"Unresolved Ticket, Repeat Complaints, Delayed Resolution"
T01633,C0051,Technical,Open,2026-04-16,,76,Debra Ward,Basic,East,Phone,2025-11-12,Active,No,,No,True,False,False,3,True,212,High,📞 Contact Customer Immediately,"Unresolved Ticket, Repeat Complaints, Delayed Resolution"
T01023,C0210,Billing,Pending,2026-04-16,,76,Anthony Martinez,Basic,East,Chat,2025-03-06,Active,Yes,L2,No,True,True,False,1,False,212,High,📞 Contact Customer Immediately,"Unresolved Ticket, Escalated Case, Delayed Resolution"
T00816,C0116,Account,Pending,2026-04-27,,65,Jacob Gomez,Basic,South,Chat,2025-07-27,Active,No,,No,True,False,False,5,True,210,High,📞 Contact Customer Immediately,"Unresolved Ticket, Repeat Complaints, Delayed Resolution"
T01346,C0015,Billing,Open,2026-05-07,,55,Keith Lawson,Enterprise,West,Phone,2026-05-18,Active,Yes,L1,No,True,True,False,5,True,210,High,📞 Contact Customer Immediately,"Unresolved Ticket, Escalated Case, Repeat Complaints, Delayed Resolution"
T00149,C0020,Technical,Open,2026-05-02,,60,Nicole Dunlap,Enterprise,South,Chat,2026-07-10,Active,Yes,L1,No,True,True,False,4,True,210,High,📞 Contact Customer Immediately,"Unresolved Ticket, Escalated Case, Repeat Complaints, Delayed Resolution"
T01335,C0084,Login,Open,2026-04-17,,75,Jerry Bowers,Premium,East,Email,2024-09-25,Active,No,,No,True,False,False,3,True,210,High,📞 Contact Customer Immediately,"Unresolved Ticket, Repeat Complaints, Delayed Resolution"
T01364,C0420,Technical,Pending,2026-05-03,,59,Paul Wilson,Enterprise,West,Chat,2026-07-27,Active,No,,No,True,False,False,6,True,208,High,📞 Contact Customer Immediately,"Unresolved Ticket, Repeat Complaints, Delayed Resolution"
T00665,C0479,Login,Open,2026-05-04,,58,Kimberly Flores,Basic,East,Phone,2024-12-01,Active,No,,No,True,False,False,6,True,206,High,📞 Contact Customer Immediately,"Unresolved Ticket, Repeat Complaints, Delayed Resolution"
T00047,C0189,Account,Pending,2026-04-29,,63,Steven Perez,Enterprise,South,Email,2025-07-04,Cancelled,No,,Yes,True,False,True,5,True,206,High,📞 Contact Customer Immediately,"Unresolved Ticket, Repeat Complaints, Delayed Resolution"
T00577,C0152,Payment,Pending,2026-04-14,,78,Robert Baker,Premium,East,Phone,2026-05-13,Active,No,,No,True,False,False,2,False,206,High,📞 Contact Customer Immediately,"Unresolved Ticket, Delayed Resolution"
T01154,C0218,Account,Open,2026-04-09,,83,Ruth Tucker,Premium,West,Chat,2026-05-19,Cancelled,No,,Yes,True,False,True,1,False,206,High,📞 Contact Customer Immediately,"Unresolved Ticket, Delayed Resolution"
T01545,C0332,Technical,Pending,2026-05-15,,47,Amber Hart,Basic,West,Email,2025-08-25,Cancelled,No,,Yes,True,False,True,8,True,204,High,📞 Contact Customer Immediately,"Unresolved Ticket, Repeat Complaints, Delayed Resolution"
T01616,C0313,Technical,Open,2026-04-25,,67,Derek Frazier,Premium,West,Chat,2025-03-22,Active,No,,No,True,False,False,4,True,204,High,📞 Contact Customer Immediately,"Unresolved Ticket, Repeat Complaints, Delayed Resolution"
T01025,C0091,Login,Open,2026-05-06,,56,Jason Collins,Basic,South,Chat,2025-01-25,Active,No,,No,True,False,False,6,True,202,High,📞 Contact Customer Immediately,"Unresolved Ticket, Repeat Complaints, Delayed Resolution"
T00803,C0412,Billing,Open,2026-05-01,,61,Christopher Conley,Premium,North,Email,2025-02-13,Active,No,,No,True,False,False,5,True,202,High,📞 Contact Customer Immediately,"Unresolved Ticket, Repeat Complaints, Delayed Resolution"
T01471,C0108,Technical,Pending,2026-06-11,,20,Eric Garcia,Enterprise,East,Chat,2025-04-24,Active,Yes,L3,No,True,True,False,11,True,200,High,📞 Contact Customer Immediately,"Unresolved Ticket, Escalated Case, Repeat Complaints, Delayed Resolution"
T01164,C0314,Billing,Pending,2026-05-17,,45,Joseph Parker,Basic,West,Phone,2025-01-02,Active,Yes,L3,No,True,True,False,6,True,200,High,📞 Contact Customer Immediately,"Unresolved Ticket, Escalated Case, Repeat Complaints, Delayed Resolution"
T01586,C0052,Login,Pending,2026-05-07,,55,Julia Smith,Basic,North,Phone,2026-04-28,Active,No,,No,True,False,False,6,True,200,High,📞 Contact Customer Immediately,"Unresolved Ticket, Repeat Complaints, Delayed Resolution"
T01381,C0472,Account,Open,2026-05-02,,60,Carlos Johnson,Enterprise,South,Email,2025-09-25,Active,No,,No,True,False,False,5,True,200,High,📞 Contact Customer Immediately,"Unresolved Ticket, Repeat Complaints, Delayed Resolution"
T00614,C0145,Billing,Open,2026-05-08,,54,Amanda Lawrence,Enterprise,South,Chat,2026-06-15,Active,Yes,L1,No,True,True,False,4,True,198,High,📞 Contact Customer Immediately,"Unresolved Ticket, Escalated Case, Repeat Complaints, Delayed Resolution"
T01005,C0071,Billing,Open,2026-05-14,,48,Martha Valdez,Enterprise,South,Phone,2026-03-17,Cancelled,No,,Yes,True,False,True,7,True,196,High,📞 Contact Customer Immediately,"Unresolved Ticket, Repeat Complaints, Delayed Resolution"
T01520,C0227,Payment,Pending,2026-05-24,,38,David Ryan,Basic,South,Email,2025-03-08,Cancelled,Yes,L3,Yes,True,True,True,7,True,196,High,📞 Contact Customer Immediately,"Unresolved Ticket, Escalated Case, Repeat Complaints, Delayed Resolution"
T01659,C0296,Billing,Pending,2026-05-14,,48,Marie Chavez,Basic,South,Chat,2025-01-22,Active,No,,No,True,False,False,7,True,196,High,📞 Contact Customer Immediately,"Unresolved Ticket, Repeat Complaints, Delayed Resolution"
T00537,C0283,Payment,Open,2026-05-14,,48,David Stephens,Basic,East,Email,2025-06-30,Active,Yes,L3,No,True,True,False,5,True,196,High,📞 Contact Customer Immediately,"Unresolved Ticket, Escalated Case, Repeat Complaints, Delayed Resolution"
T01321,C0342,Technical,Open,2026-04-24,,68,Kenneth Robinson,Premium,East,Phone,2026-05-27,Active,Yes,L3,No,True,True,False,1,False,196,High,📞 Contact Customer Immediately,"Unresolved Ticket, Escalated Case, Delayed Resolution"
T00279,C0351,Payment,Open,2026-05-25,,37,Raymond Freeman,Enterprise,South,Chat,2026-07-24,Cancelled,Yes,L2,Yes,True,True,True,7,True,194,High,📞 Contact Customer Immediately,"Unresolved Ticket, Escalated Case, Repeat Complaints, Delayed Resolution"
T00745,C0373,Billing,Open,2026-05-10,,52,Chelsea Navarro,Basic,North,Phone,2024-11-30,Cancelled,Yes,L2,Yes,True,True,True,4,True,194,High,📞 Contact Customer Immediately,"Unresolved Ticket, Escalated Case, Repeat Complaints, Delayed Resolution"
T00216,C0394,Technical,Open,2026-06-15,,16,Teresa Barnes,Premium,South,Email,2024-12-25,Active,Yes,L1,No,True,True,False,11,True,192,High,📞 Contact Customer Immediately,"Unresolved Ticket, Escalated Case, Repeat Complaints, Delayed Resolution"
T00258,C0087,Technical,Open,2026-05-06,,56,Tamara Garcia,Premium,South,Chat,2025-06-17,Active,Yes,L3,No,True,True,False,3,True,192,High,📞 Contact Customer Immediately,"Unresolved Ticket, Escalated Case, Repeat Complaints, Delayed Resolution"
T00302,C0129,Technical,Open,2026-05-07,,55,Zachary Harris,Basic,North,Chat,2026-08-06,Cancelled,No,,Yes,True,False,True,5,True,190,High,📞 Contact Customer Immediately,"Unresolved Ticket, Repeat Complaints, Delayed Resolution"
T00819,C0151,Payment,Pending,2026-05-12,,50,Daniel Cunningham,Premium,East,Email,2025-05-08,Active,Yes,L1,No,True,True,False,4,True,190,High,📞 Contact Customer Immediately,"Unresolved Ticket, Escalated Case, Repeat Complaints, Delayed Resolution"
T00828,C0039,Account,Pending,2026-05-02,,60,David Schmidt,Enterprise,West,Phone,2025-07-19,Active,No,,No,True,False,False,4,True,190,High,📞 Contact Customer Immediately,"Unresolved Ticket, Repeat Complaints, Delayed Resolution"
T00341,C0296,Billing,Open,2026-05-18,,44,Marie Chavez,Basic,South,Chat,2025-01-22,Active,No,,No,True,False,False,7,True,188,High,📞 Contact Customer Immediately,"Unresolved Ticket, Repeat Complaints, Delayed Resolution"
T00052,C0479,Billing,Open,2026-05-13,,49,Kimberly Flores,Basic,East,Phone,2024-12-01,Active,No,,No,True,False,False,6,True,188,High,📞 Contact Customer Immediately,"Unresolved Ticket, Repeat Complaints, Delayed Resolution"
T01386,C0391,Payment,Open,2026-05-23,,39,Ashley Woodward,Premium,South,Phone,2026-01-26,Active,Yes,L2,No,True,True,False,6,True,188,High,📞 Contact Customer Immediately,"Unresolved Ticket, Escalated Case, Repeat Complaints, Delayed Resolution"
T01487,C0115,Billing,Pending,2026-05-23,,39,Duane Rice,Premium,South,Chat,2025-08-30,Active,Yes,L1,No,True,True,False,6,True,188,High,📞 Contact Customer Immediately,"Unresolved Ticket, Escalated Case, Repeat Complaints, Delayed Resolution"
T00110,C0159,Login,Pending,2026-05-03,,59,Steve Holder,Enterprise,North,Chat,2025-07-07,Cancelled,No,,Yes,True,False,True,4,True,188,High,📞 Contact Customer Immediately,"Unresolved Ticket, Repeat Complaints, Delayed Resolution"
T00472,C0256,Login,Open,2026-05-03,,59,Evelyn Burns,Basic,West,Chat,2025-10-25,Active,No,,No,True,False,False,4,True,188,High,📞 Contact Customer Immediately,"Unresolved Ticket, Repeat Complaints, Delayed Resolution"
T00822,C0248,Technical,Open,2026-04-28,,64,Gary Perry,Basic,North,Chat,2025-08-26,Active,No,,No,True,False,False,3,True,188,High,📞 Contact Customer Immediately,"Unresolved Ticket, Repeat Complaints, Delayed Resolution"
T01821,C0169,Account,Open,2026-04-28,,64,Jason Gomez,Enterprise,West,Phone,2025-11-14,Cancelled,No,,Yes,True,False,True,3,True,188,High,📞 Contact Customer Immediately,"Unresolved Ticket, Repeat Complaints, Delayed Resolution"
T01332,C0180,Payment,Pending,2026-05-24,,38,Robert Gibson,Basic,South,Email,2025-10-28,Active,No,,No,True,False,False,8,True,186,High,📞 Contact Customer Immediately,"Unresolved Ticket, Repeat Complaints, Delayed Resolution"
T01189,C0376,Account,Open,2026-05-14,,48,Scott Woods,Premium,East,Chat,2025-05-10,Active,No,,No,True,False,False,6,True,186,High,📞 Contact Customer Immediately,"Unresolved Ticket, Repeat Complaints, Delayed Resolution"
T00783,C0247,Technical,Pending,2026-05-19,,43,Amanda Reid,Premium,East,Chat,2026-06-19,Active,Yes,L1,No,True,True,False,5,True,186,High,📞 Contact Customer Immediately,"Unresolved Ticket, Escalated Case, Repeat Complaints, Delayed Resolution"
T01658,C0044,Technical,Pending,2026-05-19,,43,Andrea Edwards,Premium,North,Chat,2025-04-06,Active,Yes,L3,No,True,True,False,5,True,186,High,📞 Contact Customer Immediately,"Unresolved Ticket, Escalated Case, Repeat Complaints, Delayed Resolution"
T01305,C0447,Technical,Open,2026-05-14,,48,Michael Walter,Premium,West,Chat,2026-06-25,Active,Yes,L1,No,True,True,False,4,True,186,High,📞 Contact Customer Immediately,"Unresolved Ticket, Escalated Case, Repeat Complaints, Delayed Resolution"
T01883,C0313,Login,Open,2026-05-04,,58,Derek Frazier,Premium,West,Chat,2025-03-22,Active,No,,No,True,False,False,4,True,186,High,📞 Contact Customer Immediately,"Unresolved Ticket, Repeat Complaints, Delayed Resolution"
T01608,C0407,Payment,Pending,2026-04-24,,68,Heather Brown,Premium,East,Email,2026-08-08,Active,No,,No,True,False,False,2,False,186,High,📞 Contact Customer Immediately,"Unresolved Ticket, Delayed Resolution"
T00157,C0296,Technical,Open,2026-05-30,,32,Marie Chavez,Basic,South,Chat,2025-01-22,Active,Yes,L2,No,True,True,False,7,True,184,High,📞 Contact Customer Immediately,"Unresolved Ticket, Escalated Case, Repeat Complaints, Delayed Resolution"
T01337,C0156,Login,Pending,2026-05-15,,47,Thomas Khan,Enterprise,East,Email,2026-01-13,Active,No,,No,True,False,False,6,True,184,High,📞 Contact Customer Immediately,"Unresolved Ticket, Repeat Complaints, Delayed Resolution"
T01935,C0449,Account,Open,2026-05-10,,52,Justin Andrews,Enterprise,West,Email,2026-03-20,Active,Yes,L2,No,True,True,False,3,True,184,High,📞 Contact Customer Immediately,"Unresolved Ticket, Escalated Case, Repeat Complaints, Delayed Resolution"
T01158,C0188,Billing,Pending,2026-05-26,,36,Katherine Robinson,Enterprise,West,Email,2024-10-29,Cancelled,No,,Yes,True,False,True,8,True,182,High,📞 Contact Customer Immediately,"Unresolved Ticket, Repeat Complaints, Delayed Resolution"
T00886,C0306,Technical,Open,2026-05-21,,41,Jennifer Buchanan,Premium,West,Chat,2026-01-13,Active,Yes,L2,No,True,True,False,5,True,182,High,📞 Contact Customer Immediately,"Unresolved Ticket, Escalated Case, Repeat Complaints, Delayed Resolution"
T01964,C0418,Technical,Pending,2026-05-21,,41,Nicole Torres,Enterprise,South,Chat,2025-09-01,Active,Yes,L1,No,True,True,False,5,True,182,High,📞 Contact Customer Immediately,"Unresolved Ticket, Escalated Case, Repeat Complaints, Delayed Resolution"
T00597,C0457,Payment,Open,2026-05-16,,46,Ashley Avila,Premium,South,Chat,2025-06-11,Active,Yes,L3,No,True,True,False,4,True,182,High,📞 Contact Customer Immediately,"Unresolved Ticket, Escalated Case, Repeat Complaints, Delayed Resolution"
T00051,C0329,Login,Open,2026-05-22,,40,Kimberly Barnes,Premium,West,Email,2024-10-26,Cancelled,No,,Yes,True,False,True,7,True,180,High,📞 Contact Customer Immediately,"Unresolved Ticket, Repeat Complaints, Delayed Resolution"
T01493,C0396,Login,Open,2026-05-07,,55,Lisa Fowler,Premium,South,Email,2025-12-30,Active,No,,No,True,False,False,4,True,180,High,📞 Contact Customer Immediately,"Unresolved Ticket, Repeat Complaints, Delayed Resolution"
T01571,C0323,Login,Pending,2026-05-07,,55,Jennifer Mccarthy,Enterprise,North,Phone,2025-04-29,Active,No,,No,True,False,False,4,True,180,High,📞 Contact Customer Immediately,"Unresolved Ticket, Repeat Complaints, Delayed Resolution"
T00944,C0383,Billing,Open,2026-05-28,,34,Christopher Griffin,Basic,South,Chat,2025-03-16,Cancelled,No,,Yes,True,False,True,8,True,178,High,📞 Contact Customer Immediately,"Unresolved Ticket, Repeat Complaints, Delayed Resolution"
T00954,C0372,Billing,Pending,2026-06-02,,29,Zoe Rich,Enterprise,South,Email,2026-06-20,Active,Yes,L1,No,True,True,False,7,True,178,High,📞 Contact Customer Immediately,"Unresolved Ticket, Escalated Case, Repeat Complaints, Delayed Resolution"
T01256,C0023,Billing,Open,2026-05-18,,44,Teresa Tran,Enterprise,East,Email,2026-03-31,Cancelled,Yes,L2,Yes,True,True,True,4,True,178,High,📞 Contact Customer Immediately,"Unresolved Ticket, Escalated Case, Repeat Complaints, Delayed Resolution"
T01956,C0075,Payment,Open,2026-05-08,,54,Angela Burke,Basic,South,Chat,2026-06-23,Active,No,,No,True,False,False,4,True,178,High,📞 Contact Customer Immediately,"Unresolved Ticket, Repeat Complaints, Delayed Resolution"
T00318,C0038,Login,Pending,2026-05-03,,59,Sabrina Ayala,Enterprise,East,Phone,2024-08-21,Active,No,,No,True,False,False,3,True,178,High,📞 Contact Customer Immediately,"Unresolved Ticket, Repeat Complaints, Delayed Resolution"
T01607,C0471,Login,Open,2026-05-13,,49,Juan Daniel,Premium,East,Email,2026-05-05,Active,Yes,L3,No,True,True,False,3,True,178,High,📞 Contact Customer Immediately,"Unresolved Ticket, Escalated Case, Repeat Complaints, Delayed Resolution"
T00297,C0399,Billing,Open,2026-05-24,,38,Kenneth Smith,Premium,West,Chat,2024-08-12,Active,Yes,L1,No,True,True,False,5,True,176,High,📞 Contact Customer Immediately,"Unresolved Ticket, Escalated Case, Repeat Complaints, Delayed Resolution"
T00698,C0270,Technical,Pending,2026-05-14,,48,Corey Arias,Enterprise,East,Email,2025-05-30,Cancelled,No,,Yes,True,False,True,5,True,176,High,📞 Contact Customer Immediately,"Unresolved Ticket, Repeat Complaints, Delayed Resolution"
T01934,C0311,Technical,Open,2026-05-14,,48,Justin Parks,Basic,North,Phone,2025-02-20,Cancelled,No,,Yes,True,False,True,5,True,176,High,📞 Contact Customer Immediately,"Unresolved Ticket, Repeat Complaints, Delayed Resolution"
T01108,C0160,Account,Open,2026-05-19,,43,Eric Shepherd,Enterprise,South,Chat,2024-11-14,Cancelled,Yes,L2,Yes,True,True,True,4,True,176,High,📞 Contact Customer Immediately,"Unresolved Ticket, Escalated Case, Repeat Complaints, Delayed Resolution"
T01065,C0374,Account,Pending,2026-05-04,,58,Jeffrey Reid,Premium,South,Chat,2024-11-28,Active,No,,No,True,False,False,3,True,176,High,📞 Contact Customer Immediately,"Unresolved Ticket, Repeat Complaints, Delayed Resolution"
T01938,C0087,Login,Pending,2026-05-04,,58,Tamara Garcia,Premium,South,Chat,2025-06-17,Active,No,,No,True,False,False,3,True,176,High,📞 Contact Customer Immediately,"Unresolved Ticket, Repeat Complaints, Delayed Resolution"
T00040,C0260,Account,Open,2026-05-15,,47,Dr. Lisa Walker DDS,Basic,West,Phone,2025-06-16,Active,No,,No,True,False,False,5,True,174,High,📞 Contact Customer Immediately,"Unresolved Ticket, Repeat Complaints, Delayed Resolution"
T00821,C0129,Login,Pending,2026-05-25,,37,Zachary Harris,Basic,North,Chat,2026-08-06,Cancelled,Yes,L2,Yes,True,True,True,5,True,174,High,📞 Contact Customer Immediately,"Unresolved Ticket, Escalated Case, Repeat Complaints, Delayed Resolution"
T00137,C0012,Billing,Pending,2026-05-10,,52,Darlene Harris,Premium,North,Email,2025-04-02,Active,No,,No,True,False,False,4,True,174,High,📞 Contact Customer Immediately,"Unresolved Ticket, Repeat Complaints, Delayed Resolution"
T00559,C0141,Payment,Open,2026-05-10,,52,Daniel Silva,Premium,South,Email,2025-08-11,Cancelled,Yes,L1,Yes,True,True,True,2,False,174,High,📞 Contact Customer Immediately,"Unresolved Ticket, Escalated Case, Delayed Resolution"
T01937,C0427,Account,Pending,2026-04-30,,62,David Jacobs,Enterprise,South,Phone,2026-05-27,Cancelled,No,,Yes,True,False,True,2,False,174,High,📞 Contact Customer Immediately,"Unresolved Ticket, Delayed Resolution"
T00957,C0396,Payment,Pending,2026-05-11,,51,Lisa Fowler,Premium,South,Email,2025-12-30,Active,No,,No,True,False,False,4,True,172,High,📞 Contact Customer Immediately,"Unresolved Ticket, Repeat Complaints, Delayed Resolution"
T01967,C0145,Technical,Open,2026-05-21,,41,Amanda Lawrence,Enterprise,South,Chat,2026-06-15,Active,Yes,L1,No,True,True,False,4,True,172,High,📞 Contact Customer Immediately,"Unresolved Ticket, Escalated Case, Repeat Complaints, Delayed Resolution"
T01473,C0444,Billing,Open,2026-05-06,,56,Suzanne Brown,Enterprise,South,Phone,2026-05-20,Cancelled,No,,Yes,True,False,True,3,True,172,High,📞 Contact Customer Immediately,"Unresolved Ticket, Repeat Complaints, Delayed Resolution"
T00672,C0154,Account,Open,2026-05-22,,40,Dr. Kimberly Preston,Enterprise,East,Email,2026-07-23,Active,No,,No,True,False,False,6,True,170,High,📞 Contact Customer Immediately,"Unresolved Ticket, Repeat Complaints, Delayed Resolution"
T01593,C0137,Technical,Open,2026-05-12,,50,Tammy Hill,Basic,North,Chat,2024-12-14,Active,No,,No,True,False,False,4,True,170,High,📞 Contact Customer Immediately,"Unresolved Ticket, Repeat Complaints, Delayed Resolution"
T01390,C0439,Billing,Open,2026-05-02,,60,Alyssa Barker,Basic,East,Email,2024-11-11,Active,No,,No,True,False,False,2,False,170,High,📞 Contact Customer Immediately,"Unresolved Ticket, Delayed Resolution"
T01682,C0488,Login,Pending,2026-05-23,,39,Sean Pollard,Enterprise,North,Email,2024-10-28,Active,No,,No,True,False,False,6,True,168,High,📞 Contact Customer Immediately,"Unresolved Ticket, Repeat Complaints, Delayed Resolution"
T00820,C0490,Payment,Open,2026-05-28,,34,Anthony Tran,Basic,North,Chat,2026-06-11,Active,Yes,L1,No,True,True,False,5,True,168,High,📞 Contact Customer Immediately,"Unresolved Ticket, Escalated Case, Repeat Complaints, Delayed Resolution"
T01227,C0268,Login,Pending,2026-05-18,,44,Peter Baker,Basic,South,Email,2026-02-18,Cancelled,No,,Yes,True,False,True,5,True,168,High,📞 Contact Customer Immediately,"Unresolved Ticket, Repeat Complaints, Delayed Resolution"
T00162,C0447,Billing,Open,2026-05-13,,49,Michael Walter,Premium,West,Chat,2026-06-25,Active,No,,No,True,False,False,4,True,168,High,📞 Contact Customer Immediately,"Unresolved Ticket, Repeat Complaints, Delayed Resolution"
T01609,C0075,Billing,Open,2026-05-13,,49,Angela Burke,Basic,South,Chat,2026-06-23,Active,No,,No,True,False,False,4,True,168,High,📞 Contact Customer Immediately,"Unresolved Ticket, Repeat Complaints, Delayed Resolution"
T00542,C0400,Billing,Open,2026-05-18,,44,Candace Johnson,Enterprise,East,Email,2026-03-22,Active,Yes,L2,No,True,True,False,3,True,168,High,📞 Contact Customer Immediately,"Unresolved Ticket, Escalated Case, Repeat Complaints, Delayed Resolution"
T00654,C0170,Account,Open,2026-06-03,,28,Jaime Medina,Enterprise,South,Phone,2026-07-25,Active,No,,No,True,False,False,8,True,166,High,📞 Contact Customer Immediately,"Unresolved Ticket, Repeat Complaints, Delayed Resolution"
T01772,C0108,Billing,Open,2026-06-19,,12,Eric Garcia,Enterprise,East,Chat,2025-04-24,Active,No,,No,True,False,False,11,True,164,High,📞 Contact Customer Immediately,"Unresolved Ticket, Repeat Complaints, Delayed Resolution"
T00190,C0378,Payment,Open,2026-05-26,,36,Cody Rush,Premium,South,Email,2025-10-31,Active,No,,No,True,False,False,6,True,162,High,📞 Contact Customer Immediately,"Unresolved Ticket, Repeat Complaints, Delayed Resolution"
T01663,C0228,Billing,Open,2026-06-05,,26,Tammy Joseph,Premium,North,Phone,2026-01-17,Active,Yes,L2,No,True,True,False,6,True,162,High,📞 Contact Customer Immediately,"Unresolved Ticket, Escalated Case, Repeat Complaints, Delayed Resolution"
T01857,C0053,Account,Open,2026-05-26,,36,Cory Greene,Premium,South,Email,2025-10-11,Active,No,,No,True,False,False,6,True,162,High,📞 Contact Customer Immediately,"Unresolved Ticket, Repeat Complaints, Delayed Resolution"
T01768,C0472,Billing,Open,2026-05-31,,31,Carlos Johnson,Enterprise,South,Email,2025-09-25,Active,Yes,L3,No,True,True,False,5,True,162,High,📞 Contact Customer Immediately,"Unresolved Ticket, Escalated Case, Repeat Complaints, Delayed Resolution"
T01988,C0202,Account,Open,2026-05-16,,46,Sue Murray,Basic,South,Email,2025-10-22,Cancelled,No,,Yes,True,False,True,4,True,162,High,📞 Contact Customer Immediately,"Unresolved Ticket, Repeat Complaints, Delayed Resolution"
T00019,C0227,Payment,Open,2026-06-01,,30,David Ryan,Basic,South,Email,2025-03-08,Cancelled,No,,Yes,True,False,True,7,True,160,High,📞 Contact Customer Immediately,"Unresolved Ticket, Repeat Complaints, Delayed Resolution"
T00108,C0189,Login,Open,2026-05-22,,40,Steven Perez,Enterprise,South,Email,2025-07-04,Cancelled,No,,Yes,True,False,True,5,True,160,High,📞 Contact Customer Immediately,"Unresolved Ticket, Repeat Complaints, Delayed Resolution"
T01717,C0025,Payment,Pending,2026-05-17,,45,Shane Green,Enterprise,East,Phone,2025-03-25,Active,No,,No,True,False,False,4,True,160,High,📞 Contact Customer Immediately,"Unresolved Ticket, Repeat Complaints, Delayed Resolution"
T00729,C0109,Login,Pending,2026-05-12,,50,Jeffrey Weber,Basic,East,Email,2026-03-22,Active,No,,No,True,False,False,3,True,160,High,📞 Contact Customer Immediately,"Unresolved Ticket, Repeat Complaints, Delayed Resolution"
T00695,C0021,Technical,Pending,2026-06-02,,29,Bianca Obrien,Basic,South,Email,2026-06-28,Active,No,,No,True,False,False,7,True,158,High,📞 Contact Customer Immediately,"Unresolved Ticket, Repeat Complaints, Delayed Resolution"
T00134,C0128,Technical,Open,2026-05-28,,34,Gregory Foster,Basic,West,Chat,2026-04-18,Active,No,,No,True,False,False,6,True,158,High,📞 Contact Customer Immediately,"Unresolved Ticket, Repeat Complaints, Delayed Resolution"
T00238,C0288,Login,Pending,2026-05-23,,39,Joan Palmer,Enterprise,North,Phone,2025-04-29,Active,No,,No,True,False,False,5,True,158,High,📞 Contact Customer Immediately,"Unresolved Ticket, Repeat Complaints, Delayed Resolution"
T01176,C0176,Billing,Pending,2026-06-02,,29,Samuel Johnson,Basic,West,Phone,2025-12-14,Active,Yes,L2,No,True,True,False,5,True,158,High,📞 Contact Customer Immediately,"Unresolved Ticket, Escalated Case, Repeat Complaints, Delayed Resolution"
T01429,C0255,Billing,Open,2026-05-18,,44,Richard Foster,Basic,South,Email,2025-11-14,Active,Yes,L2,No,True,True,False,2,False,158,High,📞 Contact Customer Immediately,"Unresolved Ticket, Escalated Case, Delayed Resolution"
T00799,C0377,Technical,Open,2026-06-18,,13,Carmen Pitts,Premium,North,Chat,2024-12-22,Active,No,,No,True,False,False,10,True,156,High,📞 Contact Customer Immediately,"Unresolved Ticket, Repeat Complaints, Delayed Resolution"
T01361,C0114,Technical,Open,2026-05-24,,38,Donna Thompson,Enterprise,South,Phone,2025-08-22,Active,No,,No,True,False,False,5,True,156,High,📞 Contact Customer Immediately,"Unresolved Ticket, Repeat Complaints, Delayed Resolution"
T01623,C0012,Billing,Open,2026-05-19,,43,Darlene Harris,Premium,North,Email,2025-04-02,Active,No,,No,True,False,False,4,True,156,High,📞 Contact Customer Immediately,"Unresolved Ticket, Repeat Complaints, Delayed Resolution"
T01560,C0236,Login,Open,2026-06-04,,27,Morgan Zamora,Enterprise,South,Email,2025-09-10,Active,Yes,L3,No,True,True,False,5,True,154,High,📞 Contact Customer Immediately,"Unresolved Ticket, Escalated Case, Repeat Complaints, Delayed Resolution"
T01687,C0024,Technical,Open,2026-05-25,,37,Douglas Glenn,Premium,East,Email,2025-04-13,Active,No,,No,True,False,False,5,True,154,High,📞 Contact Customer Immediately,"Unresolved Ticket, Repeat Complaints, Delayed Resolution"
T00688,C0467,Payment,Open,2026-05-20,,42,Dr. Alexis Peterson MD,Enterprise,East,Phone,2025-12-15,Active,No,,No,True,False,False,4,True,154,High,📞 Contact Customer Immediately,"Unresolved Ticket, Repeat Complaints, Delayed Resolution"
T01976,C0304,Login,Pending,2026-06-10,,21,Sarah Love,Premium,East,Chat,2025-11-20,Active,No,,No,True,False,False,8,True,152,High,📞 Contact Customer Immediately,"Unresolved Ticket, Repeat Complaints, Delayed Resolution"
T01378,C0051,Account,Open,2026-05-16,,46,Debra Ward,Basic,East,Phone,2025-11-12,Active,No,,No,True,False,False,3,True,152,High,📞 Contact Customer Immediately,"Unresolved Ticket, Repeat Complaints, Delayed Resolution"
T01064,C0108,Technical,Resolved,2026-01-28,2026-02-07,10,Eric Garcia,Enterprise,East,Chat,2025-04-24,Active,Yes,L3,No,False,True,False,11,True,150,High,📞 Contact Customer Immediately,"Escalated Case, Repeat Complaints, Delayed Resolution"
T01240,C0069,Billing,Open,2026-06-11,,20,Traci Noble,Basic,South,Email,2024-11-28,Active,Yes,L2,No,True,True,False,6,True,150,High,📞 Contact Customer Immediately,"Unresolved Ticket, Escalated Case, Repeat Complaints, Delayed Resolution"
T01243,C0475,Billing,Open,2026-06-01,,30,Christopher Delgado,Premium,North,Chat,2025-09-26,Active,No,,No,True,False,False,6,True,150,High,📞 Contact Customer Immediately,"Unresolved Ticket, Repeat Complaints, Delayed Resolution"
T01338,C0172,Billing,Pending,2026-06-01,,30,Daniel Randolph,Enterprise,North,Chat,2025-02-28,Active,No,,No,True,False,False,6,True,150,High,📞 Contact Customer Immediately,"Unresolved Ticket, Repeat Complaints, Delayed Resolution"
T00641,C0077,Account,Open,2026-06-06,,25,Kristina Brown,Enterprise,South,Phone,2026-04-14,Active,Yes,L2,No,True,True,False,5,True,150,High,📞 Contact Customer Immediately,"Unresolved Ticket, Escalated Case, Repeat Complaints, Delayed Resolution"
T00968,C0383,Account,Pending,2026-06-12,,19,Christopher Griffin,Basic,South,Chat,2025-03-16,Cancelled,No,,Yes,True,False,True,8,True,148,High,📞 Contact Customer Immediately,"Unresolved Ticket, Repeat Complaints, Delayed Resolution"
T01135,C0112,Technical,Open,2026-06-12,,19,Seth Brewer,Premium,North,Email,2025-12-02,Active,No,,No,True,False,False,8,True,148,High,📞 Contact Customer Immediately,"Unresolved Ticket, Repeat Complaints, Delayed Resolution"
T00111,C0270,Login,Open,2026-05-28,,34,Corey Arias,Enterprise,East,Email,2025-05-30,Cancelled,No,,Yes,True,False,True,5,True,148,High,📞 Contact Customer Immediately,"Unresolved Ticket, Repeat Complaints, Delayed Resolution"
T00460,C0016,Login,Open,2026-05-23,,39,Jessica Dennis,Basic,West,Email,2026-04-24,Active,No,,No,True,False,False,4,True,148,High,📞 Contact Customer Immediately,"Unresolved Ticket, Repeat Complaints, Delayed Resolution"
T01681,C0277,Technical,Open,2026-05-18,,44,James Smith,Enterprise,East,Chat,2026-03-17,Active,No,,No,True,False,False,3,True,148,High,📞 Contact Customer Immediately,"Unresolved Ticket, Repeat Complaints, Delayed Resolution"
T01046,C0394,Billing,Resolved,2026-03-21,2026-03-29,8,Teresa Barnes,Premium,South,Email,2024-12-25,Active,Yes,L1,No,False,True,False,11,True,146,High,📞 Contact Customer Immediately,"Escalated Case, Repeat Complaints, Delayed Resolution"
T01865,C0122,Login,Open,2026-06-08,,23,Laura Singh,Basic,North,Phone,2025-04-27,Active,No,,No,True,False,False,7,True,146,High,📞 Contact Customer Immediately,"Unresolved Ticket, Repeat Complaints, Delayed Resolution"
T01496,C0067,Login,Open,2026-06-03,,28,Jonathan Anderson,Enterprise,East,Chat,2024-09-20,Active,No,,No,True,False,False,6,True,146,High,📞 Contact Customer Immediately,"Unresolved Ticket, Repeat Complaints, Delayed Resolution"
T00746,C0324,Billing,Open,2026-05-29,,33,Robert Coffey,Enterprise,West,Chat,2026-04-02,Active,No,,No,True,False,False,5,True,146,High,📞 Contact Customer Immediately,"Unresolved Ticket, Repeat Complaints, Delayed Resolution"
T01628,C0174,Technical,Open,2026-05-29,,33,Adam Nichols,Enterprise,East,Chat,2025-04-15,Active,No,,No,True,False,False,5,True,146,High,📞 Contact Customer Immediately,"Unresolved Ticket, Repeat Complaints, Delayed Resolution"
T00676,C0364,Billing,Open,2026-05-24,,38,William Anderson,Enterprise,East,Email,2025-05-23,Active,No,,No,True,False,False,4,True,146,High,📞 Contact Customer Immediately,"Unresolved Ticket, Repeat Complaints, Delayed Resolution"
T01945,C0447,Technical,Pending,2026-06-03,,28,Michael Walter,Premium,West,Chat,2026-06-25,Active,Yes,L2,No,True,True,False,4,True,146,High,📞 Contact Customer Immediately,"Unresolved Ticket, Escalated Case, Repeat Complaints, Delayed Resolution"
T00748,C0134,Account,Open,2026-05-19,,43,Emily Parker,Enterprise,South,Phone,2025-08-15,Active,No,,No,True,False,False,3,True,146,High,📞 Contact Customer Immediately,"Unresolved Ticket, Repeat Complaints, Delayed Resolution"
T00230,C0122,Payment,Open,2026-06-19,,12,Laura Singh,Basic,North,Phone,2025-04-27,Active,Yes,L2,No,True,True,False,7,True,144,High,📞 Contact Customer Immediately,"Unresolved Ticket, Escalated Case, Repeat Complaints, Delayed Resolution"
T01136,C0415,Billing,Open,2026-06-19,,12,Melissa Acosta,Basic,South,Chat,2026-05-10,Active,Yes,L2,No,True,True,False,7,True,144,High,📞 Contact Customer Immediately,"Unresolved Ticket, Escalated Case, Repeat Complaints, Delayed Resolution"
T01899,C0007,Billing,Open,2026-06-14,,17,Kyle Mendoza,Enterprise,North,Phone,2024-09-09,Cancelled,Yes,L1,Yes,True,True,True,6,True,144,High,📞 Contact Customer Immediately,"Unresolved Ticket, Escalated Case, Repeat Complaints, Delayed Resolution"
T01049,C0235,Login,Open,2026-05-20,,42,Bernard Fisher,Enterprise,South,Email,2025-01-14,Active,No,,No,True,False,False,3,True,144,High,📞 Contact Customer Immediately,"Unresolved Ticket, Repeat Complaints, Delayed Resolution"
T00541,C0389,Billing,Pending,2026-05-25,,37,Katherine Park,Basic,East,Email,2026-05-09,Active,Yes,L2,No,True,True,False,2,False,144,High,📞 Contact Customer Immediately,"Unresolved Ticket, Escalated Case, Delayed Resolution"
T01226,C0061,Technical,Open,2026-06-20,,11,David Mcgee,Enterprise,South,Email,2026-05-02,Cancelled,Yes,L3,Yes,True,True,True,7,True,142,High,📞 Contact Customer Immediately,"Unresolved Ticket, Escalated Case, Repeat Complaints, Delayed Resolution"
T00062,C0132,Technical,Open,2026-05-21,,41,Jordan Johnson,Enterprise,West,Phone,2025-11-30,Active,No,,No,True,False,False,3,True,142,High,📞 Contact Customer Immediately,"Unresolved Ticket, Repeat Complaints, Delayed Resolution"
T01533,C0166,Billing,Open,2026-05-21,,41,Adam Griffin,Premium,West,Chat,2024-10-23,Cancelled,No,,Yes,True,False,True,3,True,142,High,📞 Contact Customer Immediately,"Unresolved Ticket, Repeat Complaints, Delayed Resolution"
T00620,C0253,Technical,Pending,2026-05-11,,51,Eric Mason,Premium,East,Chat,2026-03-11,Active,No,,No,True,False,False,1,False,142,High,📞 Contact Customer Immediately,"Unresolved Ticket, Delayed Resolution"
T00733,C0149,Billing,Resolved,2026-02-20,2026-03-02,10,Justin Miller,Premium,South,Email,2026-04-22,Active,Yes,L1,No,False,True,False,10,True,140,High,📞 Contact Customer Immediately,"Escalated Case, Repeat Complaints, Delayed Resolution"
T01596,C0500,Billing,Open,2026-06-06,,25,Rebecca Gonzales,Premium,South,Email,2026-01-21,Active,Yes,L3,No,True,True,False,4,True,140,High,📞 Contact Customer Immediately,"Unresolved Ticket, Escalated Case, Repeat Complaints, Delayed Resolution"
T00922,C0445,Account,Pending,2026-05-22,,40,Kelly Wood,Basic,East,Chat,2025-04-07,Active,No,,No,True,False,False,3,True,140,High,📞 Contact Customer Immediately,"Unresolved Ticket, Repeat Complaints, Delayed Resolution"
T01793,C0485,Login,Open,2026-06-17,,14,Robert Coleman,Premium,West,Chat,2025-12-10,Active,No,,No,True,False,False,8,True,138,High,📞 Contact Customer Immediately,"Unresolved Ticket, Repeat Complaints, Delayed Resolution"
T00637,C0361,Account,Open,2026-05-28,,34,Christopher Benitez,Enterprise,West,Chat,2026-04-10,Cancelled,No,,Yes,True,False,True,4,True,138,High,📞 Contact Customer Immediately,"Unresolved Ticket, Repeat Complaints, Delayed Resolution"
T00972,C0498,Login,Open,2026-05-28,,34,Jonathan Myers,Basic,West,Phone,2025-08-15,Active,Yes,L2,No,True,True,False,2,False,138,High,📞 Contact Customer Immediately,"Unresolved Ticket, Escalated Case, Delayed Resolution"
T00322,C0394,Technical,Resolved,2026-04-01,2026-04-04,3,Teresa Barnes,Premium,South,Email,2024-12-25,Active,Yes,L1,No,False,True,False,11,True,136,High,📞 Contact Customer Immediately,"Escalated Case, Repeat Complaints"
T01668,C0394,Billing,Resolved,2026-04-15,2026-04-18,3,Teresa Barnes,Premium,South,Email,2024-12-25,Active,Yes,L3,No,False,True,False,11,True,136,High,📞 Contact Customer Immediately,"Escalated Case, Repeat Complaints"
T00362,C0377,Technical,Resolved,2026-01-09,2026-01-17,8,Carmen Pitts,Premium,North,Chat,2024-12-22,Active,Yes,L1,No,False,True,False,10,True,136,High,📞 Contact Customer Immediately,"Escalated Case, Repeat Complaints, Delayed Resolution"
T01229,C0377,Technical,Resolved,2026-01-05,2026-01-13,8,Carmen Pitts,Premium,North,Chat,2024-12-22,Active,Yes,L2,No,False,True,False,10,True,136,High,📞 Contact Customer Immediately,"Escalated Case, Repeat Complaints, Delayed Resolution"
T00832,C0118,Technical,Open,2026-06-08,,23,Courtney Fleming,Enterprise,East,Phone,2025-08-12,Active,No,,No,True,False,False,6,True,136,High,📞 Contact Customer Immediately,"Unresolved Ticket, Repeat Complaints, Delayed Resolution"
T00041,C0020,Payment,Open,2026-06-08,,23,Nicole Dunlap,Enterprise,South,Chat,2026-07-10,Active,Yes,L1,No,True,True,False,4,True,136,High,📞 Contact Customer Immediately,"Unresolved Ticket, Escalated Case, Repeat Complaints, Delayed Resolution"
T00225,C0315,Billing,Resolved,2026-01-18,2026-01-20,2,Keith Munoz,Premium,North,Chat,2026-03-22,Active,Yes,L2,No,False,True,False,11,True,134,High,📞 Contact Customer Immediately,"Escalated Case, Repeat Complaints"
T00871,C0108,Technical,Resolved,2026-01-25,2026-01-27,2,Eric Garcia,Enterprise,East,Chat,2025-04-24,Active,Yes,L1,No,False,True,False,11,True,134,High,📞 Contact Customer Immediately,"Escalated Case, Repeat Complaints"
T00126,C0149,Payment,Resolved,2026-06-25,2026-07-02,7,Justin Miller,Premium,South,Email,2026-04-22,Active,Yes,L3,No,False,True,False,10,True,134,High,📞 Contact Customer Immediately,"Escalated Case, Repeat Complaints"
T00525,C0135,Technical,Open,2026-05-25,,37,Vickie Guerrero,Basic,East,Phone,2025-07-16,Active,No,,No,True,False,False,3,True,134,High,📞 Contact Customer Immediately,"Unresolved Ticket, Repeat Complaints, Delayed Resolution"
T00802,C0315,Billing,Resolved,2026-06-12,2026-06-13,1,Keith Munoz,Premium,North,Chat,2026-03-22,Active,Yes,L2,No,False,True,False,11,True,132,High,📞 Contact Customer Immediately,"Escalated Case, Repeat Complaints"
T01526,C0394,Login,Resolved,2026-03-26,2026-03-27,1,Teresa Barnes,Premium,South,Email,2024-12-25,Active,Yes,L2,No,False,True,False,11,True,132,High,📞 Contact Customer Immediately,"Escalated Case, Repeat Complaints"
T01644,C0149,Billing,Resolved,2026-01-31,2026-02-06,6,Justin Miller,Premium,South,Email,2026-04-22,Active,Yes,L2,No,False,True,False,10,True,132,High,📞 Contact Customer Immediately,"Escalated Case, Repeat Complaints"
T01684,C0149,Technical,Resolved,2026-05-04,2026-05-09,5,Justin Miller,Premium,South,Email,2026-04-22,Active,Yes,L3,No,False,True,False,10,True,130,High,📞 Contact Customer Immediately,"Escalated Case, Repeat Complaints"
T01157,C0365,Account,Resolved,2026-05-20,2026-05-30,10,Austin Davila,Enterprise,North,Chat,2025-03-04,Cancelled,Yes,L1,Yes,False,True,True,9,True,130,High,📞 Contact Customer Immediately,"Escalated Case, Repeat Complaints, Delayed Resolution"
T00702,C0244,Account,Open,2026-06-16,,15,Robert Clark,Premium,South,Chat,2025-11-24,Active,No,,No,True,False,False,7,True,130,High,📞 Contact Customer Immediately,"Unresolved Ticket, Repeat Complaints, Delayed Resolution"
T01980,C0338,Billing,Open,2026-06-16,,15,Mary Thomas,Premium,South,Chat,2025-12-09,Active,No,,No,True,False,False,7,True,130,High,📞 Contact Customer Immediately,"Unresolved Ticket, Repeat Complaints, Delayed Resolution"
T00346,C0089,Payment,Pending,2026-06-01,,30,Miranda Jones,Premium,North,Email,2025-01-05,Active,No,,No,True,False,False,4,True,130,High,📞 Contact Customer Immediately,"Unresolved Ticket, Repeat Complaints, Delayed Resolution"
T01111,C0092,Account,Open,2026-06-11,,20,Christopher Clark,Premium,West,Email,2026-04-16,Cancelled,Yes,L2,Yes,True,True,True,4,True,130,High,📞 Contact Customer Immediately,"Unresolved Ticket, Escalated Case, Repeat Complaints, Delayed Resolution"
T01486,C0449,Login,Pending,2026-05-27,,35,Justin Andrews,Enterprise,West,Email,2026-03-20,Active,No,,No,True,False,False,3,True,130,High,📞 Contact Customer Immediately,"Unresolved Ticket, Repeat Complaints, Delayed Resolution"
T01122,C0394,Payment,Resolved,2026-02-02,2026-02-11,9,Teresa Barnes,Premium,South,Email,2024-12-25,Active,No,,No,False,False,False,11,True,128,High,📞 Contact Customer Immediately,"Repeat Complaints, Delayed Resolution"
T01773,C0315,Billing,Resolved,2026-04-10,2026-04-19,9,Keith Munoz,Premium,North,Chat,2026-03-22,Active,No,,No,False,False,False,11,True,128,High,📞 Contact Customer Immediately,"Repeat Complaints, Delayed Resolution"
T01499,C0149,Payment,Resolved,2026-04-26,2026-04-30,4,Justin Miller,Premium,South,Email,2026-04-22,Active,Yes,L1,No,False,True,False,10,True,128,High,📞 Contact Customer Immediately,"Escalated Case, Repeat Complaints"
T00446,C0365,Payment,Resolved,2026-03-01,2026-03-10,9,Austin Davila,Enterprise,North,Chat,2025-03-04,Cancelled,Yes,L3,Yes,False,True,True,9,True,128,High,📞 Contact Customer Immediately,"Escalated Case, Repeat Complaints, Delayed Resolution"
T01943,C0341,Technical,Pending,2026-06-12,,19,Antonio Potter,Enterprise,East,Email,2025-07-17,Cancelled,Yes,L3,Yes,True,True,True,4,True,128,High,📞 Contact Customer Immediately,"Unresolved Ticket, Escalated Case, Repeat Complaints, Delayed Resolution"
T00200,C0315,Technical,Resolved,2026-02-04,2026-02-12,8,Keith Munoz,Premium,North,Chat,2026-03-22,Active,No,,No,False,False,False,11,True,126,High,📞 Contact Customer Immediately,"Repeat Complaints, Delayed Resolution"
T01775,C0365,Payment,Resolved,2026-05-04,2026-05-12,8,Austin Davila,Enterprise,North,Chat,2025-03-04,Cancelled,Yes,L3,Yes,False,True,True,9,True,126,High,📞 Contact Customer Immediately,"Escalated Case, Repeat Complaints, Delayed Resolution"
T00264,C0327,Account,Pending,2026-06-18,,13,Dennis Lopez,Premium,North,Email,2025-09-06,Active,Yes,L3,No,True,True,False,5,True,126,High,📞 Contact Customer Immediately,"Unresolved Ticket, Escalated Case, Repeat Complaints, Delayed Resolution"
T00345,C0179,Payment,Open,2026-06-08,,23,Christopher Castro,Basic,East,Email,2025-10-21,Cancelled,No,,Yes,True,False,True,5,True,126,High,📞 Contact Customer Immediately,"Unresolved Ticket, Repeat Complaints, Delayed Resolution"
T00404,C0399,Billing,Open,2026-06-18,,13,Kenneth Smith,Premium,West,Chat,2024-08-12,Active,Yes,L1,No,True,True,False,5,True,126,High,📞 Contact Customer Immediately,"Unresolved Ticket, Escalated Case, Repeat Complaints, Delayed Resolution"
T01858,C0088,Payment,Pending,2026-06-03,,28,Kelly Taylor,Premium,South,Email,2026-06-25,Active,No,,No,True,False,False,4,True,126,High,📞 Contact Customer Immediately,"Unresolved Ticket, Repeat Complaints, Delayed Resolution"
T00253,C0134,Account,Pending,2026-05-29,,33,Emily Parker,Enterprise,South,Phone,2025-08-15,Active,No,,No,True,False,False,3,True,126,High,📞 Contact Customer Immediately,"Unresolved Ticket, Repeat Complaints, Delayed Resolution"
T00365,C0108,Account,Resolved,2026-06-06,2026-06-13,7,Eric Garcia,Enterprise,East,Chat,2025-04-24,Active,No,,No,False,False,False,11,True,124,High,📞 Contact Customer Immediately,Repeat Complaints
T01705,C0108,Billing,Resolved,2026-06-13,2026-06-20,7,Eric Garcia,Enterprise,East,Chat,2025-04-24,Active,No,,No,False,False,False,11,True,124,High,📞 Contact Customer Immediately,Repeat Complaints
T01972,C0377,Billing,Resolved,2026-05-28,2026-05-30,2,Carmen Pitts,Premium,North,Chat,2024-12-22,Active,Yes,L3,No,False,True,False,10,True,124,High,📞 Contact Customer Immediately,"Escalated Case, Repeat Complaints"
T00394,C0356,Technical,Resolved,2026-02-28,2026-03-07,7,Rachael Underwood,Basic,West,Phone,2026-05-26,Cancelled,Yes,L2,Yes,False,True,True,9,True,124,High,📞 Contact Customer Immediately,"Escalated Case, Repeat Complaints"
T01478,C0233,Billing,Open,2026-06-14,,17,Mark Bates,Basic,East,Phone,2025-07-28,Active,No,,No,True,False,False,6,True,124,High,📞 Contact Customer Immediately,"Unresolved Ticket, Repeat Complaints, Delayed Resolution"
T01733,C0443,Account,Open,2026-06-09,,22,Paige Wells,Enterprise,North,Chat,2024-10-18,Active,No,,No,True,False,False,5,True,124,High,📞 Contact Customer Immediately,"Unresolved Ticket, Repeat Complaints, Delayed Resolution"
T00122,C0088,Account,Open,2026-06-04,,27,Kelly Taylor,Premium,South,Email,2026-06-25,Active,No,,No,True,False,False,4,True,124,High,📞 Contact Customer Immediately,"Unresolved Ticket, Repeat Complaints, Delayed Resolution"
T00650,C0282,Billing,Open,2026-06-04,,27,Douglas Elliott,Enterprise,North,Email,2025-06-03,Active,No,,No,True,False,False,4,True,124,High,📞 Contact Customer Immediately,"Unresolved Ticket, Repeat Complaints, Delayed Resolution"
T00909,C0008,Technical,Open,2026-05-30,,32,Allison Bartlett,Basic,West,Email,2026-05-21,Active,No,,No,True,False,False,3,True,124,High,📞 Contact Customer Immediately,"Unresolved Ticket, Repeat Complaints, Delayed Resolution"
T01200,C0394,Login,Resolved,2026-06-20,2026-06-26,6,Teresa Barnes,Premium,South,Email,2024-12-25,Active,No,,No,False,False,False,11,True,122,High,📞 Contact Customer Immediately,Repeat Complaints
T01656,C0377,Payment,Resolved,2026-02-12,2026-02-13,1,Carmen Pitts,Premium,North,Chat,2024-12-22,Active,Yes,L1,No,False,True,False,10,True,122,High,📞 Contact Customer Immediately,"Escalated Case, Repeat Complaints"
T00199,C0354,Billing,Resolved,2026-03-17,2026-03-23,6,Natalie Simmons,Premium,North,Phone,2025-11-19,Active,Yes,L1,No,False,True,False,9,True,122,High,📞 Contact Customer Immediately,"Escalated Case, Repeat Complaints"
T00737,C0356,Account,Resolved,2026-05-26,2026-06-01,6,Rachael Underwood,Basic,West,Phone,2026-05-26,Cancelled,Yes,L3,Yes,False,True,True,9,True,122,High,📞 Contact Customer Immediately,"Escalated Case, Repeat Complaints"
T00471,C0315,Account,Resolved,2026-06-15,2026-06-20,5,Keith Munoz,Premium,North,Chat,2026-03-22,Active,No,,No,False,False,False,11,True,120,High,📞 Contact Customer Immediately,Repeat Complaints
T00781,C0050,Technical,Resolved,2026-06-07,2026-06-17,10,Kelly Villanueva,Premium,South,Chat,2025-01-07,Active,Yes,L2,No,False,True,False,8,True,120,High,📞 Contact Customer Immediately,"Escalated Case, Repeat Complaints, Delayed Resolution"
T01320,C0170,Payment,Resolved,2026-03-16,2026-03-26,10,Jaime Medina,Enterprise,South,Phone,2026-07-25,Active,Yes,L2,No,False,True,False,8,True,120,High,📞 Contact Customer Immediately,"Escalated Case, Repeat Complaints, Delayed Resolution"
T00306,C0172,Login,Open,2026-06-16,,15,Daniel Randolph,Enterprise,North,Chat,2025-02-28,Active,No,,No,True,False,False,6,True,120,High,📞 Contact Customer Immediately,"Unresolved Ticket, Repeat Complaints, Delayed Resolution"
T01678,C0052,Technical,Open,2026-06-16,,15,Julia Smith,Basic,North,Phone,2026-04-28,Active,No,,No,True,False,False,6,True,120,High,📞 Contact Customer Immediately,"Unresolved Ticket, Repeat Complaints, Delayed Resolution"
T01503,C0377,Account,Resolved,2026-01-25,2026-02-03,9,Carmen Pitts,Premium,North,Chat,2024-12-22,Active,No,,No,False,False,False,10,True,118,High,📞 Contact Customer Immediately,"Repeat Complaints, Delayed Resolution"
T01578,C0230,Login,Resolved,2026-03-15,2026-03-19,4,Ricky Martin,Premium,East,Email,2025-08-22,Active,Yes,L2,No,False,True,False,9,True,118,High,📞 Contact Customer Immediately,"Escalated Case, Repeat Complaints"
T00642,C0028,Billing,Resolved,2026-02-10,2026-02-19,9,Jennifer Myers,Enterprise,South,Email,2026-06-27,Active,Yes,L1,No,False,True,False,8,True,118,High,📞 Contact Customer Immediately,"Escalated Case, Repeat Complaints, Delayed Resolution"
T00277,C0118,Technical,Pending,2026-06-27,,4,Courtney Fleming,Enterprise,East,Phone,2025-08-12,Active,Yes,L3,No,True,True,False,6,True,118,High,📞 Contact Customer Immediately,"Unresolved Ticket, Escalated Case, Repeat Complaints"
T00648,C0162,Billing,Pending,2026-06-17,,14,Laura Brooks,Enterprise,South,Chat,2025-07-14,Active,Yes,L2,No,True,True,False,4,True,118,High,📞 Contact Customer Immediately,"Unresolved Ticket, Escalated Case, Repeat Complaints, Delayed Resolution"
T01415,C0254,Account,Pending,2026-06-07,,24,Adam Ritter,Premium,East,Phone,2026-02-12,Active,Yes,L1,No,True,True,False,2,False,118,High,📞 Contact Customer Immediately,"Unresolved Ticket, Escalated Case, Delayed Resolution"
T00863,C0315,Payment,Resolved,2026-02-07,2026-02-10,3,Keith Munoz,Premium,North,Chat,2026-03-22,Active,No,,No,False,False,False,11,True,116,High,📞 Contact Customer Immediately,Repeat Complaints
T00721,C0149,Payment,Resolved,2026-03-14,2026-03-22,8,Justin Miller,Premium,South,Email,2026-04-22,Active,No,,No,False,False,False,10,True,116,High,📞 Contact Customer Immediately,"Repeat Complaints, Delayed Resolution"
T00986,C0379,Billing,Resolved,2026-06-08,2026-06-11,3,Holly Little,Premium,East,Phone,2026-06-11,Active,Yes,L2,No,False,True,False,9,True,116,High,📞 Contact Customer Immediately,"Escalated Case, Repeat Complaints"
T01641,C0356,Technical,Resolved,2026-01-09,2026-01-12,3,Rachael Underwood,Basic,West,Phone,2026-05-26,Cancelled,Yes,L1,Yes,False,True,True,9,True,116,High,📞 Contact Customer Immediately,"Escalated Case, Repeat Complaints"
T00246,C0383,Login,Pending,2026-06-28,,3,Christopher Griffin,Basic,South,Chat,2025-03-16,Cancelled,No,,Yes,True,False,True,8,True,116,High,📞 Contact Customer Immediately,"Unresolved Ticket, Repeat Complaints"
T00330,C0426,Technical,Resolved,2026-03-29,2026-04-06,8,Christopher Sampson,Basic,West,Email,2025-07-04,Active,Yes,L1,No,False,True,False,8,True,116,High,📞 Contact Customer Immediately,"Escalated Case, Repeat Complaints, Delayed Resolution"
T00774,C0485,Billing,Resolved,2026-06-05,2026-06-13,8,Robert Coleman,Premium,West,Chat,2025-12-10,Active,Yes,L3,No,False,True,False,8,True,116,High,📞 Contact Customer Immediately,"Escalated Case, Repeat Complaints, Delayed Resolution"
T00787,C0180,Account,Open,2026-06-28,,3,Robert Gibson,Basic,South,Email,2025-10-28,Active,No,,No,True,False,False,8,True,116,High,📞 Contact Customer Immediately,"Unresolved Ticket, Repeat Complaints"
T01263,C0028,Login,Resolved,2026-06-06,2026-06-14,8,Jennifer Myers,Enterprise,South,Email,2026-06-27,Active,Yes,L2,No,False,True,False,8,True,116,High,📞 Contact Customer Immediately,"Escalated Case, Repeat Complaints, Delayed Resolution"
T01404,C0050,Billing,Resolved,2026-05-14,2026-05-22,8,Kelly Villanueva,Premium,South,Chat,2025-01-07,Active,Yes,L3,No,False,True,False,8,True,116,High,📞 Contact Customer Immediately,"Escalated Case, Repeat Complaints, Delayed Resolution"
T01872,C0028,Technical,Open,2026-06-28,,3,Jennifer Myers,Enterprise,South,Email,2026-06-27,Active,No,,No,True,False,False,8,True,116,High,📞 Contact Customer Immediately,"Unresolved Ticket, Repeat Complaints"
T00090,C0315,Login,Resolved,2026-01-15,2026-01-17,2,Keith Munoz,Premium,North,Chat,2026-03-22,Active,No,,No,False,False,False,11,True,114,High,📞 Contact Customer Immediately,Repeat Complaints
T01543,C0315,Technical,Resolved,2026-04-20,2026-04-22,2,Keith Munoz,Premium,North,Chat,2026-03-22,Active,No,,No,False,False,False,11,True,114,High,📞 Contact Customer Immediately,Repeat Complaints
T00291,C0379,Login,Resolved,2026-01-28,2026-01-30,2,Holly Little,Premium,East,Phone,2026-06-11,Active,Yes,L2,No,False,True,False,9,True,114,High,📞 Contact Customer Immediately,"Escalated Case, Repeat Complaints"
T00611,C0356,Billing,Resolved,2026-06-19,2026-06-21,2,Rachael Underwood,Basic,West,Phone,2026-05-26,Cancelled,Yes,L2,Yes,False,True,True,9,True,114,High,📞 Contact Customer Immediately,"Escalated Case, Repeat Complaints"
T01129,C0356,Technical,Resolved,2026-06-21,2026-06-23,2,Rachael Underwood,Basic,West,Phone,2026-05-26,Cancelled,Yes,L2,Yes,False,True,True,9,True,114,High,📞 Contact Customer Immediately,"Escalated Case, Repeat Complaints"
T00527,C0050,Billing,Resolved,2026-05-19,2026-05-26,7,Kelly Villanueva,Premium,South,Chat,2025-01-07,Active,Yes,L2,No,False,True,False,8,True,114,High,📞 Contact Customer Immediately,"Escalated Case, Repeat Complaints"
T00530,C0294,Technical,Resolved,2026-01-21,2026-01-28,7,Kristin Cox,Premium,West,Phone,2025-03-09,Active,Yes,L2,No,False,True,False,8,True,114,High,📞 Contact Customer Immediately,"Escalated Case, Repeat Complaints"
T01492,C0485,Account,Resolved,2026-05-15,2026-05-22,7,Robert Coleman,Premium,West,Chat,2025-12-10,Active,Yes,L2,No,False,True,False,8,True,114,High,📞 Contact Customer Immediately,"Escalated Case, Repeat Complaints"
T01919,C0050,Technical,Resolved,2026-01-02,2026-01-09,7,Kelly Villanueva,Premium,South,Chat,2025-01-07,Active,Yes,L3,No,False,True,False,8,True,114,High,📞 Contact Customer Immediately,"Escalated Case, Repeat Complaints"
T01799,C0108,Login,Resolved,2026-05-23,2026-05-24,1,Eric Garcia,Enterprise,East,Chat,2025-04-24,Active,No,,No,False,False,False,11,True,112,High,📞 Contact Customer Immediately,Repeat Complaints
T00172,C0149,Billing,Resolved,2026-01-21,2026-01-27,6,Justin Miller,Premium,South,Email,2026-04-22,Active,No,,No,False,False,False,10,True,112,High,📞 Contact Customer Immediately,Repeat Complaints
T00061,C0230,Account,Resolved,2026-01-21,2026-01-22,1,Ricky Martin,Premium,East,Email,2025-08-22,Active,Yes,L1,No,False,True,False,9,True,112,High,📞 Contact Customer Immediately,"Escalated Case, Repeat Complaints"
T01761,C0426,Technical,Resolved,2026-01-29,2026-02-04,6,Christopher Sampson,Basic,West,Email,2025-07-04,Active,Yes,L1,No,False,True,False,8,True,112,High,📞 Contact Customer Immediately,"Escalated Case, Repeat Complaints"
T00907,C0102,Payment,Open,2026-06-20,,11,Katie Robinson,Enterprise,North,Email,2025-01-06,Active,No,,No,True,False,False,6,True,112,High,📞 Contact Customer Immediately,"Unresolved Ticket, Repeat Complaints, Delayed Resolution"
T01467,C0328,Payment,Pending,2026-06-25,,6,Cassandra Robinson,Premium,South,Chat,2025-04-01,Active,Yes,L1,No,True,True,False,5,True,112,High,📞 Contact Customer Immediately,"Unresolved Ticket, Escalated Case, Repeat Complaints"
T01027,C0219,Login,Open,2026-06-05,,26,Melissa Wilson,Basic,West,Chat,2026-02-02,Active,No,,No,True,False,False,3,True,112,High,📞 Contact Customer Immediately,"Unresolved Ticket, Repeat Complaints, Delayed Resolution"
T01749,C0356,Login,Resolved,2026-03-26,2026-04-05,10,Rachael Underwood,Basic,West,Phone,2026-05-26,Cancelled,No,,Yes,False,False,True,9,True,110,High,📞 Contact Customer Immediately,"Repeat Complaints, Delayed Resolution"
T00656,C0050,Technical,Resolved,2026-04-01,2026-04-06,5,Kelly Villanueva,Premium,South,Chat,2025-01-07,Active,Yes,L1,No,False,True,False,8,True,110,High,📞 Contact Customer Immediately,"Escalated Case, Repeat Complaints"
T01254,C0028,Payment,Resolved,2026-04-22,2026-04-27,5,Jennifer Myers,Enterprise,South,Email,2026-06-27,Active,Yes,L3,No,False,True,False,8,True,110,High,📞 Contact Customer Immediately,"Escalated Case, Repeat Complaints"
T01686,C0180,Technical,Resolved,2026-05-11,2026-05-16,5,Robert Gibson,Basic,South,Email,2025-10-28,Active,Yes,L1,No,False,True,False,8,True,110,High,📞 Contact Customer Immediately,"Escalated Case, Repeat Complaints"
T00400,C0045,Billing,Resolved,2026-02-01,2026-02-11,10,Gina Gonzales,Premium,West,Phone,2026-08-04,Active,Yes,L3,No,False,True,False,7,True,110,High,📞 Contact Customer Immediately,"Escalated Case, Repeat Complaints, Delayed Resolution"
T00933,C0329,Login,Resolved,2026-05-15,2026-05-25,10,Kimberly Barnes,Premium,West,Email,2024-10-26,Cancelled,Yes,L3,Yes,False,True,True,7,True,110,High,📞 Contact Customer Immediately,"Escalated Case, Repeat Complaints, Delayed Resolution"
T01196,C0045,Account,Resolved,2026-06-18,2026-06-28,10,Gina Gonzales,Premium,West,Phone,2026-08-04,Active,Yes,L3,No,False,True,False,7,True,110,High,📞 Contact Customer Immediately,"Escalated Case, Repeat Complaints, Delayed Resolution"
T01683,C0232,Billing,Resolved,2026-04-29,2026-05-09,10,Allison Perez MD,Premium,North,Phone,2026-03-04,Active,Yes,L3,No,False,True,False,7,True,110,High,📞 Contact Customer Immediately,"Escalated Case, Repeat Complaints, Delayed Resolution"
T01763,C0415,Payment,Resolved,2026-05-15,2026-05-25,10,Melissa Acosta,Basic,South,Chat,2026-05-10,Active,Yes,L1,No,False,True,False,7,True,110,High,📞 Contact Customer Immediately,"Escalated Case, Repeat Complaints, Delayed Resolution"
T01776,C0243,Payment,Resolved,2026-06-13,2026-06-23,10,David Peters,Premium,East,Phone,2025-04-19,Cancelled,Yes,L2,Yes,False,True,True,7,True,110,High,📞 Contact Customer Immediately,"Escalated Case, Repeat Complaints, Delayed Resolution"
T01959,C0353,Billing,Resolved,2026-06-30,2026-07-10,10,Tyler Dean,Enterprise,East,Email,2025-02-06,Active,Yes,L3,No,False,True,False,7,True,110,High,📞 Contact Customer Immediately,"Escalated Case, Repeat Complaints, Delayed Resolution"
T01983,C0329,Account,Resolved,2026-05-31,2026-06-10,10,Kimberly Barnes,Premium,West,Email,2024-10-26,Cancelled,Yes,L1,Yes,False,True,True,7,True,110,High,📞 Contact Customer Immediately,"Escalated Case, Repeat Complaints, Delayed Resolution"
T01246,C0211,Technical,Pending,2026-06-06,,25,Randall Moran,Premium,North,Chat,2026-07-23,Active,No,,No,True,False,False,3,True,110,High,📞 Contact Customer Immediately,"Unresolved Ticket, Repeat Complaints, Delayed Resolution"
T00152,C0379,Payment,Resolved,2026-05-10,2026-05-19,9,Holly Little,Premium,East,Phone,2026-06-11,Active,No,,No,False,False,False,9,True,108,High,📞 Contact Customer Immediately,"Repeat Complaints, Delayed Resolution"
T00989,C0379,Account,Resolved,2026-05-20,2026-05-29,9,Holly Little,Premium,East,Phone,2026-06-11,Active,No,,No,False,False,False,9,True,108,High,📞 Contact Customer Immediately,"Repeat Complaints, Delayed Resolution"
T00991,C0356,Billing,Resolved,2026-06-19,2026-06-28,9,Rachael Underwood,Basic,West,Phone,2026-05-26,Cancelled,No,,Yes,False,False,True,9,True,108,High,📞 Contact Customer Immediately,"Repeat Complaints, Delayed Resolution"
T00902,C0063,Technical,Resolved,2026-04-24,2026-04-28,4,Zachary Jensen,Basic,East,Phone,2024-11-13,Active,Yes,L1,No,False,True,False,8,True,108,High,📞 Contact Customer Immediately,"Escalated Case, Repeat Complaints"
T00931,C0428,Technical,Resolved,2026-01-09,2026-01-13,4,Kristin Sellers,Enterprise,North,Email,2025-09-14,Active,Yes,L3,No,False,True,False,8,True,108,High,📞 Contact Customer Immediately,"Escalated Case, Repeat Complaints"
T00103,C0045,Payment,Resolved,2026-01-17,2026-01-26,9,Gina Gonzales,Premium,West,Phone,2026-08-04,Active,Yes,L3,No,False,True,False,7,True,108,High,📞 Contact Customer Immediately,"Escalated Case, Repeat Complaints, Delayed Resolution"
T00671,C0232,Technical,Resolved,2026-06-04,2026-06-13,9,Allison Perez MD,Premium,North,Phone,2026-03-04,Active,Yes,L3,No,False,True,False,7,True,108,High,📞 Contact Customer Immediately,"Escalated Case, Repeat Complaints, Delayed Resolution"
T00905,C0480,Payment,Resolved,2026-01-11,2026-01-20,9,Lisa Garza,Premium,East,Chat,2025-12-02,Active,Yes,L1,No,False,True,False,7,True,108,High,📞 Contact Customer Immediately,"Escalated Case, Repeat Complaints, Delayed Resolution"
T01406,C0252,Account,Resolved,2026-03-29,2026-04-07,9,Jason Lynch,Basic,West,Email,2025-01-17,Active,Yes,L3,No,False,True,False,7,True,108,High,📞 Contact Customer Immediately,"Escalated Case, Repeat Complaints, Delayed Resolution"
T01841,C0184,Technical,Resolved,2026-01-09,2026-01-18,9,Lisa Smith,Enterprise,West,Chat,2024-11-01,Active,Yes,L1,No,False,True,False,7,True,108,High,📞 Contact Customer Immediately,"Escalated Case, Repeat Complaints, Delayed Resolution"
T01677,C0138,Account,Pending,2026-06-22,,9,Tabitha Cain,Premium,North,Chat,2025-10-27,Active,No,,No,True,False,False,6,True,108,High,📞 Contact Customer Immediately,"Unresolved Ticket, Repeat Complaints, Delayed Resolution"
T00007,C0149,Billing,Resolved,2026-03-25,2026-03-28,3,Justin Miller,Premium,South,Email,2026-04-22,Active,No,,No,False,False,False,10,True,106,High,📞 Contact Customer Immediately,Repeat Complaints
T00328,C0354,Account,Resolved,2026-01-07,2026-01-15,8,Natalie Simmons,Premium,North,Phone,2025-11-19,Active,No,,No,False,False,False,9,True,106,High,📞 Contact Customer Immediately,"Repeat Complaints, Delayed Resolution"
T00426,C0365,Account,Resolved,2026-05-08,2026-05-16,8,Austin Davila,Enterprise,North,Chat,2025-03-04,Cancelled,No,,Yes,False,False,True,9,True,106,High,📞 Contact Customer Immediately,"Repeat Complaints, Delayed Resolution"
T00807,C0365,Account,Resolved,2026-02-14,2026-02-22,8,Austin Davila,Enterprise,North,Chat,2025-03-04,Cancelled,No,,Yes,False,False,True,9,True,106,High,📞 Contact Customer Immediately,"Repeat Complaints, Delayed Resolution"
T01021,C0365,Payment,Resolved,2026-04-10,2026-04-18,8,Austin Davila,Enterprise,North,Chat,2025-03-04,Cancelled,No,,Yes,False,False,True,9,True,106,High,📞 Contact Customer Immediately,"Repeat Complaints, Delayed Resolution"
T01627,C0230,Payment,Resolved,2026-01-02,2026-01-10,8,Ricky Martin,Premium,East,Email,2025-08-22,Active,No,,No,False,False,False,9,True,106,High,📞 Contact Customer Immediately,"Repeat Complaints, Delayed Resolution"
T01537,C0199,Login,Resolved,2026-06-17,2026-06-20,3,Zachary Williams,Premium,East,Phone,2025-09-20,Active,Yes,L1,No,False,True,False,8,True,106,High,📞 Contact Customer Immediately,"Escalated Case, Repeat Complaints"
T00286,C0204,Payment,Resolved,2026-03-11,2026-03-19,8,Sarah Cisneros,Enterprise,West,Chat,2026-07-26,Cancelled,Yes,L3,Yes,False,True,True,7,True,106,High,📞 Contact Customer Immediately,"Escalated Case, Repeat Complaints, Delayed Resolution"
T01020,C0353,Login,Resolved,2026-06-04,2026-06-12,8,Tyler Dean,Enterprise,East,Email,2025-02-06,Active,Yes,L2,No,False,True,False,7,True,106,High,📞 Contact Customer Immediately,"Escalated Case, Repeat Complaints, Delayed Resolution"
T01152,C0071,Login,Open,2026-06-28,,3,Martha Valdez,Enterprise,South,Phone,2026-03-17,Cancelled,No,,Yes,True,False,True,7,True,106,High,📞 Contact Customer Immediately,"Unresolved Ticket, Repeat Complaints"
T01450,C0338,Account,Resolved,2026-01-11,2026-01-19,8,Mary Thomas,Premium,South,Chat,2025-12-09,Active,Yes,L3,No,False,True,False,7,True,106,High,📞 Contact Customer Immediately,"Escalated Case, Repeat Complaints, Delayed Resolution"
T01843,C0329,Billing,Resolved,2026-03-20,2026-03-28,8,Kimberly Barnes,Premium,West,Email,2024-10-26,Cancelled,Yes,L1,Yes,False,True,True,7,True,106,High,📞 Contact Customer Immediately,"Escalated Case, Repeat Complaints, Delayed Resolution"
T01911,C0250,Technical,Resolved,2026-01-29,2026-02-06,8,Luke Perry,Enterprise,West,Chat,2025-07-09,Active,Yes,L1,No,False,True,False,7,True,106,High,📞 Contact Customer Immediately,"Escalated Case, Repeat Complaints, Delayed Resolution"
T01139,C0154,Account,Open,2026-06-23,,8,Dr. Kimberly Preston,Enterprise,East,Email,2026-07-23,Active,No,,No,True,False,False,6,True,106,High,📞 Contact Customer Immediately,"Unresolved Ticket, Repeat Complaints, Delayed Resolution"
T01197,C0412,Technical,Open,2026-06-28,,3,Christopher Conley,Premium,North,Email,2025-02-13,Active,Yes,L2,No,True,True,False,5,True,106,High,📞 Contact Customer Immediately,"Unresolved Ticket, Escalated Case, Repeat Complaints"
T01251,C0113,Login,Open,2026-06-18,,13,Darlene Scott,Premium,North,Email,2024-12-17,Active,No,,No,True,False,False,5,True,106,High,📞 Contact Customer Immediately,"Unresolved Ticket, Repeat Complaints, Delayed Resolution"
T01580,C0301,Payment,Pending,2026-06-18,,13,Benjamin Price,Basic,South,Phone,2025-02-23,Cancelled,No,,Yes,True,False,True,5,True,106,High,📞 Contact Customer Immediately,"Unresolved Ticket, Repeat Complaints, Delayed Resolution"
T01101,C0012,Account,Open,2026-06-13,,18,Darlene Harris,Premium,North,Email,2025-04-02,Active,No,,No,True,False,False,4,True,106,High,📞 Contact Customer Immediately,"Unresolved Ticket, Repeat Complaints, Delayed Resolution"
T00575,C0461,Billing,Open,2026-06-03,,28,Gerald Reyes,Premium,East,Email,2025-05-08,Active,No,,No,True,False,False,2,False,106,High,📞 Contact Customer Immediately,"Unresolved Ticket, Delayed Resolution"
T00369,C0149,Account,Resolved,2026-05-12,2026-05-14,2,Justin Miller,Premium,South,Email,2026-04-22,Active,No,,No,False,False,False,10,True,104,High,📞 Contact Customer Immediately,Repeat Complaints
T01370,C0354,Billing,Resolved,2026-05-04,2026-05-11,7,Natalie Simmons,Premium,North,Phone,2025-11-19,Active,No,,No,False,False,False,9,True,104,High,📞 Contact Customer Immediately,Repeat Complaints
T00410,C0188,Account,Resolved,2026-05-01,2026-05-03,2,Katherine Robinson,Enterprise,West,Email,2024-10-29,Cancelled,Yes,L1,Yes,False,True,True,8,True,104,High,📞 Contact Customer Immediately,"Escalated Case, Repeat Complaints"
T00586,C0028,Account,Resolved,2026-06-08,2026-06-10,2,Jennifer Myers,Enterprise,South,Email,2026-06-27,Active,Yes,L1,No,False,True,False,8,True,104,High,📞 Contact Customer Immediately,"Escalated Case, Repeat Complaints"
T00618,C0170,Technical,Resolved,2026-06-21,2026-06-23,2,Jaime Medina,Enterprise,South,Phone,2026-07-25,Active,Yes,L3,No,False,True,False,8,True,104,High,📞 Contact Customer Immediately,"Escalated Case, Repeat Complaints"
T00287,C0252,Technical,Resolved,2026-04-07,2026-04-14,7,Jason Lynch,Basic,West,Email,2025-01-17,Active,Yes,L2,No,False,True,False,7,True,104,High,📞 Contact Customer Immediately,"Escalated Case, Repeat Complaints"
T00965,C0305,Payment,Resolved,2026-05-28,2026-06-04,7,John Lowe,Basic,West,Phone,2026-05-24,Active,Yes,L2,No,False,True,False,7,True,104,High,📞 Contact Customer Immediately,"Escalated Case, Repeat Complaints"
T01425,C0011,Login,Resolved,2026-03-23,2026-03-30,7,John Peterson,Premium,South,Email,2026-06-29,Active,Yes,L1,No,False,True,False,7,True,104,High,📞 Contact Customer Immediately,"Escalated Case, Repeat Complaints"
T00621,C0039,Billing,Pending,2026-06-14,,17,David Schmidt,Enterprise,West,Phone,2025-07-19,Active,No,,No,True,False,False,4,True,104,High,📞 Contact Customer Immediately,"Unresolved Ticket, Repeat Complaints, Delayed Resolution"
T00538,C0235,Billing,Open,2026-06-09,,22,Bernard Fisher,Enterprise,South,Email,2025-01-14,Active,No,,No,True,False,False,3,True,104,High,📞 Contact Customer Immediately,"Unresolved Ticket, Repeat Complaints, Delayed Resolution"
T01221,C0377,Technical,Resolved,2026-02-19,2026-02-20,1,Carmen Pitts,Premium,North,Chat,2024-12-22,Active,No,,No,False,False,False,10,True,102,High,📞 Contact Customer Immediately,Repeat Complaints
T00017,C0230,Account,Resolved,2026-06-09,2026-06-15,6,Ricky Martin,Premium,East,Email,2025-08-22,Active,No,,No,False,False,False,9,True,102,High,📞 Contact Customer Immediately,Repeat Complaints
T00089,C0354,Login,Resolved,2026-01-11,2026-01-17,6,Natalie Simmons,Premium,North,Phone,2025-11-19,Active,No,,No,False,False,False,9,True,102,High,📞 Contact Customer Immediately,Repeat Complaints
T00568,C0365,Payment,Resolved,2026-04-07,2026-04-13,6,Austin Davila,Enterprise,North,Chat,2025-03-04,Cancelled,No,,Yes,False,False,True,9,True,102,High,📞 Contact Customer Immediately,Repeat Complaints
T01718,C0230,Payment,Resolved,2026-02-19,2026-02-25,6,Ricky Martin,Premium,East,Email,2025-08-22,Active,No,,No,False,False,False,9,True,102,High,📞 Contact Customer Immediately,Repeat Complaints
T01098,C0199,Account,Resolved,2026-03-21,2026-03-22,1,Zachary Williams,Premium,East,Phone,2025-09-20,Active,Yes,L2,No,False,True,False,8,True,102,High,📞 Contact Customer Immediately,"Escalated Case, Repeat Complaints"
T01372,C0304,Billing,Resolved,2026-03-06,2026-03-07,1,Sarah Love,Premium,East,Chat,2025-11-20,Active,Yes,L2,No,False,True,False,8,True,102,High,📞 Contact Customer Immediately,"Escalated Case, Repeat Complaints"
T00099,C0061,Payment,Open,2026-06-30,,1,David Mcgee,Enterprise,South,Email,2026-05-02,Cancelled,No,,Yes,True,False,True,7,True,102,High,📞 Contact Customer Immediately,"Unresolved Ticket, Repeat Complaints"
T00376,C0480,Payment,Resolved,2026-05-05,2026-05-11,6,Lisa Garza,Premium,East,Chat,2025-12-02,Active,Yes,L3,No,False,True,False,7,True,102,High,📞 Contact Customer Immediately,"Escalated Case, Repeat Complaints"
T00483,C0122,Account,Resolved,2026-06-28,2026-07-04,6,Laura Singh,Basic,North,Phone,2025-04-27,Active,Yes,L2,No,False,True,False,7,True,102,High,📞 Contact Customer Immediately,"Escalated Case, Repeat Complaints"
T00512,C0305,Account,Open,2026-06-30,,1,John Lowe,Basic,West,Phone,2026-05-24,Active,No,,No,True,False,False,7,True,102,High,📞 Contact Customer Immediately,"Unresolved Ticket, Repeat Complaints"
T00560,C0204,Billing,Resolved,2026-03-03,2026-03-09,6,Sarah Cisneros,Enterprise,West,Chat,2026-07-26,Cancelled,Yes,L2,Yes,False,True,True,7,True,102,High,📞 Contact Customer Immediately,"Escalated Case, Repeat Complaints"
T00916,C0250,Technical,Resolved,2026-05-23,2026-05-29,6,Luke Perry,Enterprise,West,Chat,2025-07-09,Active,Yes,L1,No,False,True,False,7,True,102,High,📞 Contact Customer Immediately,"Escalated Case, Repeat Complaints"
T01148,C0244,Technical,Resolved,2026-04-09,2026-04-15,6,Robert Clark,Premium,South,Chat,2025-11-24,Active,Yes,L2,No,False,True,False,7,True,102,High,📞 Contact Customer Immediately,"Escalated Case, Repeat Complaints"
T01998,C0296,Login,Resolved,2026-05-14,2026-05-20,6,Marie Chavez,Basic,South,Chat,2025-01-22,Active,Yes,L3,No,False,True,False,7,True,102,High,📞 Contact Customer Immediately,"Escalated Case, Repeat Complaints"
T01287,C0278,Account,Open,2026-06-25,,6,Morgan Trujillo,Premium,West,Chat,2026-01-12,Active,No,,No,True,False,False,6,True,102,High,📞 Contact Customer Immediately,"Unresolved Ticket, Repeat Complaints"
T01080,C0470,Login,Open,2026-06-15,,16,Rodney Peterson,Basic,East,Phone,2026-01-21,Active,No,,No,True,False,False,4,True,102,High,📞 Contact Customer Immediately,"Unresolved Ticket, Repeat Complaints, Delayed Resolution"
T01482,C0366,Technical,Open,2026-06-25,,6,Joseph Gonzalez,Basic,North,Chat,2025-06-26,Active,Yes,L1,No,True,True,False,4,True,102,High,📞 Contact Customer Immediately,"Unresolved Ticket, Escalated Case, Repeat Complaints"
T00689,C0379,Account,Resolved,2026-02-19,2026-02-24,5,Holly Little,Premium,East,Phone,2026-06-11,Active,No,,No,False,False,False,9,True,100,High,📞 Contact Customer Immediately,Repeat Complaints
T01466,C0354,Technical,Resolved,2026-04-09,2026-04-14,5,Natalie Simmons,Premium,North,Phone,2025-11-19,Active,No,,No,False,False,False,9,True,100,High,📞 Contact Customer Immediately,Repeat Complaints
T00263,C0112,Account,Resolved,2026-01-16,2026-01-26,10,Seth Brewer,Premium,North,Email,2025-12-02,Active,No,,No,False,False,False,8,True,100,High,📞 Contact Customer Immediately,"Repeat Complaints, Delayed Resolution"
T00326,C0383,Account,Resolved,2026-06-26,2026-07-06,10,Christopher Griffin,Basic,South,Chat,2025-03-16,Cancelled,No,,Yes,False,False,True,8,True,100,High,📞 Contact Customer Immediately,"Repeat Complaints, Delayed Resolution"
T01059,C0294,Account,Resolved,2026-04-27,2026-05-07,10,Kristin Cox,Premium,West,Phone,2025-03-09,Active,No,,No,False,False,False,8,True,100,High,📞 Contact Customer Immediately,"Repeat Complaints, Delayed Resolution"
T01529,C0426,Login,Resolved,2026-03-10,2026-03-20,10,Christopher Sampson,Basic,West,Email,2025-07-04,Active,No,,No,False,False,False,8,True,100,High,📞 Contact Customer Immediately,"Repeat Complaints, Delayed Resolution"
T01984,C0294,Login,Resolved,2026-01-25,2026-02-04,10,Kristin Cox,Premium,West,Phone,2025-03-09,Active,No,,No,False,False,False,8,True,100,High,📞 Contact Customer Immediately,"Repeat Complaints, Delayed Resolution"
T01569,C0011,Login,Resolved,2026-02-21,2026-02-26,5,John Peterson,Premium,South,Email,2026-06-29,Active,Yes,L2,No,False,True,False,7,True,100,High,📞 Contact Customer Immediately,"Escalated Case, Repeat Complaints"
T01808,C0244,Billing,Resolved,2026-04-26,2026-05-01,5,Robert Clark,Premium,South,Chat,2025-11-24,Active,Yes,L3,No,False,True,False,7,True,100,High,📞 Contact Customer Immediately,"Escalated Case, Repeat Complaints"
T00016,C0091,Login,Resolved,2026-05-25,2026-06-04,10,Jason Collins,Basic,South,Chat,2025-01-25,Active,Yes,L3,No,False,True,False,6,True,100,High,📞 Contact Customer Immediately,"Escalated Case, Repeat Complaints, Delayed Resolution"
T00181,C0165,Payment,Resolved,2026-01-23,2026-02-02,10,Brandon Henry,Basic,East,Phone,2025-01-24,Active,Yes,L2,No,False,True,False,6,True,100,High,📞 Contact Customer Immediately,"Escalated Case, Repeat Complaints, Delayed Resolution"
T00242,C0027,Payment,Resolved,2026-06-04,2026-06-14,10,Daniel Reed,Enterprise,South,Phone,2025-02-06,Cancelled,Yes,L2,Yes,False,True,True,6,True,100,High,📞 Contact Customer Immediately,"Escalated Case, Repeat Complaints, Delayed Resolution"
T00646,C0207,Technical,Resolved,2026-04-24,2026-05-04,10,Darrell Cox,Premium,West,Email,2025-08-19,Active,Yes,L3,No,False,True,False,6,True,100,High,📞 Contact Customer Immediately,"Escalated Case, Repeat Complaints, Delayed Resolution"
T01824,C0314,Technical,Resolved,2026-02-15,2026-02-25,10,Joseph Parker,Basic,West,Phone,2025-01-02,Active,Yes,L3,No,False,True,False,6,True,100,High,📞 Contact Customer Immediately,"Escalated Case, Repeat Complaints, Delayed Resolution"
T01903,C0496,Account,Resolved,2026-04-08,2026-04-18,10,William Griffin,Enterprise,West,Phone,2026-07-07,Active,Yes,L2,No,False,True,False,6,True,100,High,📞 Contact Customer Immediately,"Escalated Case, Repeat Complaints, Delayed Resolution"
T01505,C0466,Payment,Pending,2026-06-21,,10,Cynthia Navarro,Enterprise,North,Phone,2026-04-12,Active,No,,No,True,False,False,5,True,100,High,📞 Contact Customer Immediately,"Unresolved Ticket, Repeat Complaints, Delayed Resolution"
T01555,C0161,Account,Open,2026-06-21,,10,Robert Kaufman,Basic,West,Email,2025-02-17,Active,No,,No,True,False,False,5,True,100,High,📞 Contact Customer Immediately,"Unresolved Ticket, Repeat Complaints, Delayed Resolution"
T00619,C0465,Billing,Open,2026-06-21,,10,Virginia Harvey,Enterprise,East,Email,2026-03-12,Cancelled,Yes,L1,Yes,True,True,True,3,True,100,High,📞 Contact Customer Immediately,"Unresolved Ticket, Escalated Case, Repeat Complaints, Delayed Resolution"
T00142,C0188,Billing,Resolved,2026-05-26,2026-06-04,9,Katherine Robinson,Enterprise,West,Email,2024-10-29,Cancelled,No,,Yes,False,False,True,8,True,98,High,📞 Contact Customer Immediately,"Repeat Complaints, Delayed Resolution"
T00668,C0199,Account,Resolved,2026-03-24,2026-04-02,9,Zachary Williams,Premium,East,Phone,2025-09-20,Active,No,,No,False,False,False,8,True,98,High,📞 Contact Customer Immediately,"Repeat Complaints, Delayed Resolution"
T00701,C0170,Payment,Resolved,2026-06-08,2026-06-17,9,Jaime Medina,Enterprise,South,Phone,2026-07-25,Active,No,,No,False,False,False,8,True,98,High,📞 Contact Customer Immediately,"Repeat Complaints, Delayed Resolution"
T00770,C0294,Account,Resolved,2026-06-11,2026-06-20,9,Kristin Cox,Premium,West,Phone,2025-03-09,Active,No,,No,False,False,False,8,True,98,High,📞 Contact Customer Immediately,"Repeat Complaints, Delayed Resolution"
T00860,C0180,Account,Resolved,2026-05-28,2026-06-06,9,Robert Gibson,Basic,South,Email,2025-10-28,Active,No,,No,False,False,False,8,True,98,High,📞 Contact Customer Immediately,"Repeat Complaints, Delayed Resolution"
T00940,C0428,Payment,Resolved,2026-02-25,2026-03-06,9,Kristin Sellers,Enterprise,North,Email,2025-09-14,Active,No,,No,False,False,False,8,True,98,High,📞 Contact Customer Immediately,"Repeat Complaints, Delayed Resolution"
T01063,C0063,Payment,Resolved,2026-04-16,2026-04-25,9,Zachary Jensen,Basic,East,Phone,2024-11-13,Active,No,,No,False,False,False,8,True,98,High,📞 Contact Customer Immediately,"Repeat Complaints, Delayed Resolution"
T01191,C0426,Billing,Resolved,2026-01-26,2026-02-04,9,Christopher Sampson,Basic,West,Email,2025-07-04,Active,No,,No,False,False,False,8,True,98,High,📞 Contact Customer Immediately,"Repeat Complaints, Delayed Resolution"
T01715,C0063,Account,Resolved,2026-04-03,2026-04-12,9,Zachary Jensen,Basic,East,Phone,2024-11-13,Active,No,,No,False,False,False,8,True,98,High,📞 Contact Customer Immediately,"Repeat Complaints, Delayed Resolution"
T01958,C0383,Billing,Resolved,2026-03-21,2026-03-30,9,Christopher Griffin,Basic,South,Chat,2025-03-16,Cancelled,No,,Yes,False,False,True,8,True,98,High,📞 Contact Customer Immediately,"Repeat Complaints, Delayed Resolution"
T00501,C0480,Login,Resolved,2026-01-20,2026-01-24,4,Lisa Garza,Premium,East,Chat,2025-12-02,Active,Yes,L2,No,False,True,False,7,True,98,High,📞 Contact Customer Immediately,"Escalated Case, Repeat Complaints"
T00897,C0120,Billing,Resolved,2026-05-07,2026-05-11,4,Ashley Johnson,Enterprise,East,Phone,2024-10-25,Active,Yes,L2,No,False,True,False,7,True,98,High,📞 Contact Customer Immediately,"Escalated Case, Repeat Complaints"
T01072,C0061,Billing,Resolved,2026-01-31,2026-02-04,4,David Mcgee,Enterprise,South,Email,2026-05-02,Cancelled,Yes,L2,Yes,False,True,True,7,True,98,High,📞 Contact Customer Immediately,"Escalated Case, Repeat Complaints"
T01544,C0021,Account,Resolved,2026-04-29,2026-05-03,4,Bianca Obrien,Basic,South,Email,2026-06-28,Active,Yes,L3,No,False,True,False,7,True,98,High,📞 Contact Customer Immediately,"Escalated Case, Repeat Complaints"
T00030,C0027,Payment,Resolved,2026-01-25,2026-02-03,9,Daniel Reed,Enterprise,South,Phone,2025-02-06,Cancelled,Yes,L2,Yes,False,True,True,6,True,98,High,📞 Contact Customer Immediately,"Escalated Case, Repeat Complaints, Delayed Resolution"
T00266,C0007,Billing,Resolved,2026-03-12,2026-03-21,9,Kyle Mendoza,Enterprise,North,Phone,2024-09-09,Cancelled,Yes,L2,Yes,False,True,True,6,True,98,High,📞 Contact Customer Immediately,"Escalated Case, Repeat Complaints, Delayed Resolution"
T00375,C0207,Account,Open,2026-06-27,,4,Darrell Cox,Premium,West,Email,2025-08-19,Active,No,,No,True,False,False,6,True,98,High,📞 Contact Customer Immediately,"Unresolved Ticket, Repeat Complaints"
T00801,C0052,Technical,Resolved,2026-03-28,2026-04-06,9,Julia Smith,Basic,North,Phone,2026-04-28,Active,Yes,L3,No,False,True,False,6,True,98,High,📞 Contact Customer Immediately,"Escalated Case, Repeat Complaints, Delayed Resolution"
T00809,C0147,Technical,Resolved,2026-06-03,2026-06-12,9,Sabrina Anderson,Basic,West,Email,2025-12-22,Active,Yes,L2,No,False,True,False,6,True,98,High,📞 Contact Customer Immediately,"Escalated Case, Repeat Complaints, Delayed Resolution"
T01312,C0147,Technical,Pending,2026-06-27,,4,Sabrina Anderson,Basic,West,Email,2025-12-22,Active,No,,No,True,False,False,6,True,98,High,📞 Contact Customer Immediately,"Unresolved Ticket, Repeat Complaints"
T01871,C0118,Payment,Resolved,2026-02-22,2026-03-03,9,Courtney Fleming,Enterprise,East,Phone,2025-08-12,Active,Yes,L3,No,False,True,False,6,True,98,High,📞 Contact Customer Immediately,"Escalated Case, Repeat Complaints, Delayed Resolution"
T01996,C0217,Billing,Resolved,2026-01-12,2026-01-21,9,Alexandria Jenkins,Premium,South,Email,2024-11-16,Active,Yes,L1,No,False,True,False,6,True,98,High,📞 Contact Customer Immediately,"Escalated Case, Repeat Complaints, Delayed Resolution"
T01009,C0230,Account,Resolved,2026-06-17,2026-06-20,3,Ricky Martin,Premium,East,Email,2025-08-22,Active,No,,No,False,False,False,9,True,96,High,📞 Contact Customer Immediately,Repeat Complaints
T01282,C0383,Account,Resolved,2026-04-27,2026-05-05,8,Christopher Griffin,Basic,South,Chat,2025-03-16,Cancelled,No,,Yes,False,False,True,8,True,96,High,📞 Contact Customer Immediately,"Repeat Complaints, Delayed Resolution"
T01488,C0332,Account,Resolved,2026-01-23,2026-01-31,8,Amber Hart,Basic,West,Email,2025-08-25,Cancelled,No,,Yes,False,False,True,8,True,96,High,📞 Contact Customer Immediately,"Repeat Complaints, Delayed Resolution"
T00121,C0329,Technical,Resolved,2026-05-29,2026-06-01,3,Kimberly Barnes,Premium,West,Email,2024-10-26,Cancelled,Yes,L2,Yes,False,True,True,7,True,96,High,📞 Contact Customer Immediately,"Escalated Case, Repeat Complaints"
T00335,C0477,Technical,Resolved,2026-05-22,2026-05-25,3,Paula Martinez,Enterprise,North,Phone,2025-07-18,Active,Yes,L3,No,False,True,False,7,True,96,High,📞 Contact Customer Immediately,"Escalated Case, Repeat Complaints"
T00793,C0353,Payment,Resolved,2026-01-28,2026-01-31,3,Tyler Dean,Enterprise,East,Email,2025-02-06,Active,Yes,L1,No,False,True,False,7,True,96,High,📞 Contact Customer Immediately,"Escalated Case, Repeat Complaints"
T00817,C0477,Login,Resolved,2026-03-08,2026-03-11,3,Paula Martinez,Enterprise,North,Phone,2025-07-18,Active,Yes,L2,No,False,True,False,7,True,96,High,📞 Contact Customer Immediately,"Escalated Case, Repeat Complaints"
T01479,C0329,Technical,Resolved,2026-06-14,2026-06-17,3,Kimberly Barnes,Premium,West,Email,2024-10-26,Cancelled,Yes,L2,Yes,False,True,True,7,True,96,High,📞 Contact Customer Immediately,"Escalated Case, Repeat Complaints"
T01567,C0243,Login,Resolved,2026-02-12,2026-02-15,3,David Peters,Premium,East,Phone,2025-04-19,Cancelled,Yes,L1,Yes,False,True,True,7,True,96,High,📞 Contact Customer Immediately,"Escalated Case, Repeat Complaints"
T01970,C0071,Login,Resolved,2026-03-16,2026-03-19,3,Martha Valdez,Enterprise,South,Phone,2026-03-17,Cancelled,Yes,L3,Yes,False,True,True,7,True,96,High,📞 Contact Customer Immediately,"Escalated Case, Repeat Complaints"
T00092,C0488,Billing,Resolved,2026-06-05,2026-06-13,8,Sean Pollard,Enterprise,North,Email,2024-10-28,Active,Yes,L2,No,False,True,False,6,True,96,High,📞 Contact Customer Immediately,"Escalated Case, Repeat Complaints, Delayed Resolution"
T00135,C0370,Payment,Resolved,2026-02-10,2026-02-18,8,Daniel Palmer,Premium,South,Email,2026-06-30,Active,Yes,L2,No,False,True,False,6,True,96,High,📞 Contact Customer Immediately,"Escalated Case, Repeat Complaints, Delayed Resolution"
T00309,C0496,Payment,Resolved,2026-06-27,2026-07-05,8,William Griffin,Enterprise,West,Phone,2026-07-07,Active,Yes,L3,No,False,True,False,6,True,96,High,📞 Contact Customer Immediately,"Escalated Case, Repeat Complaints, Delayed Resolution"
T00977,C0391,Technical,Resolved,2026-02-20,2026-02-28,8,Ashley Woodward,Premium,South,Phone,2026-01-26,Active,Yes,L2,No,False,True,False,6,True,96,High,📞 Contact Customer Immediately,"Escalated Case, Repeat Complaints, Delayed Resolution"
T01093,C0468,Billing,Resolved,2026-01-07,2026-01-15,8,Sean Davis,Basic,West,Chat,2025-08-22,Active,Yes,L2,No,False,True,False,6,True,96,High,📞 Contact Customer Immediately,"Escalated Case, Repeat Complaints, Delayed Resolution"
T01097,C0347,Technical,Resolved,2026-01-10,2026-01-18,8,Douglas Day,Basic,West,Email,2024-09-09,Active,Yes,L2,No,False,True,False,6,True,96,High,📞 Contact Customer Immediately,"Escalated Case, Repeat Complaints, Delayed Resolution"
T01258,C0264,Billing,Resolved,2026-03-02,2026-03-10,8,Monique Peterson,Enterprise,East,Chat,2025-11-08,Active,Yes,L3,No,False,True,False,6,True,96,High,📞 Contact Customer Immediately,"Escalated Case, Repeat Complaints, Delayed Resolution"
T01585,C0067,Technical,Resolved,2026-06-05,2026-06-13,8,Jonathan Anderson,Enterprise,East,Chat,2024-09-20,Active,Yes,L1,No,False,True,False,6,True,96,High,📞 Contact Customer Immediately,"Escalated Case, Repeat Complaints, Delayed Resolution"
T00101,C0356,Login,Resolved,2026-02-04,2026-02-06,2,Rachael Underwood,Basic,West,Phone,2026-05-26,Cancelled,No,,Yes,False,False,True,9,True,94,High,📞 Contact Customer Immediately,Repeat Complaints
T00609,C0354,Billing,Resolved,2026-04-08,2026-04-10,2,Natalie Simmons,Premium,North,Phone,2025-11-19,Active,No,,No,False,False,False,9,True,94,High,📞 Contact Customer Immediately,Repeat Complaints
T01900,C0365,Login,Resolved,2026-05-31,2026-06-02,2,Austin Davila,Enterprise,North,Chat,2025-03-04,Cancelled,No,,Yes,False,False,True,9,True,94,High,📞 Contact Customer Immediately,Repeat Complaints
T00170,C0063,Account,Resolved,2026-04-08,2026-04-15,7,Zachary Jensen,Basic,East,Phone,2024-11-13,Active,No,,No,False,False,False,8,True,94,High,📞 Contact Customer Immediately,Repeat Complaints
T00323,C0332,Account,Resolved,2026-06-15,2026-06-22,7,Amber Hart,Basic,West,Email,2025-08-25,Cancelled,No,,Yes,False,False,True,8,True,94,High,📞 Contact Customer Immediately,Repeat Complaints
T00349,C0199,Login,Resolved,2026-05-28,2026-06-04,7,Zachary Williams,Premium,East,Phone,2025-09-20,Active,No,,No,False,False,False,8,True,94,High,📞 Contact Customer Immediately,Repeat Complaints
T00630,C0428,Login,Resolved,2026-05-03,2026-05-10,7,Kristin Sellers,Enterprise,North,Email,2025-09-14,Active,No,,No,False,False,False,8,True,94,High,📞 Contact Customer Immediately,Repeat Complaints
T00712,C0428,Billing,Resolved,2026-06-29,2026-07-06,7,Kristin Sellers,Enterprise,North,Email,2025-09-14,Active,No,,No,False,False,False,8,True,94,High,📞 Contact Customer Immediately,Repeat Complaints
T00847,C0188,Technical,Resolved,2026-02-23,2026-03-02,7,Katherine Robinson,Enterprise,West,Email,2024-10-29,Cancelled,No,,Yes,False,False,True,8,True,94,High,📞 Contact Customer Immediately,Repeat Complaints
T00868,C0383,Account,Resolved,2026-04-26,2026-05-03,7,Christopher Griffin,Basic,South,Chat,2025-03-16,Cancelled,No,,Yes,False,False,True,8,True,94,High,📞 Contact Customer Immediately,Repeat Complaints
T01051,C0112,Account,Resolved,2026-04-27,2026-05-04,7,Seth Brewer,Premium,North,Email,2025-12-02,Active,No,,No,False,False,False,8,True,94,High,📞 Contact Customer Immediately,Repeat Complaints
T01218,C0332,Technical,Resolved,2026-01-11,2026-01-18,7,Amber Hart,Basic,West,Email,2025-08-25,Cancelled,No,,Yes,False,False,True,8,True,94,High,📞 Contact Customer Immediately,Repeat Complaints
T01495,C0485,Payment,Resolved,2026-05-07,2026-05-14,7,Robert Coleman,Premium,West,Chat,2025-12-10,Active,No,,No,False,False,False,8,True,94,High,📞 Contact Customer Immediately,Repeat Complaints
T01624,C0304,Payment,Resolved,2026-03-19,2026-03-26,7,Sarah Love,Premium,East,Chat,2025-11-20,Active,No,,No,False,False,False,8,True,94,High,📞 Contact Customer Immediately,Repeat Complaints
T01950,C0294,Payment,Resolved,2026-03-22,2026-03-29,7,Kristin Cox,Premium,West,Phone,2025-03-09,Active,No,,No,False,False,False,8,True,94,High,📞 Contact Customer Immediately,Repeat Complaints
T00097,C0204,Payment,Resolved,2026-03-05,2026-03-07,2,Sarah Cisneros,Enterprise,West,Chat,2026-07-26,Cancelled,Yes,L2,Yes,False,True,True,7,True,94,High,📞 Contact Customer Immediately,"Escalated Case, Repeat Complaints"
T00466,C0415,Technical,Resolved,2026-03-26,2026-03-28,2,Melissa Acosta,Basic,South,Chat,2026-05-10,Active,Yes,L1,No,False,True,False,7,True,94,High,📞 Contact Customer Immediately,"Escalated Case, Repeat Complaints"
T01016,C0227,Payment,Resolved,2026-02-18,2026-02-20,2,David Ryan,Basic,South,Email,2025-03-08,Cancelled,Yes,L1,Yes,False,True,True,7,True,94,High,📞 Contact Customer Immediately,"Escalated Case, Repeat Complaints"
T00308,C0486,Technical,Resolved,2026-02-15,2026-02-22,7,Alexander Glenn,Basic,East,Chat,2025-07-15,Active,Yes,L1,No,False,True,False,6,True,94,High,📞 Contact Customer Immediately,"Escalated Case, Repeat Complaints"
T00468,C0421,Login,Resolved,2026-04-08,2026-04-15,7,Kimberly Smith,Basic,East,Email,2024-11-04,Active,Yes,L3,No,False,True,False,6,True,94,High,📞 Contact Customer Immediately,"Escalated Case, Repeat Complaints"
T00887,C0192,Technical,Resolved,2026-05-24,2026-05-31,7,Danny Bishop,Enterprise,West,Phone,2025-10-23,Cancelled,Yes,L3,Yes,False,True,True,6,True,94,High,📞 Contact Customer Immediately,"Escalated Case, Repeat Complaints"
T01485,C0102,Billing,Resolved,2026-02-16,2026-02-23,7,Katie Robinson,Enterprise,North,Email,2025-01-06,Active,Yes,L2,No,False,True,False,6,True,94,High,📞 Contact Customer Immediately,"Escalated Case, Repeat Complaints"
T01654,C0046,Account,Resolved,2026-04-15,2026-04-22,7,Joseph White,Premium,North,Phone,2026-02-17,Active,Yes,L1,No,False,True,False,6,True,94,High,📞 Contact Customer Immediately,"Escalated Case, Repeat Complaints"
T01731,C0347,Billing,Resolved,2026-03-17,2026-03-24,7,Douglas Day,Basic,West,Email,2024-09-09,Active,Yes,L1,No,False,True,False,6,True,94,High,📞 Contact Customer Immediately,"Escalated Case, Repeat Complaints"
T00112,C0038,Technical,Pending,2026-06-14,,17,Sabrina Ayala,Enterprise,East,Phone,2024-08-21,Active,No,,No,True,False,False,3,True,94,High,📞 Contact Customer Immediately,"Unresolved Ticket, Repeat Complaints, Delayed Resolution"
T01869,C0379,Payment,Resolved,2026-03-23,2026-03-24,1,Holly Little,Premium,East,Phone,2026-06-11,Active,No,,No,False,False,False,9,True,92,High,📞 Contact Customer Immediately,Repeat Complaints
T00072,C0383,Billing,Resolved,2026-01-18,2026-01-24,6,Christopher Griffin,Basic,South,Chat,2025-03-16,Cancelled,No,,Yes,False,False,True,8,True,92,High,📞 Contact Customer Immediately,Repeat Complaints
T00583,C0485,Payment,Resolved,2026-02-26,2026-03-04,6,Robert Coleman,Premium,West,Chat,2025-12-10,Active,No,,No,False,False,False,8,True,92,High,📞 Contact Customer Immediately,Repeat Complaints
T00908,C0112,Billing,Resolved,2026-04-22,2026-04-28,6,Seth Brewer,Premium,North,Email,2025-12-02,Active,No,,No,False,False,False,8,True,92,High,📞 Contact Customer Immediately,Repeat Complaints
T01083,C0428,Account,Resolved,2026-06-23,2026-06-29,6,Kristin Sellers,Enterprise,North,Email,2025-09-14,Active,No,,No,False,False,False,8,True,92,High,📞 Contact Customer Immediately,Repeat Complaints
T01214,C0063,Account,Resolved,2026-04-02,2026-04-08,6,Zachary Jensen,Basic,East,Phone,2024-11-13,Active,No,,No,False,False,False,8,True,92,High,📞 Contact Customer Immediately,Repeat Complaints
T01259,C0304,Account,Resolved,2026-02-20,2026-02-26,6,Sarah Love,Premium,East,Chat,2025-11-20,Active,No,,No,False,False,False,8,True,92,High,📞 Contact Customer Immediately,Repeat Complaints
T00262,C0071,Technical,Resolved,2026-02-08,2026-02-09,1,Martha Valdez,Enterprise,South,Phone,2026-03-17,Cancelled,Yes,L2,Yes,False,True,True,7,True,92,High,📞 Contact Customer Immediately,"Escalated Case, Repeat Complaints"
T00397,C0329,Technical,Resolved,2026-05-25,2026-05-26,1,Kimberly Barnes,Premium,West,Email,2024-10-26,Cancelled,Yes,L2,Yes,False,True,True,7,True,92,High,📞 Contact Customer Immediately,"Escalated Case, Repeat Complaints"
T00875,C0227,Technical,Resolved,2026-02-13,2026-02-14,1,David Ryan,Basic,South,Email,2025-03-08,Cancelled,Yes,L3,Yes,False,True,True,7,True,92,High,📞 Contact Customer Immediately,"Escalated Case, Repeat Complaints"
T00894,C0252,Technical,Resolved,2026-02-08,2026-02-09,1,Jason Lynch,Basic,West,Email,2025-01-17,Active,Yes,L3,No,False,True,False,7,True,92,High,📞 Contact Customer Immediately,"Escalated Case, Repeat Complaints"
T01183,C0243,Payment,Resolved,2026-04-22,2026-04-23,1,David Peters,Premium,East,Phone,2025-04-19,Cancelled,Yes,L2,Yes,False,True,True,7,True,92,High,📞 Contact Customer Immediately,"Escalated Case, Repeat Complaints"
T00248,C0165,Payment,Resolved,2026-05-17,2026-05-23,6,Brandon Henry,Basic,East,Phone,2025-01-24,Active,Yes,L2,No,False,True,False,6,True,92,High,📞 Contact Customer Immediately,"Escalated Case, Repeat Complaints"
T00484,C0468,Account,Resolved,2026-06-29,2026-07-05,6,Sean Davis,Basic,West,Chat,2025-08-22,Active,Yes,L1,No,False,True,False,6,True,92,High,📞 Contact Customer Immediately,"Escalated Case, Repeat Complaints"
T00735,C0052,Payment,Resolved,2026-02-19,2026-02-25,6,Julia Smith,Basic,North,Phone,2026-04-28,Active,Yes,L3,No,False,True,False,6,True,92,High,📞 Contact Customer Immediately,"Escalated Case, Repeat Complaints"
T00883,C0156,Billing,Resolved,2026-02-04,2026-02-10,6,Thomas Khan,Enterprise,East,Email,2026-01-13,Active,Yes,L1,No,False,True,False,6,True,92,High,📞 Contact Customer Immediately,"Escalated Case, Repeat Complaints"
T01315,C0095,Technical,Resolved,2026-01-09,2026-01-15,6,Shane Howard DDS,Premium,West,Chat,2026-07-27,Active,Yes,L1,No,False,True,False,6,True,92,High,📞 Contact Customer Immediately,"Escalated Case, Repeat Complaints"
T01394,C0053,Technical,Resolved,2026-02-20,2026-02-26,6,Cory Greene,Premium,South,Email,2025-10-11,Active,Yes,L1,No,False,True,False,6,True,92,High,📞 Contact Customer Immediately,"Escalated Case, Repeat Complaints"
T01797,C0370,Login,Resolved,2026-01-22,2026-01-28,6,Daniel Palmer,Premium,South,Email,2026-06-30,Active,Yes,L2,No,False,True,False,6,True,92,High,📞 Contact Customer Immediately,"Escalated Case, Repeat Complaints"
T01209,C0335,Billing,Pending,2026-06-20,,11,Sara Clarke,Enterprise,East,Phone,2025-12-07,Active,No,,No,True,False,False,4,True,92,High,📞 Contact Customer Immediately,"Unresolved Ticket, Repeat Complaints, Delayed Resolution"
T01848,C0491,Billing,Open,2026-06-20,,11,James Brown,Premium,West,Chat,2025-08-19,Cancelled,No,,Yes,True,False,True,4,True,92,High,📞 Contact Customer Immediately,"Unresolved Ticket, Repeat Complaints, Delayed Resolution"
T01923,C0419,Technical,Pending,2026-06-20,,11,Jamie Wolf,Enterprise,North,Chat,2024-12-05,Active,No,,No,True,False,False,4,True,92,High,📞 Contact Customer Immediately,"Unresolved Ticket, Repeat Complaints, Delayed Resolution"
T00564,C0400,Technical,Open,2026-06-15,,16,Candace Johnson,Enterprise,East,Email,2026-03-22,Active,No,,No,True,False,False,3,True,92,High,📞 Contact Customer Immediately,"Unresolved Ticket, Repeat Complaints, Delayed Resolution"
T00526,C0032,Technical,Open,2026-06-20,,11,Jason Newman,Basic,East,Chat,2026-03-07,Active,Yes,L1,No,True,True,False,2,False,92,High,📞 Contact Customer Immediately,"Unresolved Ticket, Escalated Case, Delayed Resolution"
T00201,C0079,Login,Open,2026-06-05,,26,Mary Sherman,Premium,West,Email,2025-05-17,Active,No,,No,True,False,False,1,False,92,High,📞 Contact Customer Immediately,"Unresolved Ticket, Delayed Resolution"
T00244,C0112,Login,Resolved,2026-03-27,2026-04-01,5,Seth Brewer,Premium,North,Email,2025-12-02,Active,No,,No,False,False,False,8,True,90,High,📞 Contact Customer Immediately,Repeat Complaints
T00518,C0028,Payment,Resolved,2026-01-23,2026-01-28,5,Jennifer Myers,Enterprise,South,Email,2026-06-27,Active,No,,No,False,False,False,8,True,90,High,📞 Contact Customer Immediately,Repeat Complaints
T00606,C0188,Billing,Resolved,2026-06-13,2026-06-18,5,Katherine Robinson,Enterprise,West,Email,2024-10-29,Cancelled,No,,Yes,False,False,True,8,True,90,High,📞 Contact Customer Immediately,Repeat Complaints
T00885,C0485,Login,Resolved,2026-04-21,2026-04-26,5,Robert Coleman,Premium,West,Chat,2025-12-10,Active,No,,No,False,False,False,8,True,90,High,📞 Contact Customer Immediately,Repeat Complaints
T01121,C0180,Login,Resolved,2026-02-13,2026-02-18,5,Robert Gibson,Basic,South,Email,2025-10-28,Active,No,,No,False,False,False,8,True,90,High,📞 Contact Customer Immediately,Repeat Complaints
T01166,C0294,Payment,Resolved,2026-03-17,2026-03-22,5,Kristin Cox,Premium,West,Phone,2025-03-09,Active,No,,No,False,False,False,8,True,90,High,📞 Contact Customer Immediately,Repeat Complaints
T01237,C0304,Technical,Resolved,2026-01-31,2026-02-05,5,Sarah Love,Premium,East,Chat,2025-11-20,Active,No,,No,False,False,False,8,True,90,High,📞 Contact Customer Immediately,Repeat Complaints
T00107,C0122,Login,Resolved,2026-05-22,2026-06-01,10,Laura Singh,Basic,North,Phone,2025-04-27,Active,No,,No,False,False,False,7,True,90,High,📞 Contact Customer Immediately,"Repeat Complaints, Delayed Resolution"
T00488,C0011,Account,Resolved,2026-03-26,2026-04-05,10,John Peterson,Premium,South,Email,2026-06-29,Active,No,,No,False,False,False,7,True,90,High,📞 Contact Customer Immediately,"Repeat Complaints, Delayed Resolution"
T00498,C0158,Payment,Resolved,2026-01-01,2026-01-11,10,Robert Webb,Enterprise,East,Chat,2024-09-24,Active,No,,No,False,False,False,7,True,90,High,📞 Contact Customer Immediately,"Repeat Complaints, Delayed Resolution"
T01114,C0415,Account,Resolved,2026-04-30,2026-05-10,10,Melissa Acosta,Basic,South,Chat,2026-05-10,Active,No,,No,False,False,False,7,True,90,High,📞 Contact Customer Immediately,"Repeat Complaints, Delayed Resolution"
T01347,C0497,Billing,Resolved,2026-04-03,2026-04-13,10,Daniel Ford,Enterprise,East,Email,2025-06-07,Active,No,,No,False,False,False,7,True,90,High,📞 Contact Customer Immediately,"Repeat Complaints, Delayed Resolution"
T01891,C0497,Payment,Resolved,2026-03-20,2026-03-30,10,Daniel Ford,Enterprise,East,Email,2025-06-07,Active,No,,No,False,False,False,7,True,90,High,📞 Contact Customer Immediately,"Repeat Complaints, Delayed Resolution"
T00053,C0436,Billing,Resolved,2026-02-11,2026-02-16,5,Billy Torres,Enterprise,North,Email,2026-07-16,Active,Yes,L2,No,False,True,False,6,True,90,High,📞 Contact Customer Immediately,"Escalated Case, Repeat Complaints"
T00236,C0095,Account,Resolved,2026-02-27,2026-03-04,5,Shane Howard DDS,Premium,West,Chat,2026-07-27,Active,Yes,L3,No,False,True,False,6,True,90,High,📞 Contact Customer Immediately,"Escalated Case, Repeat Complaints"
T00395,C0046,Billing,Resolved,2026-04-05,2026-04-10,5,Joseph White,Premium,North,Phone,2026-02-17,Active,Yes,L2,No,False,True,False,6,True,90,High,📞 Contact Customer Immediately,"Escalated Case, Repeat Complaints"
T00425,C0172,Login,Resolved,2026-01-17,2026-01-22,5,Daniel Randolph,Enterprise,North,Chat,2025-02-28,Active,Yes,L1,No,False,True,False,6,True,90,High,📞 Contact Customer Immediately,"Escalated Case, Repeat Complaints"
T00708,C0264,Account,Resolved,2026-01-12,2026-01-17,5,Monique Peterson,Enterprise,East,Chat,2025-11-08,Active,Yes,L2,No,False,True,False,6,True,90,High,📞 Contact Customer Immediately,"Escalated Case, Repeat Complaints"
T00736,C0249,Login,Resolved,2026-06-18,2026-06-23,5,Theresa Gray,Premium,South,Chat,2024-08-17,Active,Yes,L2,No,False,True,False,6,True,90,High,📞 Contact Customer Immediately,"Escalated Case, Repeat Complaints"
T00906,C0267,Billing,Resolved,2026-06-13,2026-06-18,5,Justin Donovan,Basic,South,Chat,2025-12-06,Active,Yes,L2,No,False,True,False,6,True,90,High,📞 Contact Customer Immediately,"Escalated Case, Repeat Complaints"
T01033,C0098,Payment,Resolved,2026-03-19,2026-03-24,5,Frank Haynes,Basic,North,Phone,2026-06-24,Cancelled,Yes,L2,Yes,False,True,True,6,True,90,High,📞 Contact Customer Immediately,"Escalated Case, Repeat Complaints"
T01181,C0027,Technical,Resolved,2026-05-02,2026-05-07,5,Daniel Reed,Enterprise,South,Phone,2025-02-06,Cancelled,Yes,L1,Yes,False,True,True,6,True,90,High,📞 Contact Customer Immediately,"Escalated Case, Repeat Complaints"
T01187,C0172,Payment,Resolved,2026-01-26,2026-01-31,5,Daniel Randolph,Enterprise,North,Chat,2025-02-28,Active,Yes,L2,No,False,True,False,6,True,90,High,📞 Contact Customer Immediately,"Escalated Case, Repeat Complaints"
T01207,C0053,Billing,Resolved,2026-05-27,2026-06-01,5,Cory Greene,Premium,South,Email,2025-10-11,Active,Yes,L3,No,False,True,False,6,True,90,High,📞 Contact Customer Immediately,"Escalated Case, Repeat Complaints"
T01308,C0228,Login,Resolved,2026-02-03,2026-02-08,5,Tammy Joseph,Premium,North,Phone,2026-01-17,Active,Yes,L1,No,False,True,False,6,True,90,High,📞 Contact Customer Immediately,"Escalated Case, Repeat Complaints"
T01800,C0192,Technical,Resolved,2026-02-02,2026-02-07,5,Danny Bishop,Enterprise,West,Phone,2025-10-23,Cancelled,Yes,L2,Yes,False,True,True,6,True,90,High,📞 Contact Customer Immediately,"Escalated Case, Repeat Complaints"
T00156,C0306,Login,Resolved,2026-06-17,2026-06-27,10,Jennifer Buchanan,Premium,West,Chat,2026-01-13,Active,Yes,L3,No,False,True,False,5,True,90,High,📞 Contact Customer Immediately,"Escalated Case, Repeat Complaints, Delayed Resolution"
T00327,C0114,Login,Resolved,2026-04-29,2026-05-09,10,Donna Thompson,Enterprise,South,Phone,2025-08-22,Active,Yes,L2,No,False,True,False,5,True,90,High,📞 Contact Customer Immediately,"Escalated Case, Repeat Complaints, Delayed Resolution"
T00864,C0328,Payment,Resolved,2026-06-06,2026-06-16,10,Cassandra Robinson,Premium,South,Chat,2025-04-01,Active,Yes,L1,No,False,True,False,5,True,90,High,📞 Contact Customer Immediately,"Escalated Case, Repeat Complaints, Delayed Resolution"
T01077,C0059,Payment,Resolved,2026-05-26,2026-06-05,10,Christopher Newman,Enterprise,North,Email,2024-11-12,Active,Yes,L2,No,False,True,False,5,True,90,High,📞 Contact Customer Immediately,"Escalated Case, Repeat Complaints, Delayed Resolution"
T01286,C0272,Billing,Resolved,2026-03-11,2026-03-21,10,Tracy Burnett,Premium,South,Chat,2025-08-12,Cancelled,Yes,L3,Yes,False,True,True,5,True,90,High,📞 Contact Customer Immediately,"Escalated Case, Repeat Complaints, Delayed Resolution"
T01460,C0110,Payment,Resolved,2026-03-07,2026-03-17,10,Raymond Palmer,Premium,West,Email,2025-01-10,Cancelled,Yes,L2,Yes,False,True,True,5,True,90,High,📞 Contact Customer Immediately,"Escalated Case, Repeat Complaints, Delayed Resolution"
T01548,C0431,Technical,Resolved,2026-03-17,2026-03-27,10,Mary Harrington,Enterprise,South,Phone,2025-01-19,Cancelled,Yes,L2,Yes,False,True,True,5,True,90,High,📞 Contact Customer Immediately,"Escalated Case, Repeat Complaints, Delayed Resolution"
T01642,C0484,Account,Resolved,2026-01-31,2026-02-10,10,Dawn Wheeler,Enterprise,South,Chat,2025-07-24,Active,Yes,L2,No,False,True,False,5,True,90,High,📞 Contact Customer Immediately,"Escalated Case, Repeat Complaints, Delayed Resolution"
T01662,C0403,Technical,Resolved,2026-06-30,2026-07-10,10,Dr. Kevin Scott DDS,Premium,North,Chat,2026-05-06,Active,Yes,L3,No,False,True,False,5,True,90,High,📞 Contact Customer Immediately,"Escalated Case, Repeat Complaints, Delayed Resolution"
T01707,C0283,Technical,Resolved,2026-05-25,2026-06-04,10,David Stephens,Basic,East,Email,2025-06-30,Active,Yes,L2,No,False,True,False,5,True,90,High,📞 Contact Customer Immediately,"Escalated Case, Repeat Complaints, Delayed Resolution"
T01734,C0006,Login,Resolved,2026-04-20,2026-04-30,10,Patricia Kennedy,Basic,South,Email,2026-07-21,Cancelled,Yes,L2,Yes,False,True,True,5,True,90,High,📞 Contact Customer Immediately,"Escalated Case, Repeat Complaints, Delayed Resolution"
T01113,C0419,Technical,Open,2026-06-21,,10,Jamie Wolf,Enterprise,North,Chat,2024-12-05,Active,No,,No,True,False,False,4,True,90,High,📞 Contact Customer Immediately,"Unresolved Ticket, Repeat Complaints, Delayed Resolution"
T01979,C0335,Login,Open,2026-06-21,,10,Sara Clarke,Enterprise,East,Phone,2025-12-07,Active,No,,No,True,False,False,4,True,90,High,📞 Contact Customer Immediately,"Unresolved Ticket, Repeat Complaints, Delayed Resolution"
T01697,C0276,Billing,Open,2026-06-21,,10,Brittany Peters,Premium,North,Email,2025-05-25,Active,Yes,L2,No,True,True,False,2,False,90,High,📞 Contact Customer Immediately,"Unresolved Ticket, Escalated Case, Delayed Resolution"
T00228,C0112,Billing,Resolved,2026-03-16,2026-03-20,4,Seth Brewer,Premium,North,Email,2025-12-02,Active,No,,No,False,False,False,8,True,88,High,📞 Contact Customer Immediately,Repeat Complaints
T00336,C0170,Account,Resolved,2026-04-29,2026-05-03,4,Jaime Medina,Enterprise,South,Phone,2026-07-25,Active,No,,No,False,False,False,8,True,88,High,📞 Contact Customer Immediately,Repeat Complaints
T00578,C0199,Billing,Resolved,2026-05-27,2026-05-31,4,Zachary Williams,Premium,East,Phone,2025-09-20,Active,No,,No,False,False,False,8,True,88,High,📞 Contact Customer Immediately,Repeat Complaints
T00056,C0477,Billing,Resolved,2026-04-12,2026-04-21,9,Paula Martinez,Enterprise,North,Phone,2025-07-18,Active,No,,No,False,False,False,7,True,88,High,📞 Contact Customer Immediately,"Repeat Complaints, Delayed Resolution"
T00243,C0021,Billing,Resolved,2026-05-31,2026-06-09,9,Bianca Obrien,Basic,South,Email,2026-06-28,Active,No,,No,False,False,False,7,True,88,High,📞 Contact Customer Immediately,"Repeat Complaints, Delayed Resolution"
T00495,C0406,Login,Resolved,2026-02-14,2026-02-23,9,Joseph Olson,Enterprise,East,Phone,2026-05-11,Active,No,,No,False,False,False,7,True,88,High,📞 Contact Customer Immediately,"Repeat Complaints, Delayed Resolution"
T00715,C0045,Billing,Resolved,2026-03-06,2026-03-15,9,Gina Gonzales,Premium,West,Phone,2026-08-04,Active,No,,No,False,False,False,7,True,88,High,📞 Contact Customer Immediately,"Repeat Complaints, Delayed Resolution"
T01223,C0406,Account,Resolved,2026-05-08,2026-05-17,9,Joseph Olson,Enterprise,East,Phone,2026-05-11,Active,No,,No,False,False,False,7,True,88,High,📞 Contact Customer Immediately,"Repeat Complaints, Delayed Resolution"
T01409,C0227,Login,Resolved,2026-02-15,2026-02-24,9,David Ryan,Basic,South,Email,2025-03-08,Cancelled,No,,Yes,False,False,True,7,True,88,High,📞 Contact Customer Immediately,"Repeat Complaints, Delayed Resolution"
T01413,C0351,Account,Resolved,2026-05-02,2026-05-11,9,Raymond Freeman,Enterprise,South,Chat,2026-07-24,Cancelled,No,,Yes,False,False,True,7,True,88,High,📞 Contact Customer Immediately,"Repeat Complaints, Delayed Resolution"
T01651,C0244,Account,Resolved,2026-02-05,2026-02-14,9,Robert Clark,Premium,South,Chat,2025-11-24,Active,No,,No,False,False,False,7,True,88,High,📞 Contact Customer Immediately,"Repeat Complaints, Delayed Resolution"
T01926,C0372,Technical,Resolved,2026-02-01,2026-02-10,9,Zoe Rich,Enterprise,South,Email,2026-06-20,Active,No,,No,False,False,False,7,True,88,High,📞 Contact Customer Immediately,"Repeat Complaints, Delayed Resolution"
T01951,C0296,Billing,Resolved,2026-06-01,2026-06-10,9,Marie Chavez,Basic,South,Chat,2025-01-22,Active,No,,No,False,False,False,7,True,88,High,📞 Contact Customer Immediately,"Repeat Complaints, Delayed Resolution"
T00485,C0486,Account,Resolved,2026-05-25,2026-05-29,4,Alexander Glenn,Basic,East,Chat,2025-07-15,Active,Yes,L3,No,False,True,False,6,True,88,High,📞 Contact Customer Immediately,"Escalated Case, Repeat Complaints"
T00687,C0007,Payment,Resolved,2026-04-24,2026-04-28,4,Kyle Mendoza,Enterprise,North,Phone,2024-09-09,Cancelled,Yes,L2,Yes,False,True,True,6,True,88,High,📞 Contact Customer Immediately,"Escalated Case, Repeat Complaints"
T00849,C0231,Technical,Resolved,2026-05-28,2026-06-01,4,Amber Rogers,Enterprise,North,Email,2025-08-20,Active,Yes,L2,No,False,True,False,6,True,88,High,📞 Contact Customer Immediately,"Escalated Case, Repeat Complaints"
T01030,C0267,Billing,Resolved,2026-01-11,2026-01-15,4,Justin Donovan,Basic,South,Chat,2025-12-06,Active,Yes,L2,No,False,True,False,6,True,88,High,📞 Contact Customer Immediately,"Escalated Case, Repeat Complaints"
T01880,C0128,Payment,Resolved,2026-04-25,2026-04-29,4,Gregory Foster,Basic,West,Chat,2026-04-18,Active,Yes,L2,No,False,True,False,6,True,88,High,📞 Contact Customer Immediately,"Escalated Case, Repeat Complaints"
T00422,C0006,Technical,Resolved,2026-03-30,2026-04-08,9,Patricia Kennedy,Basic,South,Email,2026-07-21,Cancelled,Yes,L2,Yes,False,True,True,5,True,88,High,📞 Contact Customer Immediately,"Escalated Case, Repeat Complaints, Delayed Resolution"
T00515,C0106,Technical,Resolved,2026-05-22,2026-05-31,9,John Ibarra,Enterprise,North,Phone,2025-05-03,Active,Yes,L2,No,False,True,False,5,True,88,High,📞 Contact Customer Immediately,"Escalated Case, Repeat Complaints, Delayed Resolution"
T01153,C0310,Login,Resolved,2026-04-27,2026-05-06,9,Jeffrey Phillips,Premium,North,Email,2025-11-10,Cancelled,Yes,L2,Yes,False,True,True,5,True,88,High,📞 Contact Customer Immediately,"Escalated Case, Repeat Complaints, Delayed Resolution"
T01311,C0490,Technical,Resolved,2026-02-11,2026-02-20,9,Anthony Tran,Basic,North,Chat,2026-06-11,Active,Yes,L1,No,False,True,False,5,True,88,High,📞 Contact Customer Immediately,"Escalated Case, Repeat Complaints, Delayed Resolution"
T01481,C0295,Billing,Resolved,2026-03-05,2026-03-14,9,Haley Jenkins,Enterprise,West,Chat,2025-04-14,Active,Yes,L3,No,False,True,False,5,True,88,High,📞 Contact Customer Immediately,"Escalated Case, Repeat Complaints, Delayed Resolution"
T01565,C0247,Technical,Resolved,2026-04-22,2026-05-01,9,Amanda Reid,Premium,East,Chat,2026-06-19,Active,Yes,L2,No,False,True,False,5,True,88,High,📞 Contact Customer Immediately,"Escalated Case, Repeat Complaints, Delayed Resolution"
T01615,C0466,Payment,Resolved,2026-03-13,2026-03-22,9,Cynthia Navarro,Enterprise,North,Phone,2026-04-12,Active,Yes,L1,No,False,True,False,5,True,88,High,📞 Contact Customer Immediately,"Escalated Case, Repeat Complaints, Delayed Resolution"
T01582,C0492,Login,Open,2026-06-22,,9,Rachel Guerrero,Enterprise,West,Chat,2026-05-14,Active,No,,No,True,False,False,4,True,88,High,📞 Contact Customer Immediately,"Unresolved Ticket, Repeat Complaints, Delayed Resolution"
T00116,C0426,Billing,Resolved,2026-03-19,2026-03-22,3,Christopher Sampson,Basic,West,Email,2025-07-04,Active,No,,No,False,False,False,8,True,86,High,📞 Contact Customer Immediately,Repeat Complaints
T00449,C0304,Account,Resolved,2026-06-19,2026-06-22,3,Sarah Love,Premium,East,Chat,2025-11-20,Active,No,,No,False,False,False,8,True,86,High,📞 Contact Customer Immediately,Repeat Complaints
T00759,C0428,Payment,Resolved,2026-05-26,2026-05-29,3,Kristin Sellers,Enterprise,North,Email,2025-09-14,Active,No,,No,False,False,False,8,True,86,High,📞 Contact Customer Immediately,Repeat Complaints
T00769,C0332,Login,Resolved,2026-01-12,2026-01-15,3,Amber Hart,Basic,West,Email,2025-08-25,Cancelled,No,,Yes,False,False,True,8,True,86,High,📞 Contact Customer Immediately,Repeat Complaints
T01400,C0063,Payment,Resolved,2026-03-01,2026-03-04,3,Zachary Jensen,Basic,East,Phone,2024-11-13,Active,No,,No,False,False,False,8,True,86,High,📞 Contact Customer Immediately,Repeat Complaints
T01448,C0332,Billing,Resolved,2026-03-11,2026-03-14,3,Amber Hart,Basic,West,Email,2025-08-25,Cancelled,No,,Yes,False,False,True,8,True,86,High,📞 Contact Customer Immediately,Repeat Complaints
T01630,C0180,Payment,Resolved,2026-05-27,2026-05-30,3,Robert Gibson,Basic,South,Email,2025-10-28,Active,No,,No,False,False,False,8,True,86,High,📞 Contact Customer Immediately,Repeat Complaints
T00025,C0244,Account,Resolved,2026-01-16,2026-01-24,8,Robert Clark,Premium,South,Chat,2025-11-24,Active,No,,No,False,False,False,7,True,86,High,📞 Contact Customer Immediately,"Repeat Complaints, Delayed Resolution"
T00059,C0406,Technical,Resolved,2026-03-15,2026-03-23,8,Joseph Olson,Enterprise,East,Phone,2026-05-11,Active,No,,No,False,False,False,7,True,86,High,📞 Contact Customer Immediately,"Repeat Complaints, Delayed Resolution"
T00249,C0158,Payment,Resolved,2026-05-08,2026-05-16,8,Robert Webb,Enterprise,East,Chat,2024-09-24,Active,No,,No,False,False,False,7,True,86,High,📞 Contact Customer Immediately,"Repeat Complaints, Delayed Resolution"
T00911,C0497,Billing,Resolved,2026-06-26,2026-07-04,8,Daniel Ford,Enterprise,East,Email,2025-06-07,Active,No,,No,False,False,False,7,True,86,High,📞 Contact Customer Immediately,"Repeat Complaints, Delayed Resolution"
T01094,C0464,Account,Resolved,2026-03-29,2026-04-06,8,Misty Strong,Premium,North,Phone,2026-06-18,Active,No,,No,False,False,False,7,True,86,High,📞 Contact Customer Immediately,"Repeat Complaints, Delayed Resolution"
T01405,C0406,Login,Resolved,2026-06-19,2026-06-27,8,Joseph Olson,Enterprise,East,Phone,2026-05-11,Active,No,,No,False,False,False,7,True,86,High,📞 Contact Customer Immediately,"Repeat Complaints, Delayed Resolution"
T01411,C0252,Login,Resolved,2026-04-10,2026-04-18,8,Jason Lynch,Basic,West,Email,2025-01-17,Active,No,,No,False,False,False,7,True,86,High,📞 Contact Customer Immediately,"Repeat Complaints, Delayed Resolution"
T01655,C0120,Login,Resolved,2026-01-12,2026-01-20,8,Ashley Johnson,Enterprise,East,Phone,2024-10-25,Active,No,,No,False,False,False,7,True,86,High,📞 Contact Customer Immediately,"Repeat Complaints, Delayed Resolution"
T01796,C0243,Technical,Resolved,2026-05-22,2026-05-30,8,David Peters,Premium,East,Phone,2025-04-19,Cancelled,No,,Yes,False,False,True,7,True,86,High,📞 Contact Customer Immediately,"Repeat Complaints, Delayed Resolution"
T01913,C0415,Technical,Resolved,2026-04-15,2026-04-23,8,Melissa Acosta,Basic,South,Chat,2026-05-10,Active,No,,No,False,False,False,7,True,86,High,📞 Contact Customer Immediately,"Repeat Complaints, Delayed Resolution"
T00215,C0479,Login,Resolved,2026-04-15,2026-04-18,3,Kimberly Flores,Basic,East,Phone,2024-12-01,Active,Yes,L1,No,False,True,False,6,True,86,High,📞 Contact Customer Immediately,"Escalated Case, Repeat Complaints"
T00351,C0285,Technical,Resolved,2026-02-05,2026-02-08,3,Samantha Benton,Premium,South,Phone,2024-09-01,Active,Yes,L1,No,False,True,False,6,True,86,High,📞 Contact Customer Immediately,"Escalated Case, Repeat Complaints"
T00532,C0347,Account,Resolved,2026-04-25,2026-04-28,3,Douglas Day,Basic,West,Email,2024-09-09,Active,Yes,L3,No,False,True,False,6,True,86,High,📞 Contact Customer Immediately,"Escalated Case, Repeat Complaints"
T00765,C0264,Payment,Resolved,2026-02-17,2026-02-20,3,Monique Peterson,Enterprise,East,Chat,2025-11-08,Active,Yes,L2,No,False,True,False,6,True,86,High,📞 Contact Customer Immediately,"Escalated Case, Repeat Complaints"
T01150,C0069,Billing,Resolved,2026-01-05,2026-01-08,3,Traci Noble,Basic,South,Email,2024-11-28,Active,Yes,L1,No,False,True,False,6,True,86,High,📞 Contact Customer Immediately,"Escalated Case, Repeat Complaints"
T01758,C0102,Payment,Resolved,2026-03-09,2026-03-12,3,Katie Robinson,Enterprise,North,Email,2025-01-06,Active,Yes,L3,No,False,True,False,6,True,86,High,📞 Contact Customer Immediately,"Escalated Case, Repeat Complaints"
T01825,C0376,Login,Resolved,2026-06-18,2026-06-21,3,Scott Woods,Premium,East,Chat,2025-05-10,Active,Yes,L3,No,False,True,False,6,True,86,High,📞 Contact Customer Immediately,"Escalated Case, Repeat Complaints"
T01974,C0475,Billing,Resolved,2026-05-02,2026-05-05,3,Christopher Delgado,Premium,North,Chat,2025-09-26,Active,Yes,L2,No,False,True,False,6,True,86,High,📞 Contact Customer Immediately,"Escalated Case, Repeat Complaints"
T00065,C0328,Account,Resolved,2026-01-29,2026-02-06,8,Cassandra Robinson,Premium,South,Chat,2025-04-01,Active,Yes,L3,No,False,True,False,5,True,86,High,📞 Contact Customer Immediately,"Escalated Case, Repeat Complaints, Delayed Resolution"
T00164,C0270,Login,Resolved,2026-02-14,2026-02-22,8,Corey Arias,Enterprise,East,Email,2025-05-30,Cancelled,Yes,L3,Yes,False,True,True,5,True,86,High,📞 Contact Customer Immediately,"Escalated Case, Repeat Complaints, Delayed Resolution"
T00524,C0096,Login,Resolved,2026-04-23,2026-05-01,8,Mrs. Ashley Palmer,Premium,West,Email,2025-12-07,Active,Yes,L2,No,False,True,False,5,True,86,High,📞 Contact Customer Immediately,"Escalated Case, Repeat Complaints, Delayed Resolution"
T00632,C0483,Technical,Resolved,2026-06-01,2026-06-09,8,Eric Castillo,Basic,North,Email,2026-05-22,Active,Yes,L3,No,False,True,False,5,True,86,High,📞 Contact Customer Immediately,"Escalated Case, Repeat Complaints, Delayed Resolution"
T00834,C0472,Billing,Resolved,2026-06-19,2026-06-27,8,Carlos Johnson,Enterprise,South,Email,2025-09-25,Active,Yes,L1,No,False,True,False,5,True,86,High,📞 Contact Customer Immediately,"Escalated Case, Repeat Complaints, Delayed Resolution"
T00935,C0311,Billing,Resolved,2026-02-23,2026-03-03,8,Justin Parks,Basic,North,Phone,2025-02-20,Cancelled,Yes,L2,Yes,False,True,True,5,True,86,High,📞 Contact Customer Immediately,"Escalated Case, Repeat Complaints, Delayed Resolution"
T01037,C0093,Account,Pending,2026-06-28,,3,Kayla Rivera,Premium,North,Email,2025-07-08,Active,No,,No,True,False,False,5,True,86,High,📞 Contact Customer Immediately,"Unresolved Ticket, Repeat Complaints"
T01038,C0280,Technical,Resolved,2026-03-24,2026-04-01,8,Donna Johnson,Premium,North,Email,2025-02-20,Active,Yes,L2,No,False,True,False,5,True,86,High,📞 Contact Customer Immediately,"Escalated Case, Repeat Complaints, Delayed Resolution"
T01115,C0068,Billing,Open,2026-06-28,,3,Elizabeth Huffman MD,Enterprise,West,Email,2026-02-11,Active,No,,No,True,False,False,5,True,86,High,📞 Contact Customer Immediately,"Unresolved Ticket, Repeat Complaints"
T01165,C0399,Billing,Resolved,2026-05-12,2026-05-20,8,Kenneth Smith,Premium,West,Chat,2024-08-12,Active,Yes,L3,No,False,True,False,5,True,86,High,📞 Contact Customer Immediately,"Escalated Case, Repeat Complaints, Delayed Resolution"
T01211,C0295,Billing,Resolved,2026-05-06,2026-05-14,8,Haley Jenkins,Enterprise,West,Chat,2025-04-14,Active,Yes,L3,No,False,True,False,5,True,86,High,📞 Contact Customer Immediately,"Escalated Case, Repeat Complaints, Delayed Resolution"
T01365,C0179,Payment,Resolved,2026-02-05,2026-02-13,8,Christopher Castro,Basic,East,Email,2025-10-21,Cancelled,Yes,L3,Yes,False,True,True,5,True,86,High,📞 Contact Customer Immediately,"Escalated Case, Repeat Complaints, Delayed Resolution"
T01385,C0064,Login,Resolved,2026-02-04,2026-02-12,8,Holly Navarro,Enterprise,West,Email,2026-06-17,Active,Yes,L2,No,False,True,False,5,True,86,High,📞 Contact Customer Immediately,"Escalated Case, Repeat Complaints, Delayed Resolution"
T01700,C0064,Login,Resolved,2026-02-19,2026-02-27,8,Holly Navarro,Enterprise,West,Email,2026-06-17,Active,Yes,L3,No,False,True,False,5,True,86,High,📞 Contact Customer Immediately,"Escalated Case, Repeat Complaints, Delayed Resolution"
T01739,C0327,Account,Resolved,2026-04-18,2026-04-26,8,Dennis Lopez,Premium,North,Email,2025-09-06,Active,Yes,L2,No,False,True,False,5,True,86,High,📞 Contact Customer Immediately,"Escalated Case, Repeat Complaints, Delayed Resolution"
T01748,C0403,Billing,Resolved,2026-06-20,2026-06-28,8,Dr. Kevin Scott DDS,Premium,North,Chat,2026-05-06,Active,Yes,L3,No,False,True,False,5,True,86,High,📞 Contact Customer Immediately,"Escalated Case, Repeat Complaints, Delayed Resolution"
T01982,C0006,Billing,Resolved,2026-02-01,2026-02-09,8,Patricia Kennedy,Basic,South,Email,2026-07-21,Cancelled,Yes,L1,Yes,False,True,True,5,True,86,High,📞 Contact Customer Immediately,"Escalated Case, Repeat Complaints, Delayed Resolution"
T01004,C0078,Payment,Open,2026-06-18,,13,David Benjamin,Enterprise,West,Email,2026-07-19,Active,No,,No,True,False,False,3,True,86,High,📞 Contact Customer Immediately,"Unresolved Ticket, Repeat Complaints, Delayed Resolution"
T00727,C0294,Account,Resolved,2026-05-21,2026-05-23,2,Kristin Cox,Premium,West,Phone,2025-03-09,Active,No,,No,False,False,False,8,True,84,High,📞 Contact Customer Immediately,Repeat Complaints
T01131,C0304,Account,Resolved,2026-05-23,2026-05-25,2,Sarah Love,Premium,East,Chat,2025-11-20,Active,No,,No,False,False,False,8,True,84,High,📞 Contact Customer Immediately,Repeat Complaints
T01291,C0188,Technical,Resolved,2026-06-30,2026-07-02,2,Katherine Robinson,Enterprise,West,Email,2024-10-29,Cancelled,No,,Yes,False,False,True,8,True,84,High,📞 Contact Customer Immediately,Repeat Complaints
T01382,C0188,Account,Resolved,2026-06-22,2026-06-24,2,Katherine Robinson,Enterprise,West,Email,2024-10-29,Cancelled,No,,Yes,False,False,True,8,True,84,High,📞 Contact Customer Immediately,Repeat Complaints
T01601,C0332,Payment,Resolved,2026-02-05,2026-02-07,2,Amber Hart,Basic,West,Email,2025-08-25,Cancelled,No,,Yes,False,False,True,8,True,84,High,📞 Contact Customer Immediately,Repeat Complaints
T00064,C0122,Payment,Resolved,2026-03-03,2026-03-10,7,Laura Singh,Basic,North,Phone,2025-04-27,Active,No,,No,False,False,False,7,True,84,High,📞 Contact Customer Immediately,Repeat Complaints
T00210,C0415,Billing,Resolved,2026-05-12,2026-05-19,7,Melissa Acosta,Basic,South,Chat,2026-05-10,Active,No,,No,False,False,False,7,True,84,High,📞 Contact Customer Immediately,Repeat Complaints
T00224,C0480,Billing,Resolved,2026-06-19,2026-06-26,7,Lisa Garza,Premium,East,Chat,2025-12-02,Active,No,,No,False,False,False,7,True,84,High,📞 Contact Customer Immediately,Repeat Complaints
T00265,C0250,Billing,Resolved,2026-05-22,2026-05-29,7,Luke Perry,Enterprise,West,Chat,2025-07-09,Active,No,,No,False,False,False,7,True,84,High,📞 Contact Customer Immediately,Repeat Complaints
T00298,C0464,Technical,Resolved,2026-02-13,2026-02-20,7,Misty Strong,Premium,North,Phone,2026-06-18,Active,No,,No,False,False,False,7,True,84,High,📞 Contact Customer Immediately,Repeat Complaints
T00450,C0122,Payment,Resolved,2026-03-22,2026-03-29,7,Laura Singh,Basic,North,Phone,2025-04-27,Active,No,,No,False,False,False,7,True,84,High,📞 Contact Customer Immediately,Repeat Complaints
T00723,C0243,Technical,Resolved,2026-02-04,2026-02-11,7,David Peters,Premium,East,Phone,2025-04-19,Cancelled,No,,Yes,False,False,True,7,True,84,High,📞 Contact Customer Immediately,Repeat Complaints
T00798,C0158,Account,Resolved,2026-06-30,2026-07-07,7,Robert Webb,Enterprise,East,Chat,2024-09-24,Active,No,,No,False,False,False,7,True,84,High,📞 Contact Customer Immediately,Repeat Complaints
T00872,C0480,Login,Resolved,2026-01-07,2026-01-14,7,Lisa Garza,Premium,East,Chat,2025-12-02,Active,No,,No,False,False,False,7,True,84,High,📞 Contact Customer Immediately,Repeat Complaints
T00980,C0351,Account,Resolved,2026-06-21,2026-06-28,7,Raymond Freeman,Enterprise,South,Chat,2026-07-24,Cancelled,No,,Yes,False,False,True,7,True,84,High,📞 Contact Customer Immediately,Repeat Complaints
T01182,C0244,Account,Resolved,2026-06-24,2026-07-01,7,Robert Clark,Premium,South,Chat,2025-11-24,Active,No,,No,False,False,False,7,True,84,High,📞 Contact Customer Immediately,Repeat Complaints
T01359,C0071,Account,Resolved,2026-05-05,2026-05-12,7,Martha Valdez,Enterprise,South,Phone,2026-03-17,Cancelled,No,,Yes,False,False,True,7,True,84,High,📞 Contact Customer Immediately,Repeat Complaints
T01646,C0406,Technical,Resolved,2026-05-31,2026-06-07,7,Joseph Olson,Enterprise,East,Phone,2026-05-11,Active,No,,No,False,False,False,7,True,84,High,📞 Contact Customer Immediately,Repeat Complaints
T00015,C0102,Technical,Resolved,2026-06-17,2026-06-19,2,Katie Robinson,Enterprise,North,Email,2025-01-06,Active,Yes,L1,No,False,True,False,6,True,84,High,📞 Contact Customer Immediately,"Escalated Case, Repeat Complaints"
T01198,C0095,Payment,Resolved,2026-06-19,2026-06-21,2,Shane Howard DDS,Premium,West,Chat,2026-07-27,Active,Yes,L1,No,False,True,False,6,True,84,High,📞 Contact Customer Immediately,"Escalated Case, Repeat Complaints"
T01421,C0127,Technical,Resolved,2026-06-01,2026-06-03,2,Bethany Ellis,Premium,East,Email,2024-10-08,Active,Yes,L2,No,False,True,False,6,True,84,High,📞 Contact Customer Immediately,"Escalated Case, Repeat Complaints"
T01725,C0421,Payment,Resolved,2026-03-02,2026-03-04,2,Kimberly Smith,Basic,East,Email,2024-11-04,Active,Yes,L1,No,False,True,False,6,True,84,High,📞 Contact Customer Immediately,"Escalated Case, Repeat Complaints"
T01736,C0233,Account,Resolved,2026-02-19,2026-02-21,2,Mark Bates,Basic,East,Phone,2025-07-28,Active,Yes,L1,No,False,True,False,6,True,84,High,📞 Contact Customer Immediately,"Escalated Case, Repeat Complaints"
T01874,C0165,Technical,Resolved,2026-01-02,2026-01-04,2,Brandon Henry,Basic,East,Phone,2025-01-24,Active,Yes,L3,No,False,True,False,6,True,84,High,📞 Contact Customer Immediately,"Escalated Case, Repeat Complaints"
T00006,C0295,Login,Resolved,2026-06-13,2026-06-20,7,Haley Jenkins,Enterprise,West,Chat,2025-04-14,Active,Yes,L3,No,False,True,False,5,True,84,High,📞 Contact Customer Immediately,"Escalated Case, Repeat Complaints"
T00409,C0185,Payment,Resolved,2026-05-26,2026-06-02,7,Johnathan Barker,Premium,South,Email,2025-11-20,Cancelled,Yes,L2,Yes,False,True,True,5,True,84,High,📞 Contact Customer Immediately,"Escalated Case, Repeat Complaints"
T00413,C0260,Payment,Resolved,2026-05-09,2026-05-16,7,Dr. Lisa Walker DDS,Basic,West,Phone,2025-06-16,Active,Yes,L3,No,False,True,False,5,True,84,High,📞 Contact Customer Immediately,"Escalated Case, Repeat Complaints"
T00536,C0164,Billing,Resolved,2026-05-23,2026-05-30,7,Christopher Atkins,Premium,East,Phone,2025-06-01,Active,Yes,L2,No,False,True,False,5,True,84,High,📞 Contact Customer Immediately,"Escalated Case, Repeat Complaints"
T00594,C0403,Billing,Resolved,2026-04-22,2026-04-29,7,Dr. Kevin Scott DDS,Premium,North,Chat,2026-05-06,Active,Yes,L2,No,False,True,False,5,True,84,High,📞 Contact Customer Immediately,"Escalated Case, Repeat Complaints"
T00599,C0116,Payment,Resolved,2026-01-27,2026-02-03,7,Jacob Gomez,Basic,South,Chat,2025-07-27,Active,Yes,L2,No,False,True,False,5,True,84,High,📞 Contact Customer Immediately,"Escalated Case, Repeat Complaints"
T00805,C0114,Payment,Resolved,2026-01-10,2026-01-17,7,Donna Thompson,Enterprise,South,Phone,2025-08-22,Active,Yes,L3,No,False,True,False,5,True,84,High,📞 Contact Customer Immediately,"Escalated Case, Repeat Complaints"
T01352,C0183,Technical,Resolved,2026-04-03,2026-04-10,7,Valerie Wood,Premium,South,Phone,2026-01-02,Active,Yes,L2,No,False,True,False,5,True,84,High,📞 Contact Customer Immediately,"Escalated Case, Repeat Complaints"
T01617,C0330,Technical,Open,2026-06-09,,22,Jennifer Petty,Basic,South,Phone,2026-06-03,Active,No,,No,True,False,False,1,False,84,High,📞 Contact Customer Immediately,"Unresolved Ticket, Delayed Resolution"
T00313,C0304,Account,Resolved,2026-05-21,2026-05-22,1,Sarah Love,Premium,East,Chat,2025-11-20,Active,No,,No,False,False,False,8,True,82,High,📞 Contact Customer Immediately,Repeat Complaints
T01358,C0050,Account,Resolved,2026-02-06,2026-02-07,1,Kelly Villanueva,Premium,South,Chat,2025-01-07,Active,No,,No,False,False,False,8,True,82,High,📞 Contact Customer Immediately,Repeat Complaints
T00697,C0252,Account,Resolved,2026-01-19,2026-01-25,6,Jason Lynch,Basic,West,Email,2025-01-17,Active,No,,No,False,False,False,7,True,82,High,📞 Contact Customer Immediately,Repeat Complaints
T00756,C0120,Billing,Resolved,2026-05-13,2026-05-19,6,Ashley Johnson,Enterprise,East,Phone,2024-10-25,Active,No,,No,False,False,False,7,True,82,High,📞 Contact Customer Immediately,Repeat Complaints
T01138,C0296,Login,Resolved,2026-06-24,2026-06-30,6,Marie Chavez,Basic,South,Chat,2025-01-22,Active,No,,No,False,False,False,7,True,82,High,📞 Contact Customer Immediately,Repeat Complaints
T01314,C0163,Account,Resolved,2026-03-08,2026-03-14,6,Daniel Torres,Premium,North,Phone,2025-12-03,Cancelled,No,,Yes,False,False,True,7,True,82,High,📞 Contact Customer Immediately,Repeat Complaints
T01561,C0372,Login,Resolved,2026-06-07,2026-06-13,6,Zoe Rich,Enterprise,South,Email,2026-06-20,Active,No,,No,False,False,False,7,True,82,High,📞 Contact Customer Immediately,Repeat Complaints
T01762,C0480,Technical,Resolved,2026-03-03,2026-03-09,6,Lisa Garza,Premium,East,Chat,2025-12-02,Active,No,,No,False,False,False,7,True,82,High,📞 Contact Customer Immediately,Repeat Complaints
T01812,C0338,Account,Resolved,2026-01-15,2026-01-21,6,Mary Thomas,Premium,South,Chat,2025-12-09,Active,No,,No,False,False,False,7,True,82,High,📞 Contact Customer Immediately,Repeat Complaints
T01944,C0372,Login,Resolved,2026-06-27,2026-07-03,6,Zoe Rich,Enterprise,South,Email,2026-06-20,Active,No,,No,False,False,False,7,True,82,High,📞 Contact Customer Immediately,Repeat Complaints
T00474,C0103,Account,Resolved,2026-05-20,2026-05-21,1,Gary Mccoy,Basic,North,Phone,2025-03-18,Active,Yes,L3,No,False,True,False,6,True,82,High,📞 Contact Customer Immediately,"Escalated Case, Repeat Complaints"
T00924,C0420,Payment,Resolved,2026-04-27,2026-04-28,1,Paul Wilson,Enterprise,West,Chat,2026-07-27,Active,Yes,L1,No,False,True,False,6,True,82,High,📞 Contact Customer Immediately,"Escalated Case, Repeat Complaints"
T01029,C0314,Account,Resolved,2026-05-15,2026-05-16,1,Joseph Parker,Basic,West,Phone,2025-01-02,Active,Yes,L2,No,False,True,False,6,True,82,High,📞 Contact Customer Immediately,"Escalated Case, Repeat Complaints"
T01034,C0237,Technical,Resolved,2026-06-06,2026-06-07,1,Lisa Peterson,Enterprise,East,Phone,2025-09-02,Active,Yes,L1,No,False,True,False,6,True,82,High,📞 Contact Customer Immediately,"Escalated Case, Repeat Complaints"
T01054,C0420,Technical,Resolved,2026-02-07,2026-02-08,1,Paul Wilson,Enterprise,West,Chat,2026-07-27,Active,Yes,L2,No,False,True,False,6,True,82,High,📞 Contact Customer Immediately,"Escalated Case, Repeat Complaints"
T01284,C0095,Payment,Resolved,2026-06-30,2026-07-01,1,Shane Howard DDS,Premium,West,Chat,2026-07-27,Active,Yes,L3,No,False,True,False,6,True,82,High,📞 Contact Customer Immediately,"Escalated Case, Repeat Complaints"
T01587,C0156,Technical,Resolved,2026-01-13,2026-01-14,1,Thomas Khan,Enterprise,East,Email,2026-01-13,Active,Yes,L1,No,False,True,False,6,True,82,High,📞 Contact Customer Immediately,"Escalated Case, Repeat Complaints"
T01664,C0165,Login,Resolved,2026-05-06,2026-05-07,1,Brandon Henry,Basic,East,Phone,2025-01-24,Active,Yes,L2,No,False,True,False,6,True,82,High,📞 Contact Customer Immediately,"Escalated Case, Repeat Complaints"
T01831,C0231,Technical,Resolved,2026-05-10,2026-05-11,1,Amber Rogers,Enterprise,North,Email,2025-08-20,Active,Yes,L2,No,False,True,False,6,True,82,High,📞 Contact Customer Immediately,"Escalated Case, Repeat Complaints"
T00177,C0327,Technical,Resolved,2026-04-16,2026-04-22,6,Dennis Lopez,Premium,North,Email,2025-09-06,Active,Yes,L2,No,False,True,False,5,True,82,High,📞 Contact Customer Immediately,"Escalated Case, Repeat Complaints"
T00188,C0240,Payment,Resolved,2026-01-29,2026-02-04,6,Chelsea Jackson,Premium,East,Email,2026-06-10,Active,Yes,L2,No,False,True,False,5,True,82,High,📞 Contact Customer Immediately,"Escalated Case, Repeat Complaints"
T00437,C0168,Billing,Resolved,2026-01-03,2026-01-09,6,Christopher Morrison,Basic,South,Chat,2025-09-15,Cancelled,Yes,L2,Yes,False,True,True,5,True,82,High,📞 Contact Customer Immediately,"Escalated Case, Repeat Complaints"
T01060,C0185,Billing,Resolved,2026-03-18,2026-03-24,6,Johnathan Barker,Premium,South,Email,2025-11-20,Cancelled,Yes,L3,Yes,False,True,True,5,True,82,High,📞 Contact Customer Immediately,"Escalated Case, Repeat Complaints"
T01112,C0429,Login,Resolved,2026-03-21,2026-03-27,6,Chad Lane,Premium,South,Email,2025-08-06,Active,Yes,L3,No,False,True,False,5,True,82,High,📞 Contact Customer Immediately,"Escalated Case, Repeat Complaints"
T01846,C0047,Billing,Resolved,2026-01-04,2026-01-10,6,Colleen Price,Enterprise,North,Phone,2025-10-20,Active,Yes,L1,No,False,True,False,5,True,82,High,📞 Contact Customer Immediately,"Escalated Case, Repeat Complaints"
T01853,C0183,Payment,Resolved,2026-04-13,2026-04-19,6,Valerie Wood,Premium,South,Phone,2026-01-02,Active,Yes,L3,No,False,True,False,5,True,82,High,📞 Contact Customer Immediately,"Escalated Case, Repeat Complaints"
T01006,C0492,Account,Open,2026-06-25,,6,Rachel Guerrero,Enterprise,West,Chat,2026-05-14,Active,No,,No,True,False,False,4,True,82,High,📞 Contact Customer Immediately,"Unresolved Ticket, Repeat Complaints"
T00683,C0316,Account,Open,2026-06-15,,16,Tammy Williams,Premium,West,Chat,2025-04-07,Cancelled,No,,Yes,True,False,True,2,False,82,High,📞 Contact Customer Immediately,"Unresolved Ticket, Delayed Resolution"
T00198,C0158,Technical,Resolved,2026-05-09,2026-05-14,5,Robert Webb,Enterprise,East,Chat,2024-09-24,Active,No,,No,False,False,False,7,True,80,High,📞 Contact Customer Immediately,Repeat Complaints
T00758,C0021,Payment,Resolved,2026-05-14,2026-05-19,5,Bianca Obrien,Basic,South,Email,2026-06-28,Active,No,,No,False,False,False,7,True,80,High,📞 Contact Customer Immediately,Repeat Complaints
T00771,C0021,Account,Resolved,2026-02-12,2026-02-17,5,Bianca Obrien,Basic,South,Email,2026-06-28,Active,No,,No,False,False,False,7,True,80,High,📞 Contact Customer Immediately,Repeat Complaints
T00773,C0497,Account,Resolved,2026-06-19,2026-06-24,5,Daniel Ford,Enterprise,East,Email,2025-06-07,Active,No,,No,False,False,False,7,True,80,High,📞 Contact Customer Immediately,Repeat Complaints
T00806,C0477,Login,Resolved,2026-05-14,2026-05-19,5,Paula Martinez,Enterprise,North,Phone,2025-07-18,Active,No,,No,False,False,False,7,True,80,High,📞 Contact Customer Immediately,Repeat Complaints
T00895,C0497,Account,Resolved,2026-01-27,2026-02-01,5,Daniel Ford,Enterprise,East,Email,2025-06-07,Active,No,,No,False,False,False,7,True,80,High,📞 Contact Customer Immediately,Repeat Complaints
T00918,C0353,Login,Resolved,2026-02-04,2026-02-09,5,Tyler Dean,Enterprise,East,Email,2025-02-06,Active,No,,No,False,False,False,7,True,80,High,📞 Contact Customer Immediately,Repeat Complaints
T01174,C0338,Login,Resolved,2026-02-14,2026-02-19,5,Mary Thomas,Premium,South,Chat,2025-12-09,Active,No,,No,False,False,False,7,True,80,High,📞 Contact Customer Immediately,Repeat Complaints
T01661,C0338,Account,Resolved,2026-01-05,2026-01-10,5,Mary Thomas,Premium,South,Chat,2025-12-09,Active,No,,No,False,False,False,7,True,80,High,📞 Contact Customer Immediately,Repeat Complaints
T01864,C0120,Billing,Resolved,2026-02-01,2026-02-06,5,Ashley Johnson,Enterprise,East,Phone,2024-10-25,Active,No,,No,False,False,False,7,True,80,High,📞 Contact Customer Immediately,Repeat Complaints
T01884,C0011,Login,Resolved,2026-01-22,2026-01-27,5,John Peterson,Premium,South,Email,2026-06-29,Active,No,,No,False,False,False,7,True,80,High,📞 Contact Customer Immediately,Repeat Complaints
T01885,C0305,Account,Resolved,2026-02-14,2026-02-19,5,John Lowe,Basic,West,Phone,2026-05-24,Active,No,,No,False,False,False,7,True,80,High,📞 Contact Customer Immediately,Repeat Complaints
T00438,C0103,Payment,Resolved,2026-03-19,2026-03-29,10,Gary Mccoy,Basic,North,Phone,2025-03-18,Active,No,,No,False,False,False,6,True,80,High,📞 Contact Customer Immediately,"Repeat Complaints, Delayed Resolution"
T00879,C0091,Account,Resolved,2026-06-11,2026-06-21,10,Jason Collins,Basic,South,Chat,2025-01-25,Active,No,,No,False,False,False,6,True,80,High,📞 Contact Customer Immediately,"Repeat Complaints, Delayed Resolution"
T01125,C0237,Login,Resolved,2026-03-03,2026-03-13,10,Lisa Peterson,Enterprise,East,Phone,2025-09-02,Active,No,,No,False,False,False,6,True,80,High,📞 Contact Customer Immediately,"Repeat Complaints, Delayed Resolution"
T01274,C0127,Payment,Resolved,2026-02-26,2026-03-08,10,Bethany Ellis,Premium,East,Email,2024-10-08,Active,No,,No,False,False,False,6,True,80,High,📞 Contact Customer Immediately,"Repeat Complaints, Delayed Resolution"
T01698,C0228,Billing,Resolved,2026-04-07,2026-04-17,10,Tammy Joseph,Premium,North,Phone,2026-01-17,Active,No,,No,False,False,False,6,True,80,High,📞 Contact Customer Immediately,"Repeat Complaints, Delayed Resolution"
T01737,C0053,Billing,Resolved,2026-01-18,2026-01-28,10,Cory Greene,Premium,South,Email,2025-10-11,Active,No,,No,False,False,False,6,True,80,High,📞 Contact Customer Immediately,"Repeat Complaints, Delayed Resolution"
T01805,C0488,Payment,Resolved,2026-06-04,2026-06-14,10,Sean Pollard,Enterprise,North,Email,2024-10-28,Active,No,,No,False,False,False,6,True,80,High,📞 Contact Customer Immediately,"Repeat Complaints, Delayed Resolution"
T01861,C0436,Login,Resolved,2026-01-05,2026-01-15,10,Billy Torres,Enterprise,North,Email,2026-07-16,Active,No,,No,False,False,False,6,True,80,High,📞 Contact Customer Immediately,"Repeat Complaints, Delayed Resolution"
T01969,C0436,Payment,Resolved,2026-02-11,2026-02-21,10,Billy Torres,Enterprise,North,Email,2026-07-16,Active,No,,No,False,False,False,6,True,80,High,📞 Contact Customer Immediately,"Repeat Complaints, Delayed Resolution"
T00119,C0129,Technical,Resolved,2026-05-22,2026-05-27,5,Zachary Harris,Basic,North,Chat,2026-08-06,Cancelled,Yes,L1,Yes,False,True,True,5,True,80,High,📞 Contact Customer Immediately,"Escalated Case, Repeat Complaints"
T00186,C0153,Account,Resolved,2026-03-27,2026-04-01,5,James Thompson,Enterprise,West,Phone,2026-07-07,Active,Yes,L1,No,False,True,False,5,True,80,High,📞 Contact Customer Immediately,"Escalated Case, Repeat Complaints"
T00269,C0077,Technical,Resolved,2026-05-15,2026-05-20,5,Kristina Brown,Enterprise,South,Phone,2026-04-14,Active,Yes,L1,No,False,True,False,5,True,80,High,📞 Contact Customer Immediately,"Escalated Case, Repeat Complaints"
T00347,C0044,Technical,Resolved,2026-03-03,2026-03-08,5,Andrea Edwards,Premium,North,Chat,2025-04-06,Active,Yes,L3,No,False,True,False,5,True,80,High,📞 Contact Customer Immediately,"Escalated Case, Repeat Complaints"
T00368,C0306,Account,Resolved,2026-06-30,2026-07-05,5,Jennifer Buchanan,Premium,West,Chat,2026-01-13,Active,Yes,L1,No,False,True,False,5,True,80,High,📞 Contact Customer Immediately,"Escalated Case, Repeat Complaints"
T00581,C0093,Payment,Resolved,2026-02-02,2026-02-07,5,Kayla Rivera,Premium,North,Email,2025-07-08,Active,Yes,L3,No,False,True,False,5,True,80,High,📞 Contact Customer Immediately,"Escalated Case, Repeat Complaints"
T00826,C0490,Payment,Resolved,2026-01-03,2026-01-08,5,Anthony Tran,Basic,North,Chat,2026-06-11,Active,Yes,L1,No,False,True,False,5,True,80,High,📞 Contact Customer Immediately,"Escalated Case, Repeat Complaints"
T00829,C0161,Payment,Resolved,2026-05-27,2026-06-01,5,Robert Kaufman,Basic,West,Email,2025-02-17,Active,Yes,L2,No,False,True,False,5,True,80,High,📞 Contact Customer Immediately,"Escalated Case, Repeat Complaints"
T00921,C0096,Account,Resolved,2026-04-30,2026-05-05,5,Mrs. Ashley Palmer,Premium,West,Email,2025-12-07,Active,Yes,L1,No,False,True,False,5,True,80,High,📞 Contact Customer Immediately,"Escalated Case, Repeat Complaints"
T01100,C0240,Billing,Resolved,2026-06-18,2026-06-23,5,Chelsea Jackson,Premium,East,Email,2026-06-10,Active,Yes,L3,No,False,True,False,5,True,80,High,📞 Contact Customer Immediately,"Escalated Case, Repeat Complaints"
T01167,C0086,Billing,Resolved,2026-06-02,2026-06-07,5,James Hooper,Enterprise,West,Email,2024-11-29,Cancelled,Yes,L1,Yes,False,True,True,5,True,80,High,📞 Contact Customer Immediately,"Escalated Case, Repeat Complaints"
T01443,C0164,Billing,Resolved,2026-04-16,2026-04-21,5,Christopher Atkins,Premium,East,Phone,2025-06-01,Active,Yes,L2,No,False,True,False,5,True,80,High,📞 Contact Customer Immediately,"Escalated Case, Repeat Complaints"
T01866,C0041,Billing,Resolved,2026-05-08,2026-05-13,5,Thomas Bruce,Basic,West,Email,2025-04-28,Cancelled,Yes,L3,Yes,False,True,True,5,True,80,High,📞 Contact Customer Immediately,"Escalated Case, Repeat Complaints"
T01915,C0041,Payment,Resolved,2026-02-01,2026-02-06,5,Thomas Bruce,Basic,West,Email,2025-04-28,Cancelled,Yes,L3,Yes,False,True,True,5,True,80,High,📞 Contact Customer Immediately,"Escalated Case, Repeat Complaints"
T00031,C0348,Login,Resolved,2026-06-18,2026-06-28,10,Barry Waller,Premium,North,Chat,2026-03-27,Active,Yes,L1,No,False,True,False,4,True,80,High,📞 Contact Customer Immediately,"Escalated Case, Repeat Complaints, Delayed Resolution"
T00556,C0160,Account,Resolved,2026-05-15,2026-05-25,10,Eric Shepherd,Enterprise,South,Chat,2024-11-14,Cancelled,Yes,L2,Yes,False,True,True,4,True,80,High,📞 Contact Customer Immediately,"Escalated Case, Repeat Complaints, Delayed Resolution"
T00563,C0146,Billing,Resolved,2026-02-11,2026-02-21,10,April Anderson,Basic,North,Chat,2024-11-14,Active,Yes,L1,No,False,True,False,4,True,80,High,📞 Contact Customer Immediately,"Escalated Case, Repeat Complaints, Delayed Resolution"
T00633,C0411,Account,Resolved,2026-02-16,2026-02-26,10,Glenn Johnson,Premium,East,Phone,2026-02-18,Active,Yes,L2,No,False,True,False,4,True,80,High,📞 Contact Customer Immediately,"Escalated Case, Repeat Complaints, Delayed Resolution"
T01055,C0335,Payment,Resolved,2026-01-09,2026-01-19,10,Sara Clarke,Enterprise,East,Phone,2025-12-07,Active,Yes,L3,No,False,True,False,4,True,80,High,📞 Contact Customer Immediately,"Escalated Case, Repeat Complaints, Delayed Resolution"
T01328,C0202,Technical,Resolved,2026-06-04,2026-06-14,10,Sue Murray,Basic,South,Email,2025-10-22,Cancelled,Yes,L3,Yes,False,True,True,4,True,80,High,📞 Contact Customer Immediately,"Escalated Case, Repeat Complaints, Delayed Resolution"
T01431,C0206,Technical,Resolved,2026-01-24,2026-02-03,10,Kelly Wright,Premium,North,Phone,2026-07-31,Active,Yes,L1,No,False,True,False,4,True,80,High,📞 Contact Customer Immediately,"Escalated Case, Repeat Complaints, Delayed Resolution"
T01557,C0495,Technical,Resolved,2026-01-21,2026-01-31,10,James Harris,Basic,East,Phone,2025-02-05,Active,Yes,L3,No,False,True,False,4,True,80,High,📞 Contact Customer Immediately,"Escalated Case, Repeat Complaints, Delayed Resolution"
T01692,C0126,Payment,Resolved,2026-04-28,2026-05-08,10,Lisa Phillips,Enterprise,East,Phone,2024-09-29,Active,Yes,L3,No,False,True,False,4,True,80,High,📞 Contact Customer Immediately,"Escalated Case, Repeat Complaints, Delayed Resolution"
T00045,C0497,Login,Resolved,2026-04-25,2026-04-29,4,Daniel Ford,Enterprise,East,Email,2025-06-07,Active,No,,No,False,False,False,7,True,78,High,📞 Contact Customer Immediately,Repeat Complaints
T00175,C0071,Billing,Resolved,2026-05-31,2026-06-04,4,Martha Valdez,Enterprise,South,Phone,2026-03-17,Cancelled,No,,Yes,False,False,True,7,True,78,High,📞 Contact Customer Immediately,Repeat Complaints
T00734,C0250,Payment,Resolved,2026-06-21,2026-06-25,4,Luke Perry,Enterprise,West,Chat,2025-07-09,Active,No,,No,False,False,False,7,True,78,High,📞 Contact Customer Immediately,Repeat Complaints
T00856,C0204,Billing,Resolved,2026-01-16,2026-01-20,4,Sarah Cisneros,Enterprise,West,Chat,2026-07-26,Cancelled,No,,Yes,False,False,True,7,True,78,High,📞 Contact Customer Immediately,Repeat Complaints
T00912,C0353,Account,Resolved,2026-01-23,2026-01-27,4,Tyler Dean,Enterprise,East,Email,2025-02-06,Active,No,,No,False,False,False,7,True,78,High,📞 Contact Customer Immediately,Repeat Complaints
T01052,C0227,Billing,Resolved,2026-01-02,2026-01-06,4,David Ryan,Basic,South,Email,2025-03-08,Cancelled,No,,Yes,False,False,True,7,True,78,High,📞 Contact Customer Immediately,Repeat Complaints
T01270,C0464,Technical,Resolved,2026-05-22,2026-05-26,4,Misty Strong,Premium,North,Phone,2026-06-18,Active,No,,No,False,False,False,7,True,78,High,📞 Contact Customer Immediately,Repeat Complaints
T01462,C0163,Account,Resolved,2026-06-24,2026-06-28,4,Daniel Torres,Premium,North,Phone,2025-12-03,Cancelled,No,,Yes,False,False,True,7,True,78,High,📞 Contact Customer Immediately,Repeat Complaints
T01767,C0163,Account,Resolved,2026-06-12,2026-06-16,4,Daniel Torres,Premium,North,Phone,2025-12-03,Cancelled,No,,Yes,False,False,True,7,True,78,High,📞 Contact Customer Immediately,Repeat Complaints
T01788,C0061,Billing,Resolved,2026-05-20,2026-05-24,4,David Mcgee,Enterprise,South,Email,2026-05-02,Cancelled,No,,Yes,False,False,True,7,True,78,High,📞 Contact Customer Immediately,Repeat Complaints
T00069,C0269,Payment,Resolved,2026-05-15,2026-05-24,9,Becky Bowman,Basic,West,Chat,2025-06-07,Active,No,,No,False,False,False,6,True,78,High,📞 Contact Customer Immediately,"Repeat Complaints, Delayed Resolution"
T00187,C0233,Account,Resolved,2026-02-04,2026-02-13,9,Mark Bates,Basic,East,Phone,2025-07-28,Active,No,,No,False,False,False,6,True,78,High,📞 Contact Customer Immediately,"Repeat Complaints, Delayed Resolution"
T00353,C0249,Technical,Resolved,2026-04-09,2026-04-18,9,Theresa Gray,Premium,South,Chat,2024-08-17,Active,No,,No,False,False,False,6,True,78,High,📞 Contact Customer Immediately,"Repeat Complaints, Delayed Resolution"
T00414,C0217,Login,Resolved,2026-05-18,2026-05-27,9,Alexandria Jenkins,Premium,South,Email,2024-11-16,Active,No,,No,False,False,False,6,True,78,High,📞 Contact Customer Immediately,"Repeat Complaints, Delayed Resolution"
T00480,C0052,Technical,Resolved,2026-03-10,2026-03-19,9,Julia Smith,Basic,North,Phone,2026-04-28,Active,No,,No,False,False,False,6,True,78,High,📞 Contact Customer Immediately,"Repeat Complaints, Delayed Resolution"
T00615,C0102,Account,Resolved,2026-03-09,2026-03-18,9,Katie Robinson,Enterprise,North,Email,2025-01-06,Active,No,,No,False,False,False,6,True,78,High,📞 Contact Customer Immediately,"Repeat Complaints, Delayed Resolution"
T00750,C0376,Payment,Resolved,2026-05-09,2026-05-18,9,Scott Woods,Premium,East,Chat,2025-05-10,Active,No,,No,False,False,False,6,True,78,High,📞 Contact Customer Immediately,"Repeat Complaints, Delayed Resolution"
T00858,C0231,Payment,Resolved,2026-04-03,2026-04-12,9,Amber Rogers,Enterprise,North,Email,2025-08-20,Active,No,,No,False,False,False,6,True,78,High,📞 Contact Customer Immediately,"Repeat Complaints, Delayed Resolution"
T00903,C0378,Billing,Resolved,2026-01-25,2026-02-03,9,Cody Rush,Premium,South,Email,2025-10-31,Active,No,,No,False,False,False,6,True,78,High,📞 Contact Customer Immediately,"Repeat Complaints, Delayed Resolution"
T01031,C0266,Account,Resolved,2026-01-11,2026-01-20,9,Ian Cline,Premium,East,Email,2025-08-16,Active,No,,No,False,False,False,6,True,78,High,📞 Contact Customer Immediately,"Repeat Complaints, Delayed Resolution"
T01069,C0475,Technical,Resolved,2026-05-08,2026-05-17,9,Christopher Delgado,Premium,North,Chat,2025-09-26,Active,No,,No,False,False,False,6,True,78,High,📞 Contact Customer Immediately,"Repeat Complaints, Delayed Resolution"
T01302,C0488,Billing,Resolved,2026-06-24,2026-07-03,9,Sean Pollard,Enterprise,North,Email,2024-10-28,Active,No,,No,False,False,False,6,True,78,High,📞 Contact Customer Immediately,"Repeat Complaints, Delayed Resolution"
T01307,C0249,Account,Resolved,2026-05-16,2026-05-25,9,Theresa Gray,Premium,South,Chat,2024-08-17,Active,No,,No,False,False,False,6,True,78,High,📞 Contact Customer Immediately,"Repeat Complaints, Delayed Resolution"
T01327,C0435,Login,Resolved,2026-01-23,2026-02-01,9,Robert Johnson,Premium,South,Email,2026-06-13,Active,No,,No,False,False,False,6,True,78,High,📞 Contact Customer Immediately,"Repeat Complaints, Delayed Resolution"
T01376,C0486,Account,Resolved,2026-02-11,2026-02-20,9,Alexander Glenn,Basic,East,Chat,2025-07-15,Active,No,,No,False,False,False,6,True,78,High,📞 Contact Customer Immediately,"Repeat Complaints, Delayed Resolution"
T01436,C0103,Login,Resolved,2026-06-09,2026-06-18,9,Gary Mccoy,Basic,North,Phone,2025-03-18,Active,No,,No,False,False,False,6,True,78,High,📞 Contact Customer Immediately,"Repeat Complaints, Delayed Resolution"
T01437,C0233,Account,Resolved,2026-01-05,2026-01-14,9,Mark Bates,Basic,East,Phone,2025-07-28,Active,No,,No,False,False,False,6,True,78,High,📞 Contact Customer Immediately,"Repeat Complaints, Delayed Resolution"
T01621,C0267,Account,Resolved,2026-01-24,2026-02-02,9,Justin Donovan,Basic,South,Chat,2025-12-06,Active,No,,No,False,False,False,6,True,78,High,📞 Contact Customer Immediately,"Repeat Complaints, Delayed Resolution"
T00038,C0487,Technical,Resolved,2026-05-05,2026-05-09,4,Mr. Charles Williamson DDS,Enterprise,East,Phone,2026-05-12,Active,Yes,L1,No,False,True,False,5,True,78,High,📞 Contact Customer Immediately,"Escalated Case, Repeat Complaints"
T00462,C0412,Technical,Resolved,2026-01-16,2026-01-20,4,Christopher Conley,Premium,North,Email,2025-02-13,Active,Yes,L2,No,False,True,False,5,True,78,High,📞 Contact Customer Immediately,"Escalated Case, Repeat Complaints"
T00824,C0247,Billing,Resolved,2026-04-08,2026-04-12,4,Amanda Reid,Premium,East,Chat,2026-06-19,Active,Yes,L1,No,False,True,False,5,True,78,High,📞 Contact Customer Immediately,"Escalated Case, Repeat Complaints"
T00843,C0236,Payment,Resolved,2026-01-04,2026-01-08,4,Morgan Zamora,Enterprise,South,Email,2025-09-10,Active,Yes,L3,No,False,True,False,5,True,78,High,📞 Contact Customer Immediately,"Escalated Case, Repeat Complaints"
T01074,C0024,Payment,Resolved,2026-06-13,2026-06-17,4,Douglas Glenn,Premium,East,Email,2025-04-13,Active,Yes,L1,No,False,True,False,5,True,78,High,📞 Contact Customer Immediately,"Escalated Case, Repeat Complaints"
T01441,C0268,Technical,Resolved,2026-02-07,2026-02-11,4,Peter Baker,Basic,South,Email,2026-02-18,Cancelled,Yes,L1,Yes,False,True,True,5,True,78,High,📞 Contact Customer Immediately,"Escalated Case, Repeat Complaints"
T01598,C0260,Billing,Resolved,2026-01-31,2026-02-04,4,Dr. Lisa Walker DDS,Basic,West,Phone,2025-06-16,Active,Yes,L3,No,False,True,False,5,True,78,High,📞 Contact Customer Immediately,"Escalated Case, Repeat Complaints"
T01845,C0476,Technical,Resolved,2026-03-03,2026-03-07,4,Michelle Lindsey,Enterprise,South,Chat,2024-10-31,Active,Yes,L1,No,False,True,False,5,True,78,High,📞 Contact Customer Immediately,"Escalated Case, Repeat Complaints"
T01877,C0047,Technical,Resolved,2026-02-22,2026-02-26,4,Colleen Price,Enterprise,North,Phone,2025-10-20,Active,Yes,L3,No,False,True,False,5,True,78,High,📞 Contact Customer Immediately,"Escalated Case, Repeat Complaints"
T00130,C0500,Login,Resolved,2026-04-05,2026-04-14,9,Rebecca Gonzales,Premium,South,Email,2026-01-21,Active,Yes,L2,No,False,True,False,4,True,78,High,📞 Contact Customer Immediately,"Escalated Case, Repeat Complaints, Delayed Resolution"
T00268,C0413,Technical,Resolved,2026-01-25,2026-02-03,9,Pamela Campbell,Basic,North,Chat,2025-08-04,Active,Yes,L3,No,False,True,False,4,True,78,High,📞 Contact Customer Immediately,"Escalated Case, Repeat Complaints, Delayed Resolution"
T00699,C0035,Account,Resolved,2026-05-20,2026-05-29,9,Rebecca Burton,Enterprise,West,Chat,2026-06-06,Active,Yes,L3,No,False,True,False,4,True,78,High,📞 Contact Customer Immediately,"Escalated Case, Repeat Complaints, Delayed Resolution"
T00747,C0208,Account,Resolved,2026-01-10,2026-01-19,9,Mary Woods,Premium,East,Chat,2024-09-20,Active,Yes,L2,No,False,True,False,4,True,78,High,📞 Contact Customer Immediately,"Escalated Case, Repeat Complaints, Delayed Resolution"
T00947,C0206,Account,Resolved,2026-02-10,2026-02-19,9,Kelly Wright,Premium,North,Phone,2026-07-31,Active,Yes,L2,No,False,True,False,4,True,78,High,📞 Contact Customer Immediately,"Escalated Case, Repeat Complaints, Delayed Resolution"
T01184,C0148,Login,Resolved,2026-03-22,2026-03-31,9,Debra Anderson,Basic,West,Chat,2025-07-05,Active,Yes,L3,No,False,True,False,4,True,78,High,📞 Contact Customer Immediately,"Escalated Case, Repeat Complaints, Delayed Resolution"
T01276,C0214,Billing,Resolved,2026-05-01,2026-05-10,9,Jessica Lowe,Enterprise,North,Chat,2024-12-17,Active,Yes,L1,No,False,True,False,4,True,78,High,📞 Contact Customer Immediately,"Escalated Case, Repeat Complaints, Delayed Resolution"
T01455,C0478,Billing,Resolved,2026-05-29,2026-06-07,9,Evelyn Clark,Enterprise,East,Email,2025-06-06,Active,Yes,L3,No,False,True,False,4,True,78,High,📞 Contact Customer Immediately,"Escalated Case, Repeat Complaints, Delayed Resolution"
T01728,C0194,Payment,Open,2026-06-27,,4,James Meyer,Premium,West,Chat,2025-07-09,Cancelled,No,,Yes,True,False,True,4,True,78,High,📞 Contact Customer Immediately,"Unresolved Ticket, Repeat Complaints"
T00303,C0305,Account,Resolved,2026-01-28,2026-01-31,3,John Lowe,Basic,West,Phone,2026-05-24,Active,No,,No,False,False,False,7,True,76,High,📞 Contact Customer Immediately,Repeat Complaints
T00566,C0011,Billing,Resolved,2026-02-03,2026-02-06,3,John Peterson,Premium,South,Email,2026-06-29,Active,No,,No,False,False,False,7,True,76,High,📞 Contact Customer Immediately,Repeat Complaints
T00800,C0061,Technical,Resolved,2026-06-29,2026-07-02,3,David Mcgee,Enterprise,South,Email,2026-05-02,Cancelled,No,,Yes,False,False,True,7,True,76,High,📞 Contact Customer Immediately,Repeat Complaints
T00882,C0227,Payment,Resolved,2026-03-08,2026-03-11,3,David Ryan,Basic,South,Email,2025-03-08,Cancelled,No,,Yes,False,False,True,7,True,76,High,📞 Contact Customer Immediately,Repeat Complaints
T00914,C0477,Billing,Resolved,2026-06-15,2026-06-18,3,Paula Martinez,Enterprise,North,Phone,2025-07-18,Active,No,,No,False,False,False,7,True,76,High,📞 Contact Customer Immediately,Repeat Complaints
T01013,C0163,Billing,Resolved,2026-01-31,2026-02-03,3,Daniel Torres,Premium,North,Phone,2025-12-03,Cancelled,No,,Yes,False,False,True,7,True,76,High,📞 Contact Customer Immediately,Repeat Complaints
T01091,C0232,Payment,Resolved,2026-03-19,2026-03-22,3,Allison Perez MD,Premium,North,Phone,2026-03-04,Active,No,,No,False,False,False,7,True,76,High,📞 Contact Customer Immediately,Repeat Complaints
T01588,C0184,Payment,Resolved,2026-02-10,2026-02-13,3,Lisa Smith,Enterprise,West,Chat,2024-11-01,Active,No,,No,False,False,False,7,True,76,High,📞 Contact Customer Immediately,Repeat Complaints
T01740,C0372,Account,Resolved,2026-03-04,2026-03-07,3,Zoe Rich,Enterprise,South,Email,2026-06-20,Active,No,,No,False,False,False,7,True,76,High,📞 Contact Customer Immediately,Repeat Complaints
T01834,C0204,Billing,Resolved,2026-01-30,2026-02-02,3,Sarah Cisneros,Enterprise,West,Chat,2026-07-26,Cancelled,No,,Yes,False,False,True,7,True,76,High,📞 Contact Customer Immediately,Repeat Complaints
T01978,C0204,Login,Resolved,2026-06-02,2026-06-05,3,Sarah Cisneros,Enterprise,West,Chat,2026-07-26,Cancelled,No,,Yes,False,False,True,7,True,76,High,📞 Contact Customer Immediately,Repeat Complaints
T01993,C0021,Technical,Resolved,2026-06-17,2026-06-20,3,Bianca Obrien,Basic,South,Email,2026-06-28,Active,No,,No,False,False,False,7,True,76,High,📞 Contact Customer Immediately,Repeat Complaints
T01997,C0464,Payment,Resolved,2026-04-24,2026-04-27,3,Misty Strong,Premium,North,Phone,2026-06-18,Active,No,,No,False,False,False,7,True,76,High,📞 Contact Customer Immediately,Repeat Complaints
T00023,C0237,Account,Resolved,2026-01-11,2026-01-19,8,Lisa Peterson,Enterprise,East,Phone,2025-09-02,Active,No,,No,False,False,False,6,True,76,High,📞 Contact Customer Immediately,"Repeat Complaints, Delayed Resolution"
T00027,C0259,Technical,Resolved,2026-04-23,2026-05-01,8,Christina Ryan,Basic,North,Chat,2024-12-31,Active,No,,No,False,False,False,6,True,76,High,📞 Contact Customer Immediately,"Repeat Complaints, Delayed Resolution"
T00136,C0264,Login,Resolved,2026-03-20,2026-03-28,8,Monique Peterson,Enterprise,East,Chat,2025-11-08,Active,No,,No,False,False,False,6,True,76,High,📞 Contact Customer Immediately,"Repeat Complaints, Delayed Resolution"
T00255,C0118,Login,Resolved,2026-03-04,2026-03-12,8,Courtney Fleming,Enterprise,East,Phone,2025-08-12,Active,No,,No,False,False,False,6,True,76,High,📞 Contact Customer Immediately,"Repeat Complaints, Delayed Resolution"
T00529,C0420,Account,Resolved,2026-05-18,2026-05-26,8,Paul Wilson,Enterprise,West,Chat,2026-07-27,Active,No,,No,False,False,False,6,True,76,High,📞 Contact Customer Immediately,"Repeat Complaints, Delayed Resolution"
T00576,C0207,Payment,Resolved,2026-01-07,2026-01-15,8,Darrell Cox,Premium,West,Email,2025-08-19,Active,No,,No,False,False,False,6,True,76,High,📞 Contact Customer Immediately,"Repeat Complaints, Delayed Resolution"
T00589,C0103,Payment,Resolved,2026-05-26,2026-06-03,8,Gary Mccoy,Basic,North,Phone,2025-03-18,Active,No,,No,False,False,False,6,True,76,High,📞 Contact Customer Immediately,"Repeat Complaints, Delayed Resolution"
T00662,C0475,Account,Resolved,2026-04-26,2026-05-04,8,Christopher Delgado,Premium,North,Chat,2025-09-26,Active,No,,No,False,False,False,6,True,76,High,📞 Contact Customer Immediately,"Repeat Complaints, Delayed Resolution"
T00741,C0237,Login,Resolved,2026-03-20,2026-03-28,8,Lisa Peterson,Enterprise,East,Phone,2025-09-02,Active,No,,No,False,False,False,6,True,76,High,📞 Contact Customer Immediately,"Repeat Complaints, Delayed Resolution"
T00884,C0147,Login,Resolved,2026-06-26,2026-07-04,8,Sabrina Anderson,Basic,West,Email,2025-12-22,Active,No,,No,False,False,False,6,True,76,High,📞 Contact Customer Immediately,"Repeat Complaints, Delayed Resolution"
T01310,C0395,Billing,Resolved,2026-03-14,2026-03-22,8,Billy Jones,Premium,East,Phone,2025-03-09,Cancelled,No,,Yes,False,False,True,6,True,76,High,📞 Contact Customer Immediately,"Repeat Complaints, Delayed Resolution"
T01832,C0237,Billing,Resolved,2026-06-27,2026-07-05,8,Lisa Peterson,Enterprise,East,Phone,2025-09-02,Active,No,,No,False,False,False,6,True,76,High,📞 Contact Customer Immediately,"Repeat Complaints, Delayed Resolution"
T00591,C0399,Billing,Resolved,2026-06-11,2026-06-14,3,Kenneth Smith,Premium,West,Chat,2024-08-12,Active,Yes,L1,No,False,True,False,5,True,76,High,📞 Contact Customer Immediately,"Escalated Case, Repeat Complaints"
T01149,C0431,Login,Resolved,2026-06-21,2026-06-24,3,Mary Harrington,Enterprise,South,Phone,2025-01-19,Cancelled,Yes,L2,Yes,False,True,True,5,True,76,High,📞 Contact Customer Immediately,"Escalated Case, Repeat Complaints"
T01522,C0179,Billing,Resolved,2026-03-14,2026-03-17,3,Christopher Castro,Basic,East,Email,2025-10-21,Cancelled,Yes,L1,Yes,False,True,True,5,True,76,High,📞 Contact Customer Immediately,"Escalated Case, Repeat Complaints"
T01745,C0189,Billing,Resolved,2026-06-18,2026-06-21,3,Steven Perez,Enterprise,South,Email,2025-07-04,Cancelled,Yes,L3,Yes,False,True,True,5,True,76,High,📞 Contact Customer Immediately,"Escalated Case, Repeat Complaints"
T01897,C0358,Technical,Resolved,2026-04-27,2026-04-30,3,Tyler Sanchez,Premium,East,Phone,2025-08-06,Active,Yes,L3,No,False,True,False,5,True,76,High,📞 Contact Customer Immediately,"Escalated Case, Repeat Complaints"
T00465,C0012,Billing,Resolved,2026-06-15,2026-06-23,8,Darlene Harris,Premium,North,Email,2025-04-02,Active,Yes,L2,No,False,True,False,4,True,76,High,📞 Contact Customer Immediately,"Escalated Case, Repeat Complaints, Delayed Resolution"
T00549,C0160,Payment,Open,2026-06-28,,3,Eric Shepherd,Enterprise,South,Chat,2024-11-14,Cancelled,No,,Yes,True,False,True,4,True,76,High,📞 Contact Customer Immediately,"Unresolved Ticket, Repeat Complaints"
T00740,C0142,Payment,Resolved,2026-03-26,2026-04-03,8,Janet Moran,Basic,South,Chat,2024-11-27,Active,Yes,L2,No,False,True,False,4,True,76,High,📞 Contact Customer Immediately,"Escalated Case, Repeat Complaints, Delayed Resolution"
T01220,C0323,Payment,Resolved,2026-06-11,2026-06-19,8,Jennifer Mccarthy,Enterprise,North,Phone,2025-04-29,Active,Yes,L1,No,False,True,False,4,True,76,High,📞 Contact Customer Immediately,"Escalated Case, Repeat Complaints, Delayed Resolution"
T01599,C0467,Payment,Resolved,2026-03-16,2026-03-24,8,Dr. Alexis Peterson MD,Enterprise,East,Phone,2025-12-15,Active,Yes,L1,No,False,True,False,4,True,76,High,📞 Contact Customer Immediately,"Escalated Case, Repeat Complaints, Delayed Resolution"
T01634,C0042,Billing,Resolved,2026-02-03,2026-02-11,8,Derek Graham,Basic,North,Email,2025-07-14,Active,Yes,L3,No,False,True,False,4,True,76,High,📞 Contact Customer Immediately,"Escalated Case, Repeat Complaints, Delayed Resolution"
T01819,C0142,Technical,Resolved,2026-02-06,2026-02-14,8,Janet Moran,Basic,South,Chat,2024-11-27,Active,Yes,L1,No,False,True,False,4,True,76,High,📞 Contact Customer Immediately,"Escalated Case, Repeat Complaints, Delayed Resolution"
T01927,C0144,Technical,Resolved,2026-06-08,2026-06-16,8,Kristin Wood,Premium,West,Phone,2025-05-08,Active,Yes,L1,No,False,True,False,4,True,76,High,📞 Contact Customer Immediately,"Escalated Case, Repeat Complaints, Delayed Resolution"
T00784,C0424,Billing,Open,2026-06-23,,8,Michael Dean,Premium,East,Email,2024-10-31,Active,No,,No,True,False,False,3,True,76,High,📞 Contact Customer Immediately,"Unresolved Ticket, Repeat Complaints, Delayed Resolution"
T00021,C0232,Billing,Resolved,2026-03-15,2026-03-17,2,Allison Perez MD,Premium,North,Phone,2026-03-04,Active,No,,No,False,False,False,7,True,74,High,📞 Contact Customer Immediately,Repeat Complaints
T00154,C0244,Billing,Resolved,2026-06-22,2026-06-24,2,Robert Clark,Premium,South,Chat,2025-11-24,Active,No,,No,False,False,False,7,True,74,High,📞 Contact Customer Immediately,Repeat Complaints
T00402,C0406,Technical,Resolved,2026-06-15,2026-06-17,2,Joseph Olson,Enterprise,East,Phone,2026-05-11,Active,No,,No,False,False,False,7,True,74,High,📞 Contact Customer Immediately,Repeat Complaints
T00455,C0158,Login,Resolved,2026-01-31,2026-02-02,2,Robert Webb,Enterprise,East,Chat,2024-09-24,Active,No,,No,False,False,False,7,True,74,High,📞 Contact Customer Immediately,Repeat Complaints
T00985,C0351,Payment,Resolved,2026-01-22,2026-01-24,2,Raymond Freeman,Enterprise,South,Chat,2026-07-24,Cancelled,No,,Yes,False,False,True,7,True,74,High,📞 Contact Customer Immediately,Repeat Complaints
T01170,C0415,Account,Resolved,2026-05-05,2026-05-07,2,Melissa Acosta,Basic,South,Chat,2026-05-10,Active,No,,No,False,False,False,7,True,74,High,📞 Contact Customer Immediately,Repeat Complaints
T01298,C0232,Account,Resolved,2026-06-22,2026-06-24,2,Allison Perez MD,Premium,North,Phone,2026-03-04,Active,No,,No,False,False,False,7,True,74,High,📞 Contact Customer Immediately,Repeat Complaints
T01666,C0163,Login,Resolved,2026-01-30,2026-02-01,2,Daniel Torres,Premium,North,Phone,2025-12-03,Cancelled,No,,Yes,False,False,True,7,True,74,High,📞 Contact Customer Immediately,Repeat Complaints
T01994,C0045,Account,Resolved,2026-01-09,2026-01-11,2,Gina Gonzales,Premium,West,Phone,2026-08-04,Active,No,,No,False,False,False,7,True,74,High,📞 Contact Customer Immediately,Repeat Complaints
T00022,C0331,Billing,Resolved,2026-05-10,2026-05-17,7,Jeffrey Moran,Basic,East,Phone,2025-08-11,Active,No,,No,False,False,False,6,True,74,High,📞 Contact Customer Immediately,Repeat Complaints
T00140,C0147,Account,Resolved,2026-01-28,2026-02-04,7,Sabrina Anderson,Basic,West,Email,2025-12-22,Active,No,,No,False,False,False,6,True,74,High,📞 Contact Customer Immediately,Repeat Complaints
T00219,C0069,Payment,Resolved,2026-05-18,2026-05-25,7,Traci Noble,Basic,South,Email,2024-11-28,Active,No,,No,False,False,False,6,True,74,High,📞 Contact Customer Immediately,Repeat Complaints
T00267,C0147,Billing,Resolved,2026-06-28,2026-07-05,7,Sabrina Anderson,Basic,West,Email,2025-12-22,Active,No,,No,False,False,False,6,True,74,High,📞 Contact Customer Immediately,Repeat Complaints
T00282,C0154,Technical,Resolved,2026-05-26,2026-06-02,7,Dr. Kimberly Preston,Enterprise,East,Email,2026-07-23,Active,No,,No,False,False,False,6,True,74,High,📞 Contact Customer Immediately,Repeat Complaints
T00354,C0259,Login,Resolved,2026-05-06,2026-05-13,7,Christina Ryan,Basic,North,Chat,2024-12-31,Active,No,,No,False,False,False,6,True,74,High,📞 Contact Customer Immediately,Repeat Complaints
T00553,C0331,Billing,Resolved,2026-02-24,2026-03-03,7,Jeffrey Moran,Basic,East,Phone,2025-08-11,Active,No,,No,False,False,False,6,True,74,High,📞 Contact Customer Immediately,Repeat Complaints
T00927,C0165,Billing,Resolved,2026-05-18,2026-05-25,7,Brandon Henry,Basic,East,Phone,2025-01-24,Active,No,,No,False,False,False,6,True,74,High,📞 Contact Customer Immediately,Repeat Complaints
T00973,C0259,Billing,Resolved,2026-03-16,2026-03-23,7,Christina Ryan,Basic,North,Chat,2024-12-31,Active,No,,No,False,False,False,6,True,74,High,📞 Contact Customer Immediately,Repeat Complaints
T00999,C0127,Account,Resolved,2026-05-06,2026-05-13,7,Bethany Ellis,Premium,East,Email,2024-10-08,Active,No,,No,False,False,False,6,True,74,High,📞 Contact Customer Immediately,Repeat Complaints
T01141,C0046,Account,Resolved,2026-05-11,2026-05-18,7,Joseph White,Premium,North,Phone,2026-02-17,Active,No,,No,False,False,False,6,True,74,High,📞 Contact Customer Immediately,Repeat Complaints
T01792,C0395,Payment,Resolved,2026-03-30,2026-04-06,7,Billy Jones,Premium,East,Phone,2025-03-09,Cancelled,No,,Yes,False,False,True,6,True,74,High,📞 Contact Customer Immediately,Repeat Complaints
T01794,C0007,Login,Resolved,2026-02-08,2026-02-15,7,Kyle Mendoza,Enterprise,North,Phone,2024-09-09,Cancelled,No,,Yes,False,False,True,6,True,74,High,📞 Contact Customer Immediately,Repeat Complaints
T01813,C0266,Billing,Resolved,2026-04-16,2026-04-23,7,Ian Cline,Premium,East,Email,2025-08-16,Active,No,,No,False,False,False,6,True,74,High,📞 Contact Customer Immediately,Repeat Complaints
T01823,C0331,Login,Resolved,2026-03-18,2026-03-25,7,Jeffrey Moran,Basic,East,Phone,2025-08-11,Active,No,,No,False,False,False,6,True,74,High,📞 Contact Customer Immediately,Repeat Complaints
T01954,C0267,Account,Resolved,2026-01-28,2026-02-04,7,Justin Donovan,Basic,South,Chat,2025-12-06,Active,No,,No,False,False,False,6,True,74,High,📞 Contact Customer Immediately,Repeat Complaints
T00039,C0116,Technical,Resolved,2026-03-17,2026-03-19,2,Jacob Gomez,Basic,South,Chat,2025-07-27,Active,Yes,L1,No,False,True,False,5,True,74,High,📞 Contact Customer Immediately,"Escalated Case, Repeat Complaints"
T00245,C0490,Billing,Resolved,2026-02-18,2026-02-20,2,Anthony Tran,Basic,North,Chat,2026-06-11,Active,Yes,L1,No,False,True,False,5,True,74,High,📞 Contact Customer Immediately,"Escalated Case, Repeat Complaints"
T00270,C0418,Payment,Resolved,2026-04-12,2026-04-14,2,Nicole Torres,Enterprise,South,Chat,2025-09-01,Active,Yes,L3,No,False,True,False,5,True,74,High,📞 Contact Customer Immediately,"Escalated Case, Repeat Complaints"
T00342,C0096,Payment,Resolved,2026-04-28,2026-04-30,2,Mrs. Ashley Palmer,Premium,West,Email,2025-12-07,Active,Yes,L2,No,False,True,False,5,True,74,High,📞 Contact Customer Immediately,"Escalated Case, Repeat Complaints"
T00562,C0283,Payment,Resolved,2026-03-08,2026-03-10,2,David Stephens,Basic,East,Email,2025-06-30,Active,Yes,L3,No,False,True,False,5,True,74,High,📞 Contact Customer Immediately,"Escalated Case, Repeat Complaints"
T00892,C0097,Billing,Resolved,2026-03-16,2026-03-18,2,Sandra Perez,Basic,East,Email,2025-12-25,Active,Yes,L1,No,False,True,False,5,True,74,High,📞 Contact Customer Immediately,"Escalated Case, Repeat Complaints"
T01708,C0290,Technical,Resolved,2026-02-02,2026-02-04,2,Laura Henry,Enterprise,South,Chat,2024-09-05,Active,Yes,L2,No,False,True,False,5,True,74,High,📞 Contact Customer Immediately,"Escalated Case, Repeat Complaints"
T01986,C0153,Account,Resolved,2026-03-25,2026-03-27,2,James Thompson,Enterprise,West,Phone,2026-07-07,Active,Yes,L3,No,False,True,False,5,True,74,High,📞 Contact Customer Immediately,"Escalated Case, Repeat Complaints"
T01999,C0311,Account,Resolved,2026-06-26,2026-06-28,2,Justin Parks,Basic,North,Phone,2025-02-20,Cancelled,Yes,L1,Yes,False,True,True,5,True,74,High,📞 Contact Customer Immediately,"Escalated Case, Repeat Complaints"
T00158,C0246,Technical,Resolved,2026-06-08,2026-06-15,7,Sean Lewis,Enterprise,West,Chat,2025-11-26,Cancelled,Yes,L2,Yes,False,True,True,4,True,74,High,📞 Contact Customer Immediately,"Escalated Case, Repeat Complaints"
T00300,C0075,Billing,Resolved,2026-03-12,2026-03-19,7,Angela Burke,Basic,South,Chat,2026-06-23,Active,Yes,L3,No,False,True,False,4,True,74,High,📞 Contact Customer Immediately,"Escalated Case, Repeat Complaints"
T00421,C0062,Billing,Open,2026-06-29,,2,Jeffrey Davies,Enterprise,West,Phone,2025-05-20,Cancelled,No,,Yes,True,False,True,4,True,74,High,📞 Contact Customer Immediately,"Unresolved Ticket, Repeat Complaints"
T00492,C0492,Billing,Resolved,2026-06-19,2026-06-26,7,Rachel Guerrero,Enterprise,West,Chat,2026-05-14,Active,Yes,L2,No,False,True,False,4,True,74,High,📞 Contact Customer Immediately,"Escalated Case, Repeat Complaints"
T00534,C0065,Billing,Resolved,2026-06-24,2026-07-01,7,David Banks,Enterprise,South,Phone,2025-03-08,Active,Yes,L1,No,False,True,False,4,True,74,High,📞 Contact Customer Immediately,"Escalated Case, Repeat Complaints"
T00705,C0491,Billing,Resolved,2026-03-24,2026-03-31,7,James Brown,Premium,West,Chat,2025-08-19,Cancelled,Yes,L1,Yes,False,True,True,4,True,74,High,📞 Contact Customer Immediately,"Escalated Case, Repeat Complaints"
T01778,C0442,Technical,Resolved,2026-03-20,2026-03-27,7,Kenneth Adams,Premium,East,Phone,2025-10-07,Active,Yes,L2,No,False,True,False,4,True,74,High,📞 Contact Customer Immediately,"Escalated Case, Repeat Complaints"
T00226,C0305,Billing,Resolved,2026-06-22,2026-06-23,1,John Lowe,Basic,West,Phone,2026-05-24,Active,No,,No,False,False,False,7,True,72,High,📞 Contact Customer Immediately,Repeat Complaints
T00442,C0120,Account,Resolved,2026-06-27,2026-06-28,1,Ashley Johnson,Enterprise,East,Phone,2024-10-25,Active,No,,No,False,False,False,7,True,72,High,📞 Contact Customer Immediately,Repeat Complaints
T01022,C0243,Technical,Resolved,2026-02-27,2026-02-28,1,David Peters,Premium,East,Phone,2025-04-19,Cancelled,No,,Yes,False,False,True,7,True,72,High,📞 Contact Customer Immediately,Repeat Complaints
T01076,C0158,Payment,Resolved,2026-03-24,2026-03-25,1,Robert Webb,Enterprise,East,Chat,2024-09-24,Active,No,,No,False,False,False,7,True,72,High,📞 Contact Customer Immediately,Repeat Complaints
T01253,C0351,Login,Resolved,2026-02-10,2026-02-11,1,Raymond Freeman,Enterprise,South,Chat,2026-07-24,Cancelled,No,,Yes,False,False,True,7,True,72,High,📞 Contact Customer Immediately,Repeat Complaints
T01278,C0232,Login,Resolved,2026-05-23,2026-05-24,1,Allison Perez MD,Premium,North,Phone,2026-03-04,Active,No,,No,False,False,False,7,True,72,High,📞 Contact Customer Immediately,Repeat Complaints
T01280,C0184,Payment,Resolved,2026-01-24,2026-01-25,1,Lisa Smith,Enterprise,West,Chat,2024-11-01,Active,No,,No,False,False,False,7,True,72,High,📞 Contact Customer Immediately,Repeat Complaints
T01313,C0464,Technical,Resolved,2026-01-30,2026-01-31,1,Misty Strong,Premium,North,Phone,2026-06-18,Active,No,,No,False,False,False,7,True,72,High,📞 Contact Customer Immediately,Repeat Complaints
T01465,C0011,Account,Resolved,2026-06-19,2026-06-20,1,John Peterson,Premium,South,Email,2026-06-29,Active,No,,No,False,False,False,7,True,72,High,📞 Contact Customer Immediately,Repeat Complaints
T01699,C0184,Login,Resolved,2026-06-28,2026-06-29,1,Lisa Smith,Enterprise,West,Chat,2024-11-01,Active,No,,No,False,False,False,7,True,72,High,📞 Contact Customer Immediately,Repeat Complaints
T00028,C0269,Account,Resolved,2026-04-04,2026-04-10,6,Becky Bowman,Basic,West,Chat,2025-06-07,Active,No,,No,False,False,False,6,True,72,High,📞 Contact Customer Immediately,Repeat Complaints
T00057,C0192,Technical,Resolved,2026-01-21,2026-01-27,6,Danny Bishop,Enterprise,West,Phone,2025-10-23,Cancelled,No,,Yes,False,False,True,6,True,72,High,📞 Contact Customer Immediately,Repeat Complaints
T00058,C0115,Billing,Resolved,2026-01-26,2026-02-01,6,Duane Rice,Premium,South,Chat,2025-08-30,Active,No,,No,False,False,False,6,True,72,High,📞 Contact Customer Immediately,Repeat Complaints
T00096,C0228,Billing,Resolved,2026-05-16,2026-05-22,6,Tammy Joseph,Premium,North,Phone,2026-01-17,Active,No,,No,False,False,False,6,True,72,High,📞 Contact Customer Immediately,Repeat Complaints
T00207,C0104,Account,Resolved,2026-02-12,2026-02-18,6,Elizabeth Taylor,Basic,West,Email,2026-03-06,Active,No,,No,False,False,False,6,True,72,High,📞 Contact Customer Immediately,Repeat Complaints
T00392,C0266,Login,Resolved,2026-06-28,2026-07-04,6,Ian Cline,Premium,East,Email,2025-08-16,Active,No,,No,False,False,False,6,True,72,High,📞 Contact Customer Immediately,Repeat Complaints
T00489,C0104,Technical,Resolved,2026-02-15,2026-02-21,6,Elizabeth Taylor,Basic,West,Email,2026-03-06,Active,No,,No,False,False,False,6,True,72,High,📞 Contact Customer Immediately,Repeat Complaints
T00584,C0115,Payment,Resolved,2026-03-26,2026-04-01,6,Duane Rice,Premium,South,Chat,2025-08-30,Active,No,,No,False,False,False,6,True,72,High,📞 Contact Customer Immediately,Repeat Complaints
T00700,C0207,Billing,Resolved,2026-02-24,2026-03-02,6,Darrell Cox,Premium,West,Email,2025-08-19,Active,No,,No,False,False,False,6,True,72,High,📞 Contact Customer Immediately,Repeat Complaints
T00827,C0128,Payment,Resolved,2026-06-22,2026-06-28,6,Gregory Foster,Basic,West,Chat,2026-04-18,Active,No,,No,False,False,False,6,True,72,High,📞 Contact Customer Immediately,Repeat Complaints
T00867,C0331,Login,Resolved,2026-04-24,2026-04-30,6,Jeffrey Moran,Basic,East,Phone,2025-08-11,Active,No,,No,False,False,False,6,True,72,High,📞 Contact Customer Immediately,Repeat Complaints
T00929,C0314,Payment,Resolved,2026-06-14,2026-06-20,6,Joseph Parker,Basic,West,Phone,2025-01-02,Active,No,,No,False,False,False,6,True,72,High,📞 Contact Customer Immediately,Repeat Complaints
T00979,C0127,Technical,Resolved,2026-04-21,2026-04-27,6,Bethany Ellis,Premium,East,Email,2024-10-08,Active,No,,No,False,False,False,6,True,72,High,📞 Contact Customer Immediately,Repeat Complaints
T00981,C0217,Payment,Resolved,2026-03-24,2026-03-30,6,Alexandria Jenkins,Premium,South,Email,2024-11-16,Active,No,,No,False,False,False,6,True,72,High,📞 Contact Customer Immediately,Repeat Complaints
T01084,C0285,Account,Resolved,2026-05-28,2026-06-03,6,Samantha Benton,Premium,South,Phone,2024-09-01,Active,No,,No,False,False,False,6,True,72,High,📞 Contact Customer Immediately,Repeat Complaints
T01306,C0331,Payment,Resolved,2026-03-29,2026-04-04,6,Jeffrey Moran,Basic,East,Phone,2025-08-11,Active,No,,No,False,False,False,6,True,72,High,📞 Contact Customer Immediately,Repeat Complaints
T01427,C0052,Technical,Resolved,2026-05-09,2026-05-15,6,Julia Smith,Basic,North,Phone,2026-04-28,Active,No,,No,False,False,False,6,True,72,High,📞 Contact Customer Immediately,Repeat Complaints
T01591,C0115,Login,Resolved,2026-03-29,2026-04-04,6,Duane Rice,Premium,South,Chat,2025-08-30,Active,No,,No,False,False,False,6,True,72,High,📞 Contact Customer Immediately,Repeat Complaints
T01774,C0192,Login,Resolved,2026-02-15,2026-02-21,6,Danny Bishop,Enterprise,West,Phone,2025-10-23,Cancelled,No,,Yes,False,False,True,6,True,72,High,📞 Contact Customer Immediately,Repeat Complaints
T01894,C0395,Payment,Resolved,2026-05-06,2026-05-12,6,Billy Jones,Premium,East,Phone,2025-03-09,Cancelled,No,,Yes,False,False,True,6,True,72,High,📞 Contact Customer Immediately,Repeat Complaints
T01928,C0264,Login,Resolved,2026-01-01,2026-01-07,6,Monique Peterson,Enterprise,East,Chat,2025-11-08,Active,No,,No,False,False,False,6,True,72,High,📞 Contact Customer Immediately,Repeat Complaints
T00001,C0392,Payment,Resolved,2026-01-31,2026-02-01,1,Anthony Clark,Basic,North,Chat,2025-10-13,Active,Yes,L1,No,False,True,False,5,True,72,High,📞 Contact Customer Immediately,"Escalated Case, Repeat Complaints"
T00477,C0093,Billing,Resolved,2026-02-26,2026-02-27,1,Kayla Rivera,Premium,North,Email,2025-07-08,Active,Yes,L2,No,False,True,False,5,True,72,High,📞 Contact Customer Immediately,"Escalated Case, Repeat Complaints"
T00608,C0339,Billing,Resolved,2026-01-06,2026-01-07,1,Lucas Riggs,Basic,South,Email,2025-01-01,Active,Yes,L2,No,False,True,False,5,True,72,High,📞 Contact Customer Immediately,"Escalated Case, Repeat Complaints"
T00636,C0024,Billing,Resolved,2026-03-22,2026-03-23,1,Douglas Glenn,Premium,East,Email,2025-04-13,Active,Yes,L2,No,False,True,False,5,True,72,High,📞 Contact Customer Immediately,"Escalated Case, Repeat Complaints"
T01190,C0173,Technical,Resolved,2026-01-03,2026-01-04,1,Katherine Salazar,Premium,South,Chat,2025-05-31,Active,Yes,L3,No,False,True,False,5,True,72,High,📞 Contact Customer Immediately,"Escalated Case, Repeat Complaints"
T01236,C0280,Technical,Resolved,2026-02-24,2026-02-25,1,Donna Johnson,Premium,North,Email,2025-02-20,Active,Yes,L1,No,False,True,False,5,True,72,High,📞 Contact Customer Immediately,"Escalated Case, Repeat Complaints"
T01423,C0173,Technical,Resolved,2026-03-25,2026-03-26,1,Katherine Salazar,Premium,South,Chat,2025-05-31,Active,Yes,L2,No,False,True,False,5,True,72,High,📞 Contact Customer Immediately,"Escalated Case, Repeat Complaints"
T01498,C0215,Technical,Resolved,2026-02-07,2026-02-08,1,Roy Wilkinson,Enterprise,North,Email,2025-03-24,Active,Yes,L3,No,False,True,False,5,True,72,High,📞 Contact Customer Immediately,"Escalated Case, Repeat Complaints"
T00168,C0361,Technical,Resolved,2026-05-06,2026-05-12,6,Christopher Benitez,Enterprise,West,Chat,2026-04-10,Cancelled,Yes,L1,Yes,False,True,True,4,True,72,High,📞 Contact Customer Immediately,"Escalated Case, Repeat Complaints"
T00994,C0035,Login,Resolved,2026-06-19,2026-06-25,6,Rebecca Burton,Enterprise,West,Chat,2026-06-06,Active,Yes,L1,No,False,True,False,4,True,72,High,📞 Contact Customer Immediately,"Escalated Case, Repeat Complaints"
T01066,C0371,Account,Pending,2026-06-30,,1,Summer Barber,Enterprise,West,Phone,2024-09-27,Active,No,,No,True,False,False,4,True,72,High,📞 Contact Customer Immediately,"Unresolved Ticket, Repeat Complaints"
T01703,C0414,Technical,Resolved,2026-05-07,2026-05-13,6,Jon Romero,Premium,North,Email,2026-03-23,Cancelled,Yes,L2,Yes,False,True,True,4,True,72,High,📞 Contact Customer Immediately,"Escalated Case, Repeat Complaints"
T01356,C0166,Payment,Open,2026-06-25,,6,Adam Griffin,Premium,West,Chat,2024-10-23,Cancelled,No,,Yes,True,False,True,3,True,72,High,📞 Contact Customer Immediately,"Unresolved Ticket, Repeat Complaints"
T01652,C0326,Login,Open,2026-06-20,,11,Danielle Peterson,Premium,West,Phone,2026-07-17,Active,No,,No,True,False,False,2,False,72,High,📞 Contact Customer Immediately,"Unresolved Ticket, Delayed Resolution"
T00165,C0468,Account,Resolved,2026-04-01,2026-04-06,5,Sean Davis,Basic,West,Chat,2025-08-22,Active,No,,No,False,False,False,6,True,70,High,📞 Contact Customer Immediately,Repeat Complaints
T00174,C0104,Account,Resolved,2026-05-24,2026-05-29,5,Elizabeth Taylor,Basic,West,Email,2026-03-06,Active,No,,No,False,False,False,6,True,70,High,📞 Contact Customer Immediately,Repeat Complaints
T00316,C0420,Login,Resolved,2026-02-05,2026-02-10,5,Paul Wilson,Enterprise,West,Chat,2026-07-27,Active,No,,No,False,False,False,6,True,70,High,📞 Contact Customer Immediately,Repeat Complaints
T00403,C0128,Account,Resolved,2026-06-05,2026-06-10,5,Gregory Foster,Basic,West,Chat,2026-04-18,Active,No,,No,False,False,False,6,True,70,High,📞 Contact Customer Immediately,Repeat Complaints
T00476,C0468,Account,Resolved,2026-04-10,2026-04-15,5,Sean Davis,Basic,West,Chat,2025-08-22,Active,No,,No,False,False,False,6,True,70,High,📞 Contact Customer Immediately,Repeat Complaints
T00804,C0475,Account,Resolved,2026-01-17,2026-01-22,5,Christopher Delgado,Premium,North,Chat,2025-09-26,Active,No,,No,False,False,False,6,True,70,High,📞 Contact Customer Immediately,Repeat Complaints
T01470,C0475,Payment,Resolved,2026-03-02,2026-03-07,5,Christopher Delgado,Premium,North,Chat,2025-09-26,Active,No,,No,False,False,False,6,True,70,High,📞 Contact Customer Immediately,Repeat Complaints
T01534,C0488,Account,Resolved,2026-04-13,2026-04-18,5,Sean Pollard,Enterprise,North,Email,2024-10-28,Active,No,,No,False,False,False,6,True,70,High,📞 Contact Customer Immediately,Repeat Complaints
T01572,C0378,Account,Resolved,2026-05-22,2026-05-27,5,Cody Rush,Premium,South,Email,2025-10-31,Active,No,,No,False,False,False,6,True,70,High,📞 Contact Customer Immediately,Repeat Complaints
T01636,C0207,Account,Resolved,2026-04-12,2026-04-17,5,Darrell Cox,Premium,West,Email,2025-08-19,Active,No,,No,False,False,False,6,True,70,High,📞 Contact Customer Immediately,Repeat Complaints
T01667,C0278,Technical,Resolved,2026-02-16,2026-02-21,5,Morgan Trujillo,Premium,West,Chat,2026-01-12,Active,No,,No,False,False,False,6,True,70,High,📞 Contact Customer Immediately,Repeat Complaints
T01822,C0237,Account,Resolved,2026-01-24,2026-01-29,5,Lisa Peterson,Enterprise,East,Phone,2025-09-02,Active,No,,No,False,False,False,6,True,70,High,📞 Contact Customer Immediately,Repeat Complaints
T00024,C0466,Account,Resolved,2026-03-24,2026-04-03,10,Cynthia Navarro,Enterprise,North,Phone,2026-04-12,Active,No,,No,False,False,False,5,True,70,High,📞 Contact Customer Immediately,"Repeat Complaints, Delayed Resolution"
T00066,C0306,Account,Resolved,2026-05-12,2026-05-22,10,Jennifer Buchanan,Premium,West,Chat,2026-01-13,Active,No,,No,False,False,False,5,True,70,High,📞 Contact Customer Immediately,"Repeat Complaints, Delayed Resolution"
T00124,C0024,Account,Resolved,2026-02-23,2026-03-05,10,Douglas Glenn,Premium,East,Email,2025-04-13,Active,No,,No,False,False,False,5,True,70,High,📞 Contact Customer Immediately,"Repeat Complaints, Delayed Resolution"
T00151,C0168,Account,Resolved,2026-04-11,2026-04-21,10,Christopher Morrison,Basic,South,Chat,2025-09-15,Cancelled,No,,Yes,False,False,True,5,True,70,High,📞 Contact Customer Immediately,"Repeat Complaints, Delayed Resolution"
T00288,C0096,Account,Resolved,2026-01-22,2026-02-01,10,Mrs. Ashley Palmer,Premium,West,Email,2025-12-07,Active,No,,No,False,False,False,5,True,70,High,📞 Contact Customer Immediately,"Repeat Complaints, Delayed Resolution"
T00428,C0189,Technical,Resolved,2026-01-27,2026-02-06,10,Steven Perez,Enterprise,South,Email,2025-07-04,Cancelled,No,,Yes,False,False,True,5,True,70,High,📞 Contact Customer Immediately,"Repeat Complaints, Delayed Resolution"
T00507,C0280,Login,Resolved,2026-05-03,2026-05-13,10,Donna Johnson,Premium,North,Email,2025-02-20,Active,No,,No,False,False,False,5,True,70,High,📞 Contact Customer Immediately,"Repeat Complaints, Delayed Resolution"
T00571,C0262,Payment,Resolved,2026-06-02,2026-06-12,10,James Bruce,Enterprise,East,Chat,2025-01-19,Cancelled,No,,Yes,False,False,True,5,True,70,High,📞 Contact Customer Immediately,"Repeat Complaints, Delayed Resolution"
T00601,C0153,Payment,Resolved,2026-05-14,2026-05-24,10,James Thompson,Enterprise,West,Phone,2026-07-07,Active,No,,No,False,False,False,5,True,70,High,📞 Contact Customer Immediately,"Repeat Complaints, Delayed Resolution"
T00780,C0268,Account,Resolved,2026-02-08,2026-02-18,10,Peter Baker,Basic,South,Email,2026-02-18,Cancelled,No,,Yes,False,False,True,5,True,70,High,📞 Contact Customer Immediately,"Repeat Complaints, Delayed Resolution"
T00866,C0161,Payment,Resolved,2026-03-10,2026-03-20,10,Robert Kaufman,Basic,West,Email,2025-02-17,Active,No,,No,False,False,False,5,True,70,High,📞 Contact Customer Immediately,"Repeat Complaints, Delayed Resolution"
T00893,C0327,Login,Resolved,2026-03-11,2026-03-21,10,Dennis Lopez,Premium,North,Email,2025-09-06,Active,No,,No,False,False,False,5,True,70,High,📞 Contact Customer Immediately,"Repeat Complaints, Delayed Resolution"
T01017,C0068,Technical,Resolved,2026-06-06,2026-06-16,10,Elizabeth Huffman MD,Enterprise,West,Email,2026-02-11,Active,No,,No,False,False,False,5,True,70,High,📞 Contact Customer Immediately,"Repeat Complaints, Delayed Resolution"
T01137,C0077,Login,Resolved,2026-04-10,2026-04-20,10,Kristina Brown,Enterprise,South,Phone,2026-04-14,Active,No,,No,False,False,False,5,True,70,High,📞 Contact Customer Immediately,"Repeat Complaints, Delayed Resolution"
T01235,C0173,Login,Resolved,2026-06-25,2026-07-05,10,Katherine Salazar,Premium,South,Chat,2025-05-31,Active,No,,No,False,False,False,5,True,70,High,📞 Contact Customer Immediately,"Repeat Complaints, Delayed Resolution"
T01247,C0355,Billing,Resolved,2026-05-08,2026-05-18,10,Travis Davila,Premium,North,Phone,2026-07-17,Active,No,,No,False,False,False,5,True,70,High,📞 Contact Customer Immediately,"Repeat Complaints, Delayed Resolution"
T01403,C0310,Payment,Resolved,2026-06-09,2026-06-19,10,Jeffrey Phillips,Premium,North,Email,2025-11-10,Cancelled,No,,Yes,False,False,True,5,True,70,High,📞 Contact Customer Immediately,"Repeat Complaints, Delayed Resolution"
T01430,C0110,Payment,Resolved,2026-03-18,2026-03-28,10,Raymond Palmer,Premium,West,Email,2025-01-10,Cancelled,No,,Yes,False,False,True,5,True,70,High,📞 Contact Customer Immediately,"Repeat Complaints, Delayed Resolution"
T01575,C0119,Billing,Resolved,2026-04-19,2026-04-29,10,Paula Sims,Enterprise,North,Phone,2024-10-21,Active,No,,No,False,False,False,5,True,70,High,📞 Contact Customer Immediately,"Repeat Complaints, Delayed Resolution"
T01722,C0015,Login,Resolved,2026-01-07,2026-01-17,10,Keith Lawson,Enterprise,West,Phone,2026-05-18,Active,No,,No,False,False,False,5,True,70,High,📞 Contact Customer Immediately,"Repeat Complaints, Delayed Resolution"
T01756,C0059,Technical,Resolved,2026-02-19,2026-03-01,10,Christopher Newman,Enterprise,North,Email,2024-11-12,Active,No,,No,False,False,False,5,True,70,High,📞 Contact Customer Immediately,"Repeat Complaints, Delayed Resolution"
T00087,C0151,Payment,Resolved,2026-03-25,2026-03-30,5,Daniel Cunningham,Premium,East,Email,2025-05-08,Active,Yes,L1,No,False,True,False,4,True,70,High,📞 Contact Customer Immediately,"Escalated Case, Repeat Complaints"
T00169,C0246,Payment,Resolved,2026-03-12,2026-03-17,5,Sean Lewis,Enterprise,West,Chat,2025-11-26,Cancelled,Yes,L1,Yes,False,True,True,4,True,70,High,📞 Contact Customer Immediately,"Escalated Case, Repeat Complaints"
T00644,C0039,Login,Resolved,2026-03-26,2026-03-31,5,David Schmidt,Enterprise,West,Phone,2025-07-19,Active,Yes,L1,No,False,True,False,4,True,70,High,📞 Contact Customer Immediately,"Escalated Case, Repeat Complaints"
T00797,C0092,Payment,Resolved,2026-05-04,2026-05-09,5,Christopher Clark,Premium,West,Email,2026-04-16,Cancelled,Yes,L3,Yes,False,True,True,4,True,70,High,📞 Contact Customer Immediately,"Escalated Case, Repeat Complaints"
T00904,C0341,Technical,Resolved,2026-06-24,2026-06-29,5,Antonio Potter,Enterprise,East,Email,2025-07-17,Cancelled,Yes,L3,Yes,False,True,True,4,True,70,High,📞 Contact Customer Immediately,"Escalated Case, Repeat Complaints"
T01085,C0410,Payment,Resolved,2026-02-08,2026-02-13,5,Krista Webb,Basic,North,Phone,2025-04-01,Active,Yes,L1,No,False,True,False,4,True,70,High,📞 Contact Customer Immediately,"Escalated Case, Repeat Complaints"
T01272,C0442,Technical,Resolved,2026-04-29,2026-05-04,5,Kenneth Adams,Premium,East,Phone,2025-10-07,Active,Yes,L2,No,False,True,False,4,True,70,High,📞 Contact Customer Immediately,"Escalated Case, Repeat Complaints"
T01414,C0438,Technical,Resolved,2026-04-11,2026-04-16,5,Kimberly Brown,Enterprise,East,Email,2024-08-18,Cancelled,Yes,L1,Yes,False,True,True,4,True,70,High,📞 Contact Customer Immediately,"Escalated Case, Repeat Complaints"
T01649,C0035,Billing,Resolved,2026-05-27,2026-06-01,5,Rebecca Burton,Enterprise,West,Chat,2026-06-06,Active,Yes,L1,No,False,True,False,4,True,70,High,📞 Contact Customer Immediately,"Escalated Case, Repeat Complaints"
T00067,C0124,Technical,Resolved,2026-01-01,2026-01-11,10,Nicholas Wells,Premium,South,Phone,2026-06-12,Cancelled,Yes,L3,Yes,False,True,True,3,True,70,High,📞 Contact Customer Immediately,"Escalated Case, Repeat Complaints, Delayed Resolution"
T00307,C0499,Account,Resolved,2026-03-24,2026-04-03,10,Matthew Nunez,Basic,North,Email,2025-07-03,Active,Yes,L1,No,False,True,False,3,True,70,High,📞 Contact Customer Immediately,"Escalated Case, Repeat Complaints, Delayed Resolution"
T00561,C0251,Account,Resolved,2026-05-02,2026-05-12,10,Stephanie Mcdowell,Basic,West,Chat,2025-11-03,Cancelled,Yes,L3,Yes,False,True,True,3,True,70,High,📞 Contact Customer Immediately,"Escalated Case, Repeat Complaints, Delayed Resolution"
T00749,C0242,Technical,Resolved,2026-02-27,2026-03-09,10,Michael Baker,Premium,West,Email,2026-08-06,Cancelled,Yes,L2,Yes,False,True,True,3,True,70,High,📞 Contact Customer Immediately,"Escalated Case, Repeat Complaints, Delayed Resolution"
T01879,C0085,Technical,Resolved,2026-02-15,2026-02-25,10,Jill Kirby,Basic,South,Email,2025-07-11,Active,Yes,L2,No,False,True,False,3,True,70,High,📞 Contact Customer Immediately,"Escalated Case, Repeat Complaints, Delayed Resolution"
T00044,C0370,Login,Resolved,2026-04-04,2026-04-08,4,Daniel Palmer,Premium,South,Email,2026-06-30,Active,No,,No,False,False,False,6,True,68,Medium,📧 Follow Up Within 24 Hours,Repeat Complaints
T00223,C0127,Login,Resolved,2026-03-12,2026-03-16,4,Bethany Ellis,Premium,East,Email,2024-10-08,Active,No,,No,False,False,False,6,True,68,Medium,📧 Follow Up Within 24 Hours,Repeat Complaints
T00271,C0192,Login,Resolved,2026-03-04,2026-03-08,4,Danny Bishop,Enterprise,West,Phone,2025-10-23,Cancelled,No,,Yes,False,False,True,6,True,68,Medium,📧 Follow Up Within 24 Hours,Repeat Complaints
T00339,C0231,Account,Resolved,2026-01-02,2026-01-06,4,Amber Rogers,Enterprise,North,Email,2025-08-20,Active,No,,No,False,False,False,6,True,68,Medium,📧 Follow Up Within 24 Hours,Repeat Complaints
T00389,C0027,Login,Resolved,2026-06-29,2026-07-03,4,Daniel Reed,Enterprise,South,Phone,2025-02-06,Cancelled,No,,Yes,False,False,True,6,True,68,Medium,📧 Follow Up Within 24 Hours,Repeat Complaints
T00444,C0435,Payment,Resolved,2026-05-16,2026-05-20,4,Robert Johnson,Premium,South,Email,2026-06-13,Active,No,,No,False,False,False,6,True,68,Medium,📧 Follow Up Within 24 Hours,Repeat Complaints
T00558,C0128,Billing,Resolved,2026-04-03,2026-04-07,4,Gregory Foster,Basic,West,Chat,2026-04-18,Active,No,,No,False,False,False,6,True,68,Medium,📧 Follow Up Within 24 Hours,Repeat Complaints
T00598,C0098,Billing,Resolved,2026-06-10,2026-06-14,4,Frank Haynes,Basic,North,Phone,2026-06-24,Cancelled,No,,Yes,False,False,True,6,True,68,Medium,📧 Follow Up Within 24 Hours,Repeat Complaints
T00997,C0249,Account,Resolved,2026-02-17,2026-02-21,4,Theresa Gray,Premium,South,Chat,2024-08-17,Active,No,,No,False,False,False,6,True,68,Medium,📧 Follow Up Within 24 Hours,Repeat Complaints
T01260,C0118,Billing,Resolved,2026-01-26,2026-01-30,4,Courtney Fleming,Enterprise,East,Phone,2025-08-12,Active,No,,No,False,False,False,6,True,68,Medium,📧 Follow Up Within 24 Hours,Repeat Complaints
T01343,C0156,Login,Resolved,2026-04-29,2026-05-03,4,Thomas Khan,Enterprise,East,Email,2026-01-13,Active,No,,No,False,False,False,6,True,68,Medium,📧 Follow Up Within 24 Hours,Repeat Complaints
T01747,C0217,Payment,Resolved,2026-02-21,2026-02-25,4,Alexandria Jenkins,Premium,South,Email,2024-11-16,Active,No,,No,False,False,False,6,True,68,Medium,📧 Follow Up Within 24 Hours,Repeat Complaints
T01757,C0468,Payment,Resolved,2026-01-08,2026-01-12,4,Sean Davis,Basic,West,Chat,2025-08-22,Active,No,,No,False,False,False,6,True,68,Medium,📧 Follow Up Within 24 Hours,Repeat Complaints
T01807,C0486,Login,Resolved,2026-04-09,2026-04-13,4,Alexander Glenn,Basic,East,Chat,2025-07-15,Active,No,,No,False,False,False,6,True,68,Medium,📧 Follow Up Within 24 Hours,Repeat Complaints
T01844,C0027,Account,Resolved,2026-04-07,2026-04-11,4,Daniel Reed,Enterprise,South,Phone,2025-02-06,Cancelled,No,,Yes,False,False,True,6,True,68,Medium,📧 Follow Up Within 24 Hours,Repeat Complaints
T01847,C0421,Technical,Resolved,2026-01-17,2026-01-21,4,Kimberly Smith,Basic,East,Email,2024-11-04,Active,No,,No,False,False,False,6,True,68,Medium,📧 Follow Up Within 24 Hours,Repeat Complaints
T01910,C0091,Payment,Resolved,2026-02-04,2026-02-08,4,Jason Collins,Basic,South,Chat,2025-01-25,Active,No,,No,False,False,False,6,True,68,Medium,📧 Follow Up Within 24 Hours,Repeat Complaints
T01977,C0370,Login,Resolved,2026-01-31,2026-02-04,4,Daniel Palmer,Premium,South,Email,2026-06-30,Active,No,,No,False,False,False,6,True,68,Medium,📧 Follow Up Within 24 Hours,Repeat Complaints
T00086,C0041,Login,Resolved,2026-02-16,2026-02-25,9,Thomas Bruce,Basic,West,Email,2025-04-28,Cancelled,No,,Yes,False,False,True,5,True,68,Medium,📧 Follow Up Within 24 Hours,"Repeat Complaints, Delayed Resolution"
T00247,C0310,Technical,Resolved,2026-03-03,2026-03-12,9,Jeffrey Phillips,Premium,North,Email,2025-11-10,Cancelled,No,,Yes,False,False,True,5,True,68,Medium,📧 Follow Up Within 24 Hours,"Repeat Complaints, Delayed Resolution"
T00293,C0068,Billing,Resolved,2026-04-25,2026-05-04,9,Elizabeth Huffman MD,Enterprise,West,Email,2026-02-11,Active,No,,No,False,False,False,5,True,68,Medium,📧 Follow Up Within 24 Hours,"Repeat Complaints, Delayed Resolution"
T00565,C0116,Technical,Resolved,2026-04-15,2026-04-24,9,Jacob Gomez,Basic,South,Chat,2025-07-27,Active,No,,No,False,False,False,5,True,68,Medium,📧 Follow Up Within 24 Hours,"Repeat Complaints, Delayed Resolution"
T00569,C0236,Payment,Resolved,2026-03-19,2026-03-28,9,Morgan Zamora,Enterprise,South,Email,2025-09-10,Active,No,,No,False,False,False,5,True,68,Medium,📧 Follow Up Within 24 Hours,"Repeat Complaints, Delayed Resolution"
T00651,C0494,Account,Resolved,2026-05-11,2026-05-20,9,Michael Jacobs,Basic,East,Chat,2026-07-15,Active,No,,No,False,False,False,5,True,68,Medium,📧 Follow Up Within 24 Hours,"Repeat Complaints, Delayed Resolution"
T00664,C0494,Login,Resolved,2026-01-13,2026-01-22,9,Michael Jacobs,Basic,East,Chat,2026-07-15,Active,No,,No,False,False,False,5,True,68,Medium,📧 Follow Up Within 24 Hours,"Repeat Complaints, Delayed Resolution"
T00878,C0281,Login,Resolved,2026-06-28,2026-07-07,9,Samantha Guerrero,Premium,West,Email,2025-02-21,Active,No,,No,False,False,False,5,True,68,Medium,📧 Follow Up Within 24 Hours,"Repeat Complaints, Delayed Resolution"
T00970,C0164,Account,Resolved,2026-03-25,2026-04-03,9,Christopher Atkins,Premium,East,Phone,2025-06-01,Active,No,,No,False,False,False,5,True,68,Medium,📧 Follow Up Within 24 Hours,"Repeat Complaints, Delayed Resolution"
T00978,C0203,Account,Resolved,2026-06-07,2026-06-16,9,Gina Taylor,Premium,West,Chat,2026-05-07,Active,No,,No,False,False,False,5,True,68,Medium,📧 Follow Up Within 24 Hours,"Repeat Complaints, Delayed Resolution"
T01086,C0431,Billing,Resolved,2026-04-07,2026-04-16,9,Mary Harrington,Enterprise,South,Phone,2025-01-19,Cancelled,No,,Yes,False,False,True,5,True,68,Medium,📧 Follow Up Within 24 Hours,"Repeat Complaints, Delayed Resolution"
T01238,C0073,Login,Resolved,2026-04-05,2026-04-14,9,Joseph Castro,Enterprise,North,Email,2025-05-30,Active,No,,No,False,False,False,5,True,68,Medium,📧 Follow Up Within 24 Hours,"Repeat Complaints, Delayed Resolution"
T01250,C0272,Billing,Resolved,2026-05-19,2026-05-28,9,Tracy Burnett,Premium,South,Chat,2025-08-12,Cancelled,No,,Yes,False,False,True,5,True,68,Medium,📧 Follow Up Within 24 Hours,"Repeat Complaints, Delayed Resolution"
T01301,C0357,Technical,Resolved,2026-02-22,2026-03-03,9,Kimberly Sullivan,Basic,North,Chat,2026-06-08,Cancelled,No,,Yes,False,False,True,5,True,68,Medium,📧 Follow Up Within 24 Hours,"Repeat Complaints, Delayed Resolution"
T01319,C0476,Payment,Resolved,2026-05-20,2026-05-29,9,Michelle Lindsey,Enterprise,South,Chat,2024-10-31,Active,No,,No,False,False,False,5,True,68,Medium,📧 Follow Up Within 24 Hours,"Repeat Complaints, Delayed Resolution"
T01326,C0114,Payment,Resolved,2026-01-22,2026-01-31,9,Donna Thompson,Enterprise,South,Phone,2025-08-22,Active,No,,No,False,False,False,5,True,68,Medium,📧 Follow Up Within 24 Hours,"Repeat Complaints, Delayed Resolution"
T01355,C0392,Billing,Resolved,2026-02-12,2026-02-21,9,Anthony Clark,Basic,North,Chat,2025-10-13,Active,No,,No,False,False,False,5,True,68,Medium,📧 Follow Up Within 24 Hours,"Repeat Complaints, Delayed Resolution"
T01412,C0392,Billing,Resolved,2026-05-06,2026-05-15,9,Anthony Clark,Basic,North,Chat,2025-10-13,Active,No,,No,False,False,False,5,True,68,Medium,📧 Follow Up Within 24 Hours,"Repeat Complaints, Delayed Resolution"
T01454,C0483,Technical,Resolved,2026-05-27,2026-06-05,9,Eric Castillo,Basic,North,Email,2026-05-22,Active,No,,No,False,False,False,5,True,68,Medium,📧 Follow Up Within 24 Hours,"Repeat Complaints, Delayed Resolution"
T01635,C0110,Login,Resolved,2026-06-23,2026-07-02,9,Raymond Palmer,Premium,West,Email,2025-01-10,Cancelled,No,,Yes,False,False,True,5,True,68,Medium,📧 Follow Up Within 24 Hours,"Repeat Complaints, Delayed Resolution"
T00212,C0371,Billing,Resolved,2026-01-01,2026-01-05,4,Summer Barber,Enterprise,West,Phone,2024-09-27,Active,Yes,L3,No,False,True,False,4,True,68,Medium,📧 Follow Up Within 24 Hours,"Escalated Case, Repeat Complaints"
T00845,C0442,Payment,Resolved,2026-03-09,2026-03-13,4,Kenneth Adams,Premium,East,Phone,2025-10-07,Active,Yes,L3,No,False,True,False,4,True,68,Medium,📧 Follow Up Within 24 Hours,"Escalated Case, Repeat Complaints"
T00934,C0360,Account,Resolved,2026-04-04,2026-04-08,4,Jennifer Gomez,Basic,East,Phone,2025-04-23,Active,Yes,L2,No,False,True,False,4,True,68,Medium,📧 Follow Up Within 24 Hours,"Escalated Case, Repeat Complaints"
T00992,C0023,Payment,Resolved,2026-03-14,2026-03-18,4,Teresa Tran,Enterprise,East,Email,2026-03-31,Cancelled,Yes,L1,Yes,False,True,True,4,True,68,Medium,📧 Follow Up Within 24 Hours,"Escalated Case, Repeat Complaints"
T01105,C0491,Account,Resolved,2026-01-27,2026-01-31,4,James Brown,Premium,West,Chat,2025-08-19,Cancelled,Yes,L3,Yes,False,True,True,4,True,68,Medium,📧 Follow Up Within 24 Hours,"Escalated Case, Repeat Complaints"
T01367,C0364,Payment,Resolved,2026-01-31,2026-02-04,4,William Anderson,Enterprise,East,Email,2025-05-23,Active,Yes,L2,No,False,True,False,4,True,68,Medium,📧 Follow Up Within 24 Hours,"Escalated Case, Repeat Complaints"
T01862,C0467,Account,Resolved,2026-05-11,2026-05-15,4,Dr. Alexis Peterson MD,Enterprise,East,Phone,2025-12-15,Active,Yes,L3,No,False,True,False,4,True,68,Medium,📧 Follow Up Within 24 Hours,"Escalated Case, Repeat Complaints"
T01961,C0031,Payment,Resolved,2026-02-23,2026-02-27,4,Jennifer Wyatt,Premium,North,Email,2024-09-04,Active,Yes,L2,No,False,True,False,4,True,68,Medium,📧 Follow Up Within 24 Hours,"Escalated Case, Repeat Complaints"
T00325,C0055,Billing,Resolved,2026-02-26,2026-03-07,9,Gary Powers,Enterprise,North,Phone,2026-07-24,Active,Yes,L1,No,False,True,False,3,True,68,Medium,📧 Follow Up Within 24 Hours,"Escalated Case, Repeat Complaints, Delayed Resolution"
T01590,C0221,Billing,Resolved,2026-01-31,2026-02-09,9,Lauren Wells,Premium,East,Email,2026-06-22,Active,Yes,L2,No,False,True,False,3,True,68,Medium,📧 Follow Up Within 24 Hours,"Escalated Case, Repeat Complaints, Delayed Resolution"
T01711,C0099,Billing,Pending,2026-06-27,,4,Rebecca Allen,Premium,North,Email,2026-01-30,Active,No,,No,True,False,False,3,True,68,Medium,📧 Follow Up Within 24 Hours,"Unresolved Ticket, Repeat Complaints"
T01989,C0251,Billing,Resolved,2026-05-30,2026-06-08,9,Stephanie Mcdowell,Basic,West,Chat,2025-11-03,Cancelled,Yes,L3,Yes,False,True,True,3,True,68,Medium,📧 Follow Up Within 24 Hours,"Escalated Case, Repeat Complaints, Delayed Resolution"
T00074,C0069,Billing,Resolved,2026-03-28,2026-03-31,3,Traci Noble,Basic,South,Email,2024-11-28,Active,No,,No,False,False,False,6,True,66,Medium,📧 Follow Up Within 24 Hours,Repeat Complaints
T00150,C0266,Login,Resolved,2026-05-12,2026-05-15,3,Ian Cline,Premium,East,Email,2025-08-16,Active,No,,No,False,False,False,6,True,66,Medium,📧 Follow Up Within 24 Hours,Repeat Complaints
T00160,C0098,Billing,Resolved,2026-04-18,2026-04-21,3,Frank Haynes,Basic,North,Phone,2026-06-24,Cancelled,No,,Yes,False,False,True,6,True,66,Medium,📧 Follow Up Within 24 Hours,Repeat Complaints
T00290,C0138,Technical,Resolved,2026-06-12,2026-06-15,3,Tabitha Cain,Premium,North,Chat,2025-10-27,Active,No,,No,False,False,False,6,True,66,Medium,📧 Follow Up Within 24 Hours,Repeat Complaints
T00334,C0435,Payment,Resolved,2026-06-23,2026-06-26,3,Robert Johnson,Premium,South,Email,2026-06-13,Active,No,,No,False,False,False,6,True,66,Medium,📧 Follow Up Within 24 Hours,Repeat Complaints
T00350,C0217,Technical,Resolved,2026-05-18,2026-05-21,3,Alexandria Jenkins,Premium,South,Email,2024-11-16,Active,No,,No,False,False,False,6,True,66,Medium,📧 Follow Up Within 24 Hours,Repeat Complaints
T00420,C0233,Account,Resolved,2026-03-21,2026-03-24,3,Mark Bates,Basic,East,Phone,2025-07-28,Active,No,,No,False,False,False,6,True,66,Medium,📧 Follow Up Within 24 Hours,Repeat Complaints
T00602,C0269,Payment,Resolved,2026-06-25,2026-06-28,3,Becky Bowman,Basic,West,Chat,2025-06-07,Active,No,,No,False,False,False,6,True,66,Medium,📧 Follow Up Within 24 Hours,Repeat Complaints
T00604,C0486,Login,Resolved,2026-02-27,2026-03-02,3,Alexander Glenn,Basic,East,Chat,2025-07-15,Active,No,,No,False,False,False,6,True,66,Medium,📧 Follow Up Within 24 Hours,Repeat Complaints
T00752,C0435,Account,Resolved,2026-05-12,2026-05-15,3,Robert Johnson,Premium,South,Email,2026-06-13,Active,No,,No,False,False,False,6,True,66,Medium,📧 Follow Up Within 24 Hours,Repeat Complaints
T00873,C0269,Billing,Resolved,2026-06-08,2026-06-11,3,Becky Bowman,Basic,West,Chat,2025-06-07,Active,No,,No,False,False,False,6,True,66,Medium,📧 Follow Up Within 24 Hours,Repeat Complaints
T00928,C0098,Account,Resolved,2026-05-22,2026-05-25,3,Frank Haynes,Basic,North,Phone,2026-06-24,Cancelled,No,,Yes,False,False,True,6,True,66,Medium,📧 Follow Up Within 24 Hours,Repeat Complaints
T01095,C0376,Account,Resolved,2026-03-25,2026-03-28,3,Scott Woods,Premium,East,Chat,2025-05-10,Active,No,,No,False,False,False,6,True,66,Medium,📧 Follow Up Within 24 Hours,Repeat Complaints
T01106,C0278,Payment,Resolved,2026-03-11,2026-03-14,3,Morgan Trujillo,Premium,West,Chat,2026-01-12,Active,No,,No,False,False,False,6,True,66,Medium,📧 Follow Up Within 24 Hours,Repeat Complaints
T01178,C0395,Login,Resolved,2026-04-23,2026-04-26,3,Billy Jones,Premium,East,Phone,2025-03-09,Cancelled,No,,Yes,False,False,True,6,True,66,Medium,📧 Follow Up Within 24 Hours,Repeat Complaints
T01417,C0165,Billing,Resolved,2026-01-12,2026-01-15,3,Brandon Henry,Basic,East,Phone,2025-01-24,Active,No,,No,False,False,False,6,True,66,Medium,📧 Follow Up Within 24 Hours,Repeat Complaints
T01459,C0479,Login,Resolved,2026-01-28,2026-01-31,3,Kimberly Flores,Basic,East,Phone,2024-12-01,Active,No,,No,False,False,False,6,True,66,Medium,📧 Follow Up Within 24 Hours,Repeat Complaints
T01518,C0118,Technical,Resolved,2026-03-08,2026-03-11,3,Courtney Fleming,Enterprise,East,Phone,2025-08-12,Active,No,,No,False,False,False,6,True,66,Medium,📧 Follow Up Within 24 Hours,Repeat Complaints
T01566,C0098,Billing,Resolved,2026-04-29,2026-05-02,3,Frank Haynes,Basic,North,Phone,2026-06-24,Cancelled,No,,Yes,False,False,True,6,True,66,Medium,📧 Follow Up Within 24 Hours,Repeat Complaints
T01600,C0391,Account,Resolved,2026-01-26,2026-01-29,3,Ashley Woodward,Premium,South,Phone,2026-01-26,Active,No,,No,False,False,False,6,True,66,Medium,📧 Follow Up Within 24 Hours,Repeat Complaints
T01639,C0259,Technical,Resolved,2026-04-28,2026-05-01,3,Christina Ryan,Basic,North,Chat,2024-12-31,Active,No,,No,False,False,False,6,True,66,Medium,📧 Follow Up Within 24 Hours,Repeat Complaints
T01770,C0127,Billing,Resolved,2026-03-13,2026-03-16,3,Bethany Ellis,Premium,East,Email,2024-10-08,Active,No,,No,False,False,False,6,True,66,Medium,📧 Follow Up Within 24 Hours,Repeat Complaints
T01909,C0269,Login,Resolved,2026-04-21,2026-04-24,3,Becky Bowman,Basic,West,Chat,2025-06-07,Active,No,,No,False,False,False,6,True,66,Medium,📧 Follow Up Within 24 Hours,Repeat Complaints
T00018,C0443,Payment,Resolved,2026-01-18,2026-01-26,8,Paige Wells,Enterprise,North,Chat,2024-10-18,Active,No,,No,False,False,False,5,True,66,Medium,📧 Follow Up Within 24 Hours,"Repeat Complaints, Delayed Resolution"
T00070,C0260,Account,Resolved,2026-04-10,2026-04-18,8,Dr. Lisa Walker DDS,Basic,West,Phone,2025-06-16,Active,No,,No,False,False,False,5,True,66,Medium,📧 Follow Up Within 24 Hours,"Repeat Complaints, Delayed Resolution"
T00197,C0355,Technical,Resolved,2026-01-31,2026-02-08,8,Travis Davila,Premium,North,Phone,2026-07-17,Active,No,,No,False,False,False,5,True,66,Medium,📧 Follow Up Within 24 Hours,"Repeat Complaints, Delayed Resolution"
T00217,C0494,Login,Resolved,2026-04-08,2026-04-16,8,Michael Jacobs,Basic,East,Chat,2026-07-15,Active,No,,No,False,False,False,5,True,66,Medium,📧 Follow Up Within 24 Hours,"Repeat Complaints, Delayed Resolution"
T00305,C0431,Account,Resolved,2026-03-26,2026-04-03,8,Mary Harrington,Enterprise,South,Phone,2025-01-19,Cancelled,No,,Yes,False,False,True,5,True,66,Medium,📧 Follow Up Within 24 Hours,"Repeat Complaints, Delayed Resolution"
T00486,C0429,Login,Resolved,2026-02-14,2026-02-22,8,Chad Lane,Premium,South,Email,2025-08-06,Active,No,,No,False,False,False,5,True,66,Medium,📧 Follow Up Within 24 Hours,"Repeat Complaints, Delayed Resolution"
T00520,C0106,Technical,Resolved,2026-01-21,2026-01-29,8,John Ibarra,Enterprise,North,Phone,2025-05-03,Active,No,,No,False,False,False,5,True,66,Medium,📧 Follow Up Within 24 Hours,"Repeat Complaints, Delayed Resolution"
T00579,C0176,Technical,Resolved,2026-06-13,2026-06-21,8,Samuel Johnson,Basic,West,Phone,2025-12-14,Active,No,,No,False,False,False,5,True,66,Medium,📧 Follow Up Within 24 Hours,"Repeat Complaints, Delayed Resolution"
T00788,C0295,Billing,Resolved,2026-03-07,2026-03-15,8,Haley Jenkins,Enterprise,West,Chat,2025-04-14,Active,No,,No,False,False,False,5,True,66,Medium,📧 Follow Up Within 24 Hours,"Repeat Complaints, Delayed Resolution"
T01116,C0240,Billing,Resolved,2026-06-25,2026-07-03,8,Chelsea Jackson,Premium,East,Email,2026-06-10,Active,No,,No,False,False,False,5,True,66,Medium,📧 Follow Up Within 24 Hours,"Repeat Complaints, Delayed Resolution"
T01204,C0476,Technical,Resolved,2026-02-15,2026-02-23,8,Michelle Lindsey,Enterprise,South,Chat,2024-10-31,Active,No,,No,False,False,False,5,True,66,Medium,📧 Follow Up Within 24 Hours,"Repeat Complaints, Delayed Resolution"
T01245,C0106,Technical,Resolved,2026-05-14,2026-05-22,8,John Ibarra,Enterprise,North,Phone,2025-05-03,Active,No,,No,False,False,False,5,True,66,Medium,📧 Follow Up Within 24 Hours,"Repeat Complaints, Delayed Resolution"
T01348,C0247,Account,Resolved,2026-03-08,2026-03-16,8,Amanda Reid,Premium,East,Chat,2026-06-19,Active,No,,No,False,False,False,5,True,66,Medium,📧 Follow Up Within 24 Hours,"Repeat Complaints, Delayed Resolution"
T01398,C0183,Login,Resolved,2026-04-14,2026-04-22,8,Valerie Wood,Premium,South,Phone,2026-01-02,Active,No,,No,False,False,False,5,True,66,Medium,📧 Follow Up Within 24 Hours,"Repeat Complaints, Delayed Resolution"
T01528,C0429,Payment,Resolved,2026-01-21,2026-01-29,8,Chad Lane,Premium,South,Email,2025-08-06,Active,No,,No,False,False,False,5,True,66,Medium,📧 Follow Up Within 24 Hours,"Repeat Complaints, Delayed Resolution"
T01550,C0056,Account,Resolved,2026-01-25,2026-02-02,8,Carrie Russell,Premium,West,Email,2025-09-22,Active,No,,No,False,False,False,5,True,66,Medium,📧 Follow Up Within 24 Hours,"Repeat Complaints, Delayed Resolution"
T01559,C0203,Billing,Resolved,2026-06-17,2026-06-25,8,Gina Taylor,Premium,West,Chat,2026-05-07,Active,No,,No,False,False,False,5,True,66,Medium,📧 Follow Up Within 24 Hours,"Repeat Complaints, Delayed Resolution"
T01632,C0168,Account,Resolved,2026-04-03,2026-04-11,8,Christopher Morrison,Basic,South,Chat,2025-09-15,Cancelled,No,,Yes,False,False,True,5,True,66,Medium,📧 Follow Up Within 24 Hours,"Repeat Complaints, Delayed Resolution"
T01674,C0487,Billing,Resolved,2026-03-23,2026-03-31,8,Mr. Charles Williamson DDS,Enterprise,East,Phone,2026-05-12,Active,No,,No,False,False,False,5,True,66,Medium,📧 Follow Up Within 24 Hours,"Repeat Complaints, Delayed Resolution"
T01679,C0403,Technical,Resolved,2026-04-15,2026-04-23,8,Dr. Kevin Scott DDS,Premium,North,Chat,2026-05-06,Active,No,,No,False,False,False,5,True,66,Medium,📧 Follow Up Within 24 Hours,"Repeat Complaints, Delayed Resolution"
T01907,C0358,Payment,Resolved,2026-02-13,2026-02-21,8,Tyler Sanchez,Premium,East,Phone,2025-08-06,Active,No,,No,False,False,False,5,True,66,Medium,📧 Follow Up Within 24 Hours,"Repeat Complaints, Delayed Resolution"
T00035,C0159,Account,Resolved,2026-03-26,2026-03-29,3,Steve Holder,Enterprise,North,Chat,2025-07-07,Cancelled,Yes,L2,Yes,False,True,True,4,True,66,Medium,📧 Follow Up Within 24 Hours,"Escalated Case, Repeat Complaints"
T00088,C0157,Login,Resolved,2026-04-20,2026-04-23,3,Michael Miller,Basic,West,Chat,2026-05-24,Active,Yes,L1,No,False,True,False,4,True,66,Medium,📧 Follow Up Within 24 Hours,"Escalated Case, Repeat Complaints"
T00091,C0344,Login,Resolved,2026-06-23,2026-06-26,3,Deborah Williams,Premium,West,Chat,2025-01-09,Cancelled,Yes,L3,Yes,False,True,True,4,True,66,Medium,📧 Follow Up Within 24 Hours,"Escalated Case, Repeat Complaints"
T00398,C0313,Technical,Resolved,2026-02-24,2026-02-27,3,Derek Frazier,Premium,West,Chat,2025-03-22,Active,Yes,L2,No,False,True,False,4,True,66,Medium,📧 Follow Up Within 24 Hours,"Escalated Case, Repeat Complaints"
T00490,C0031,Billing,Resolved,2026-06-30,2026-07-03,3,Jennifer Wyatt,Premium,North,Email,2024-09-04,Active,Yes,L3,No,False,True,False,4,True,66,Medium,📧 Follow Up Within 24 Hours,"Escalated Case, Repeat Complaints"
T00852,C0075,Technical,Resolved,2026-01-03,2026-01-06,3,Angela Burke,Basic,South,Chat,2026-06-23,Active,Yes,L3,No,False,True,False,4,True,66,Medium,📧 Follow Up Within 24 Hours,"Escalated Case, Repeat Complaints"
T01208,C0398,Login,Resolved,2026-05-08,2026-05-11,3,Lisa Hughes,Enterprise,East,Email,2026-01-26,Active,Yes,L3,No,False,True,False,4,True,66,Medium,📧 Follow Up Within 24 Hours,"Escalated Case, Repeat Complaints"
T01973,C0348,Technical,Resolved,2026-04-20,2026-04-23,3,Barry Waller,Premium,North,Chat,2026-03-27,Active,Yes,L1,No,False,True,False,4,True,66,Medium,📧 Follow Up Within 24 Hours,"Escalated Case, Repeat Complaints"
T00161,C0212,Technical,Resolved,2026-06-06,2026-06-14,8,Tamara James,Premium,West,Phone,2026-04-09,Active,Yes,L2,No,False,True,False,3,True,66,Medium,📧 Follow Up Within 24 Hours,"Escalated Case, Repeat Complaints, Delayed Resolution"
T00456,C0081,Payment,Open,2026-06-28,,3,Linda Maldonado,Premium,East,Chat,2025-11-23,Active,No,,No,True,False,False,3,True,66,Medium,📧 Follow Up Within 24 Hours,"Unresolved Ticket, Repeat Complaints"
T00617,C0083,Billing,Resolved,2026-02-23,2026-03-03,8,Darrell Allen,Basic,North,Email,2025-05-25,Active,Yes,L3,No,False,True,False,3,True,66,Medium,📧 Follow Up Within 24 Hours,"Escalated Case, Repeat Complaints, Delayed Resolution"
T01039,C0013,Technical,Resolved,2026-02-21,2026-03-01,8,Joseph Nichols,Premium,North,Chat,2026-03-22,Cancelled,Yes,L2,Yes,False,True,True,3,True,66,Medium,📧 Follow Up Within 24 Hours,"Escalated Case, Repeat Complaints, Delayed Resolution"
T01213,C0277,Technical,Resolved,2026-06-26,2026-07-04,8,James Smith,Enterprise,East,Chat,2026-03-17,Active,Yes,L2,No,False,True,False,3,True,66,Medium,📧 Follow Up Within 24 Hours,"Escalated Case, Repeat Complaints, Delayed Resolution"
T01388,C0198,Payment,Resolved,2026-03-21,2026-03-29,8,Jennifer Santiago,Premium,South,Chat,2026-07-31,Cancelled,Yes,L1,Yes,False,True,True,3,True,66,Medium,📧 Follow Up Within 24 Hours,"Escalated Case, Repeat Complaints, Delayed Resolution"
T00054,C0231,Account,Resolved,2026-04-22,2026-04-24,2,Amber Rogers,Enterprise,North,Email,2025-08-20,Active,No,,No,False,False,False,6,True,64,Medium,📧 Follow Up Within 24 Hours,Repeat Complaints
T00204,C0391,Technical,Resolved,2026-06-02,2026-06-04,2,Ashley Woodward,Premium,South,Phone,2026-01-26,Active,No,,No,False,False,False,6,True,64,Medium,📧 Follow Up Within 24 Hours,Repeat Complaints
T00283,C0347,Account,Resolved,2026-02-05,2026-02-07,2,Douglas Day,Basic,West,Email,2024-09-09,Active,No,,No,False,False,False,6,True,64,Medium,📧 Follow Up Within 24 Hours,Repeat Complaints
T00294,C0285,Account,Resolved,2026-01-07,2026-01-09,2,Samantha Benton,Premium,South,Phone,2024-09-01,Active,No,,No,False,False,False,6,True,64,Medium,📧 Follow Up Within 24 Hours,Repeat Complaints
T00555,C0421,Billing,Resolved,2026-02-10,2026-02-12,2,Kimberly Smith,Basic,East,Email,2024-11-04,Active,No,,No,False,False,False,6,True,64,Medium,📧 Follow Up Within 24 Hours,Repeat Complaints
T00639,C0266,Account,Resolved,2026-06-08,2026-06-10,2,Ian Cline,Premium,East,Email,2025-08-16,Active,No,,No,False,False,False,6,True,64,Medium,📧 Follow Up Within 24 Hours,Repeat Complaints
T00732,C0436,Account,Resolved,2026-05-21,2026-05-23,2,Billy Torres,Enterprise,North,Email,2026-07-16,Active,No,,No,False,False,False,6,True,64,Medium,📧 Follow Up Within 24 Hours,Repeat Complaints
T01120,C0233,Login,Resolved,2026-05-02,2026-05-04,2,Mark Bates,Basic,East,Phone,2025-07-28,Active,No,,No,False,False,False,6,True,64,Medium,📧 Follow Up Within 24 Hours,Repeat Complaints
T01132,C0421,Login,Resolved,2026-04-14,2026-04-16,2,Kimberly Smith,Basic,East,Email,2024-11-04,Active,No,,No,False,False,False,6,True,64,Medium,📧 Follow Up Within 24 Hours,Repeat Complaints
T01151,C0370,Login,Resolved,2026-02-04,2026-02-06,2,Daniel Palmer,Premium,South,Email,2026-06-30,Active,No,,No,False,False,False,6,True,64,Medium,📧 Follow Up Within 24 Hours,Repeat Complaints
T01387,C0370,Billing,Resolved,2026-05-07,2026-05-09,2,Daniel Palmer,Premium,South,Email,2026-06-30,Active,No,,No,False,False,False,6,True,64,Medium,📧 Follow Up Within 24 Hours,Repeat Complaints
T01521,C0249,Login,Resolved,2026-02-07,2026-02-09,2,Theresa Gray,Premium,South,Chat,2024-08-17,Active,No,,No,False,False,False,6,True,64,Medium,📧 Follow Up Within 24 Hours,Repeat Complaints
T01696,C0391,Login,Resolved,2026-06-16,2026-06-18,2,Ashley Woodward,Premium,South,Phone,2026-01-26,Active,No,,No,False,False,False,6,True,64,Medium,📧 Follow Up Within 24 Hours,Repeat Complaints
T01854,C0007,Login,Resolved,2026-02-26,2026-02-28,2,Kyle Mendoza,Enterprise,North,Phone,2024-09-09,Cancelled,No,,Yes,False,False,True,6,True,64,Medium,📧 Follow Up Within 24 Hours,Repeat Complaints
T00235,C0357,Login,Resolved,2026-03-18,2026-03-25,7,Kimberly Sullivan,Basic,North,Chat,2026-06-08,Cancelled,No,,Yes,False,False,True,5,True,64,Medium,📧 Follow Up Within 24 Hours,Repeat Complaints
T00296,C0443,Login,Resolved,2026-04-16,2026-04-23,7,Paige Wells,Enterprise,North,Chat,2024-10-18,Active,No,,No,False,False,False,5,True,64,Medium,📧 Follow Up Within 24 Hours,Repeat Complaints
T00432,C0412,Login,Resolved,2026-03-05,2026-03-12,7,Christopher Conley,Premium,North,Email,2025-02-13,Active,No,,No,False,False,False,5,True,64,Medium,📧 Follow Up Within 24 Hours,Repeat Complaints
T00443,C0487,Payment,Resolved,2026-06-18,2026-06-25,7,Mr. Charles Williamson DDS,Enterprise,East,Phone,2026-05-12,Active,No,,No,False,False,False,5,True,64,Medium,📧 Follow Up Within 24 Hours,Repeat Complaints
T00739,C0003,Payment,Resolved,2026-02-26,2026-03-05,7,Christina Green,Basic,South,Phone,2026-03-13,Cancelled,No,,Yes,False,False,True,5,True,64,Medium,📧 Follow Up Within 24 Hours,Repeat Complaints
T00786,C0358,Account,Resolved,2026-05-04,2026-05-11,7,Tyler Sanchez,Premium,East,Phone,2025-08-06,Active,No,,No,False,False,False,5,True,64,Medium,📧 Follow Up Within 24 Hours,Repeat Complaints
T00795,C0290,Payment,Resolved,2026-06-24,2026-07-01,7,Laura Henry,Enterprise,South,Chat,2024-09-05,Active,No,,No,False,False,False,5,True,64,Medium,📧 Follow Up Within 24 Hours,Repeat Complaints
T00888,C0203,Technical,Resolved,2026-06-15,2026-06-22,7,Gina Taylor,Premium,West,Chat,2026-05-07,Active,No,,No,False,False,False,5,True,64,Medium,📧 Follow Up Within 24 Hours,Repeat Complaints
T00971,C0358,Technical,Resolved,2026-06-22,2026-06-29,7,Tyler Sanchez,Premium,East,Phone,2025-08-06,Active,No,,No,False,False,False,5,True,64,Medium,📧 Follow Up Within 24 Hours,Repeat Complaints
T00995,C0443,Billing,Resolved,2026-06-16,2026-06-23,7,Paige Wells,Enterprise,North,Chat,2024-10-18,Active,No,,No,False,False,False,5,True,64,Medium,📧 Follow Up Within 24 Hours,Repeat Complaints
T01501,C0006,Login,Resolved,2026-03-24,2026-03-31,7,Patricia Kennedy,Basic,South,Email,2026-07-21,Cancelled,No,,Yes,False,False,True,5,True,64,Medium,📧 Follow Up Within 24 Hours,Repeat Complaints
T01553,C0059,Login,Resolved,2026-02-16,2026-02-23,7,Christopher Newman,Enterprise,North,Email,2024-11-12,Active,No,,No,False,False,False,5,True,64,Medium,📧 Follow Up Within 24 Hours,Repeat Complaints
T01610,C0484,Billing,Resolved,2026-03-22,2026-03-29,7,Dawn Wheeler,Enterprise,South,Chat,2025-07-24,Active,No,,No,False,False,False,5,True,64,Medium,📧 Follow Up Within 24 Hours,Repeat Complaints
T01673,C0301,Technical,Resolved,2026-05-10,2026-05-17,7,Benjamin Price,Basic,South,Phone,2025-02-23,Cancelled,No,,Yes,False,False,True,5,True,64,Medium,📧 Follow Up Within 24 Hours,Repeat Complaints
T01802,C0174,Technical,Resolved,2026-06-25,2026-07-02,7,Adam Nichols,Enterprise,East,Chat,2025-04-15,Active,No,,No,False,False,False,5,True,64,Medium,📧 Follow Up Within 24 Hours,Repeat Complaints
T01985,C0093,Login,Resolved,2026-06-15,2026-06-22,7,Kayla Rivera,Premium,North,Email,2025-07-08,Active,No,,No,False,False,False,5,True,64,Medium,📧 Follow Up Within 24 Hours,Repeat Complaints
T00720,C0359,Billing,Resolved,2026-05-09,2026-05-11,2,Mrs. Natalie Guerra DVM,Enterprise,West,Phone,2025-08-11,Active,Yes,L1,No,False,True,False,4,True,64,Medium,📧 Follow Up Within 24 Hours,"Escalated Case, Repeat Complaints"
T01300,C0148,Billing,Resolved,2026-03-12,2026-03-14,2,Debra Anderson,Basic,West,Chat,2025-07-05,Active,Yes,L2,No,False,True,False,4,True,64,Medium,📧 Follow Up Within 24 Hours,"Escalated Case, Repeat Complaints"
T01363,C0360,Billing,Resolved,2026-01-20,2026-01-22,2,Jennifer Gomez,Basic,East,Phone,2025-04-23,Active,Yes,L1,No,False,True,False,4,True,64,Medium,📧 Follow Up Within 24 Hours,"Escalated Case, Repeat Complaints"
T01373,C0034,Payment,Resolved,2026-01-25,2026-01-27,2,Krystal Hess,Enterprise,East,Email,2024-08-26,Active,Yes,L3,No,False,True,False,4,True,64,Medium,📧 Follow Up Within 24 Hours,"Escalated Case, Repeat Complaints"
T01948,C0133,Billing,Resolved,2026-01-29,2026-01-31,2,Kyle Patterson DVM,Basic,North,Email,2026-06-10,Active,Yes,L3,No,False,True,False,4,True,64,Medium,📧 Follow Up Within 24 Hours,"Escalated Case, Repeat Complaints"
T00082,C0444,Payment,Resolved,2026-04-05,2026-04-12,7,Suzanne Brown,Enterprise,South,Phone,2026-05-20,Cancelled,Yes,L3,Yes,False,True,True,3,True,64,Medium,📧 Follow Up Within 24 Hours,"Escalated Case, Repeat Complaints"
T00191,C0346,Technical,Resolved,2026-06-13,2026-06-20,7,Laura Robertson,Premium,South,Phone,2026-05-18,Active,Yes,L3,No,False,True,False,3,True,64,Medium,📧 Follow Up Within 24 Hours,"Escalated Case, Repeat Complaints"
T00317,C0124,Payment,Resolved,2026-04-19,2026-04-26,7,Nicholas Wells,Premium,South,Phone,2026-06-12,Cancelled,Yes,L2,Yes,False,True,True,3,True,64,Medium,📧 Follow Up Within 24 Hours,"Escalated Case, Repeat Complaints"
T00587,C0242,Technical,Resolved,2026-06-24,2026-07-01,7,Michael Baker,Premium,West,Email,2026-08-06,Cancelled,Yes,L2,Yes,False,True,True,3,True,64,Medium,📧 Follow Up Within 24 Hours,"Escalated Case, Repeat Complaints"
T00794,C0219,Account,Resolved,2026-05-18,2026-05-25,7,Melissa Wilson,Basic,West,Chat,2026-02-02,Active,Yes,L1,No,False,True,False,3,True,64,Medium,📧 Follow Up Within 24 Hours,"Escalated Case, Repeat Complaints"
T01447,C0238,Login,Resolved,2026-04-22,2026-04-29,7,Kelsey Cameron,Enterprise,North,Phone,2025-10-03,Active,Yes,L2,No,False,True,False,3,True,64,Medium,📧 Follow Up Within 24 Hours,"Escalated Case, Repeat Complaints"
T01886,C0195,Login,Resolved,2026-03-14,2026-03-21,7,Elizabeth Robles,Basic,East,Phone,2025-09-26,Active,Yes,L2,No,False,True,False,3,True,64,Medium,📧 Follow Up Within 24 Hours,"Escalated Case, Repeat Complaints"
T01932,C0220,Login,Pending,2026-06-29,,2,Madeline Aguirre,Premium,West,Chat,2025-11-12,Active,No,,No,True,False,False,3,True,64,Medium,📧 Follow Up Within 24 Hours,"Unresolved Ticket, Repeat Complaints"
T00183,C0468,Technical,Resolved,2026-02-15,2026-02-16,1,Sean Davis,Basic,West,Chat,2025-08-22,Active,No,,No,False,False,False,6,True,62,Medium,📧 Follow Up Within 24 Hours,Repeat Complaints
T00231,C0267,Technical,Resolved,2026-03-12,2026-03-13,1,Justin Donovan,Basic,South,Chat,2025-12-06,Active,No,,No,False,False,False,6,True,62,Medium,📧 Follow Up Within 24 Hours,Repeat Complaints
T00272,C0154,Billing,Resolved,2026-06-16,2026-06-17,1,Dr. Kimberly Preston,Enterprise,East,Email,2026-07-23,Active,No,,No,False,False,False,6,True,62,Medium,📧 Follow Up Within 24 Hours,Repeat Complaints
T00607,C0395,Account,Resolved,2026-06-02,2026-06-03,1,Billy Jones,Premium,East,Phone,2025-03-09,Cancelled,No,,Yes,False,False,True,6,True,62,Medium,📧 Follow Up Within 24 Hours,Repeat Complaints
T00693,C0067,Technical,Resolved,2026-03-07,2026-03-08,1,Jonathan Anderson,Enterprise,East,Chat,2024-09-20,Active,No,,No,False,False,False,6,True,62,Medium,📧 Follow Up Within 24 Hours,Repeat Complaints
T00956,C0154,Technical,Resolved,2026-03-22,2026-03-23,1,Dr. Kimberly Preston,Enterprise,East,Email,2026-07-23,Active,No,,No,False,False,False,6,True,62,Medium,📧 Follow Up Within 24 Hours,Repeat Complaints
T01043,C0314,Technical,Resolved,2026-04-08,2026-04-09,1,Joseph Parker,Basic,West,Phone,2025-01-02,Active,No,,No,False,False,False,6,True,62,Medium,📧 Follow Up Within 24 Hours,Repeat Complaints
T01109,C0228,Billing,Resolved,2026-05-01,2026-05-02,1,Tammy Joseph,Premium,North,Phone,2026-01-17,Active,No,,No,False,False,False,6,True,62,Medium,📧 Follow Up Within 24 Hours,Repeat Complaints
T01266,C0172,Technical,Resolved,2026-05-26,2026-05-27,1,Daniel Randolph,Enterprise,North,Chat,2025-02-28,Active,No,,No,False,False,False,6,True,62,Medium,📧 Follow Up Within 24 Hours,Repeat Complaints
T01304,C0378,Billing,Resolved,2026-01-17,2026-01-18,1,Cody Rush,Premium,South,Email,2025-10-31,Active,No,,No,False,False,False,6,True,62,Medium,📧 Follow Up Within 24 Hours,Repeat Complaints
T01517,C0285,Login,Resolved,2026-02-08,2026-02-09,1,Samantha Benton,Premium,South,Phone,2024-09-01,Active,No,,No,False,False,False,6,True,62,Medium,📧 Follow Up Within 24 Hours,Repeat Complaints
T01602,C0435,Technical,Resolved,2026-04-17,2026-04-18,1,Robert Johnson,Premium,South,Email,2026-06-13,Active,No,,No,False,False,False,6,True,62,Medium,📧 Follow Up Within 24 Hours,Repeat Complaints
T01694,C0331,Billing,Resolved,2026-01-02,2026-01-03,1,Jeffrey Moran,Basic,East,Phone,2025-08-11,Active,No,,No,False,False,False,6,True,62,Medium,📧 Follow Up Within 24 Hours,Repeat Complaints
T01781,C0228,Account,Resolved,2026-05-30,2026-05-31,1,Tammy Joseph,Premium,North,Phone,2026-01-17,Active,No,,No,False,False,False,6,True,62,Medium,📧 Follow Up Within 24 Hours,Repeat Complaints
T01803,C0391,Account,Resolved,2026-05-31,2026-06-01,1,Ashley Woodward,Premium,South,Phone,2026-01-26,Active,No,,No,False,False,False,6,True,62,Medium,📧 Follow Up Within 24 Hours,Repeat Complaints
T01867,C0104,Technical,Resolved,2026-06-14,2026-06-15,1,Elizabeth Taylor,Basic,West,Email,2026-03-06,Active,No,,No,False,False,False,6,True,62,Medium,📧 Follow Up Within 24 Hours,Repeat Complaints
T01870,C0267,Login,Resolved,2026-03-15,2026-03-16,1,Justin Donovan,Basic,South,Chat,2025-12-06,Active,No,,No,False,False,False,6,True,62,Medium,📧 Follow Up Within 24 Hours,Repeat Complaints
T01917,C0249,Billing,Resolved,2026-03-10,2026-03-11,1,Theresa Gray,Premium,South,Chat,2024-08-17,Active,No,,No,False,False,False,6,True,62,Medium,📧 Follow Up Within 24 Hours,Repeat Complaints
T00013,C0272,Account,Resolved,2026-03-31,2026-04-06,6,Tracy Burnett,Premium,South,Chat,2025-08-12,Cancelled,No,,Yes,False,False,True,5,True,62,Medium,📧 Follow Up Within 24 Hours,Repeat Complaints
T00084,C0174,Technical,Resolved,2026-05-08,2026-05-14,6,Adam Nichols,Enterprise,East,Chat,2025-04-15,Active,No,,No,False,False,False,5,True,62,Medium,📧 Follow Up Within 24 Hours,Repeat Complaints
T00095,C0310,Technical,Resolved,2026-04-05,2026-04-11,6,Jeffrey Phillips,Premium,North,Email,2025-11-10,Cancelled,No,,Yes,False,False,True,5,True,62,Medium,📧 Follow Up Within 24 Hours,Repeat Complaints
T00129,C0311,Technical,Resolved,2026-03-23,2026-03-29,6,Justin Parks,Basic,North,Phone,2025-02-20,Cancelled,No,,Yes,False,False,True,5,True,62,Medium,📧 Follow Up Within 24 Hours,Repeat Complaints
T00229,C0418,Account,Resolved,2026-06-03,2026-06-09,6,Nicole Torres,Enterprise,South,Chat,2025-09-01,Active,No,,No,False,False,False,5,True,62,Medium,📧 Follow Up Within 24 Hours,Repeat Complaints
T00382,C0281,Account,Resolved,2026-05-05,2026-05-11,6,Samantha Guerrero,Premium,West,Email,2025-02-21,Active,No,,No,False,False,False,5,True,62,Medium,📧 Follow Up Within 24 Hours,Repeat Complaints
T00514,C0311,Login,Resolved,2026-01-26,2026-02-01,6,Justin Parks,Basic,North,Phone,2025-02-20,Cancelled,No,,Yes,False,False,True,5,True,62,Medium,📧 Follow Up Within 24 Hours,Repeat Complaints
T00755,C0113,Login,Resolved,2026-03-09,2026-03-15,6,Darlene Scott,Premium,North,Email,2024-12-17,Active,No,,No,False,False,False,5,True,62,Medium,📧 Follow Up Within 24 Hours,Repeat Complaints
T00898,C0176,Login,Resolved,2026-05-08,2026-05-14,6,Samuel Johnson,Basic,West,Phone,2025-12-14,Active,No,,No,False,False,False,5,True,62,Medium,📧 Follow Up Within 24 Hours,Repeat Complaints
T00996,C0119,Login,Resolved,2026-01-26,2026-02-01,6,Paula Sims,Enterprise,North,Phone,2024-10-21,Active,No,,No,False,False,False,5,True,62,Medium,📧 Follow Up Within 24 Hours,Repeat Complaints
T01248,C0487,Billing,Resolved,2026-03-19,2026-03-25,6,Mr. Charles Williamson DDS,Enterprise,East,Phone,2026-05-12,Active,No,,No,False,False,False,5,True,62,Medium,📧 Follow Up Within 24 Hours,Repeat Complaints
T01295,C0349,Login,Resolved,2026-01-17,2026-01-23,6,Allison Case,Enterprise,West,Phone,2025-06-20,Active,No,,No,False,False,False,5,True,62,Medium,📧 Follow Up Within 24 Hours,Repeat Complaints
T01384,C0110,Account,Resolved,2026-01-29,2026-02-04,6,Raymond Palmer,Premium,West,Email,2025-01-10,Cancelled,No,,Yes,False,False,True,5,True,62,Medium,📧 Follow Up Within 24 Hours,Repeat Complaints
T01419,C0392,Payment,Resolved,2026-04-20,2026-04-26,6,Anthony Clark,Basic,North,Chat,2025-10-13,Active,No,,No,False,False,False,5,True,62,Medium,📧 Follow Up Within 24 Hours,Repeat Complaints
T01435,C0412,Payment,Resolved,2026-05-19,2026-05-25,6,Christopher Conley,Premium,North,Email,2025-02-13,Active,No,,No,False,False,False,5,True,62,Medium,📧 Follow Up Within 24 Hours,Repeat Complaints
T01604,C0044,Payment,Resolved,2026-04-17,2026-04-23,6,Andrea Edwards,Premium,North,Chat,2025-04-06,Active,No,,No,False,False,False,5,True,62,Medium,📧 Follow Up Within 24 Hours,Repeat Complaints
T01750,C0290,Payment,Resolved,2026-04-18,2026-04-24,6,Laura Henry,Enterprise,South,Chat,2024-09-05,Active,No,,No,False,False,False,5,True,62,Medium,📧 Follow Up Within 24 Hours,Repeat Complaints
T01769,C0097,Account,Resolved,2026-02-08,2026-02-14,6,Sandra Perez,Basic,East,Email,2025-12-25,Active,No,,No,False,False,False,5,True,62,Medium,📧 Follow Up Within 24 Hours,Repeat Complaints
T01783,C0240,Login,Resolved,2026-05-08,2026-05-14,6,Chelsea Jackson,Premium,East,Email,2026-06-10,Active,No,,No,False,False,False,5,True,62,Medium,📧 Follow Up Within 24 Hours,Repeat Complaints
T01801,C0483,Billing,Resolved,2026-06-18,2026-06-24,6,Eric Castillo,Basic,North,Email,2026-05-22,Active,No,,No,False,False,False,5,True,62,Medium,📧 Follow Up Within 24 Hours,Repeat Complaints
T01975,C0484,Billing,Resolved,2026-05-12,2026-05-18,6,Dawn Wheeler,Enterprise,South,Chat,2025-07-24,Active,No,,No,False,False,False,5,True,62,Medium,📧 Follow Up Within 24 Hours,Repeat Complaints
T00516,C0136,Payment,Resolved,2026-01-25,2026-01-26,1,Daniel Small,Enterprise,South,Chat,2025-09-13,Active,Yes,L3,No,False,True,False,4,True,62,Medium,📧 Follow Up Within 24 Hours,"Escalated Case, Repeat Complaints"
T00623,C0136,Login,Resolved,2026-02-14,2026-02-15,1,Daniel Small,Enterprise,South,Chat,2025-09-13,Active,Yes,L2,No,False,True,False,4,True,62,Medium,📧 Follow Up Within 24 Hours,"Escalated Case, Repeat Complaints"
T01729,C0034,Technical,Resolved,2026-04-24,2026-04-25,1,Krystal Hess,Enterprise,East,Email,2024-08-26,Active,Yes,L1,No,False,True,False,4,True,62,Medium,📧 Follow Up Within 24 Hours,"Escalated Case, Repeat Complaints"
T01875,C0446,Login,Resolved,2026-02-19,2026-02-20,1,Megan Cruz,Enterprise,North,Email,2026-06-15,Active,Yes,L2,No,False,True,False,4,True,62,Medium,📧 Follow Up Within 24 Hours,"Escalated Case, Repeat Complaints"
T01896,C0125,Login,Resolved,2026-04-03,2026-04-04,1,Brian Reed,Premium,South,Phone,2025-10-28,Active,Yes,L2,No,False,True,False,4,True,62,Medium,📧 Follow Up Within 24 Hours,"Escalated Case, Repeat Complaints"
T00624,C0437,Payment,Resolved,2026-06-23,2026-06-29,6,Justin Berger,Basic,East,Email,2025-06-18,Active,Yes,L2,No,False,True,False,3,True,62,Medium,📧 Follow Up Within 24 Hours,"Escalated Case, Repeat Complaints"
T00626,C0437,Technical,Resolved,2026-02-13,2026-02-19,6,Justin Berger,Basic,East,Email,2025-06-18,Active,Yes,L2,No,False,True,False,3,True,62,Medium,📧 Follow Up Within 24 Hours,"Escalated Case, Repeat Complaints"
T01090,C0212,Billing,Resolved,2026-03-02,2026-03-08,6,Tamara James,Premium,West,Phone,2026-04-09,Active,Yes,L1,No,False,True,False,3,True,62,Medium,📧 Follow Up Within 24 Hours,"Escalated Case, Repeat Complaints"
T01451,C0401,Billing,Resolved,2026-01-22,2026-01-28,6,Lauren Paul,Premium,North,Email,2024-10-27,Active,Yes,L3,No,False,True,False,3,True,62,Medium,📧 Follow Up Within 24 Hours,"Escalated Case, Repeat Complaints"
T01589,C0424,Account,Resolved,2026-01-17,2026-01-23,6,Michael Dean,Premium,East,Email,2024-10-31,Active,Yes,L3,No,False,True,False,3,True,62,Medium,📧 Follow Up Within 24 Hours,"Escalated Case, Repeat Complaints"
T00573,C0173,Payment,Resolved,2026-03-12,2026-03-17,5,Katherine Salazar,Premium,South,Chat,2025-05-31,Active,No,,No,False,False,False,5,True,60,Medium,📧 Follow Up Within 24 Hours,Repeat Complaints
T00629,C0059,Login,Resolved,2026-04-27,2026-05-02,5,Christopher Newman,Enterprise,North,Email,2024-11-12,Active,No,,No,False,False,False,5,True,60,Medium,📧 Follow Up Within 24 Hours,Repeat Complaints
T00673,C0324,Technical,Resolved,2026-06-09,2026-06-14,5,Robert Coffey,Enterprise,West,Chat,2026-04-02,Active,No,,No,False,False,False,5,True,60,Medium,📧 Follow Up Within 24 Hours,Repeat Complaints
T00684,C0288,Login,Resolved,2026-06-28,2026-07-03,5,Joan Palmer,Enterprise,North,Phone,2025-04-29,Active,No,,No,False,False,False,5,True,60,Medium,📧 Follow Up Within 24 Hours,Repeat Complaints
T00730,C0073,Technical,Resolved,2026-06-07,2026-06-12,5,Joseph Castro,Enterprise,North,Email,2025-05-30,Active,No,,No,False,False,False,5,True,60,Medium,📧 Follow Up Within 24 Hours,Repeat Complaints
T00874,C0044,Login,Resolved,2026-03-05,2026-03-10,5,Andrea Edwards,Premium,North,Chat,2025-04-06,Active,No,,No,False,False,False,5,True,60,Medium,📧 Follow Up Within 24 Hours,Repeat Complaints
T00877,C0443,Login,Resolved,2026-05-19,2026-05-24,5,Paige Wells,Enterprise,North,Chat,2024-10-18,Active,No,,No,False,False,False,5,True,60,Medium,📧 Follow Up Within 24 Hours,Repeat Complaints
T01186,C0490,Login,Resolved,2026-06-16,2026-06-21,5,Anthony Tran,Basic,North,Chat,2026-06-11,Active,No,,No,False,False,False,5,True,60,Medium,📧 Follow Up Within 24 Hours,Repeat Complaints
T01424,C0236,Login,Resolved,2026-04-18,2026-04-23,5,Morgan Zamora,Enterprise,South,Email,2025-09-10,Active,No,,No,False,False,False,5,True,60,Medium,📧 Follow Up Within 24 Hours,Repeat Complaints
T01507,C0003,Payment,Resolved,2026-04-08,2026-04-13,5,Christina Green,Basic,South,Phone,2026-03-13,Cancelled,No,,Yes,False,False,True,5,True,60,Medium,📧 Follow Up Within 24 Hours,Repeat Complaints
T01547,C0041,Login,Resolved,2026-02-02,2026-02-07,5,Thomas Bruce,Basic,West,Email,2025-04-28,Cancelled,No,,Yes,False,False,True,5,True,60,Medium,📧 Follow Up Within 24 Hours,Repeat Complaints
T01554,C0024,Billing,Resolved,2026-06-30,2026-07-05,5,Douglas Glenn,Premium,East,Email,2025-04-13,Active,No,,No,False,False,False,5,True,60,Medium,📧 Follow Up Within 24 Hours,Repeat Complaints
T01702,C0349,Payment,Resolved,2026-06-07,2026-06-12,5,Allison Case,Enterprise,West,Phone,2025-06-20,Active,No,,No,False,False,False,5,True,60,Medium,📧 Follow Up Within 24 Hours,Repeat Complaints
T01878,C0260,Billing,Resolved,2026-04-30,2026-05-05,5,Dr. Lisa Walker DDS,Basic,West,Phone,2025-06-16,Active,No,,No,False,False,False,5,True,60,Medium,📧 Follow Up Within 24 Hours,Repeat Complaints
T00029,C0470,Payment,Resolved,2026-03-28,2026-04-07,10,Rodney Peterson,Basic,East,Phone,2026-01-21,Active,No,,No,False,False,False,4,True,60,Medium,📧 Follow Up Within 24 Hours,"Repeat Complaints, Delayed Resolution"
T00275,C0256,Login,Resolved,2026-03-26,2026-04-05,10,Evelyn Burns,Basic,West,Chat,2025-10-25,Active,No,,No,False,False,False,4,True,60,Medium,📧 Follow Up Within 24 Hours,"Repeat Complaints, Delayed Resolution"
T00355,C0364,Login,Resolved,2026-01-22,2026-02-01,10,William Anderson,Enterprise,East,Email,2025-05-23,Active,No,,No,False,False,False,4,True,60,Medium,📧 Follow Up Within 24 Hours,"Repeat Complaints, Delayed Resolution"
T00545,C0089,Payment,Resolved,2026-06-08,2026-06-18,10,Miranda Jones,Premium,North,Email,2025-01-05,Active,No,,No,False,False,False,4,True,60,Medium,📧 Follow Up Within 24 Hours,"Repeat Complaints, Delayed Resolution"
T00920,C0151,Account,Resolved,2026-02-18,2026-02-28,10,Daniel Cunningham,Premium,East,Email,2025-05-08,Active,No,,No,False,False,False,4,True,60,Medium,📧 Follow Up Within 24 Hours,"Repeat Complaints, Delayed Resolution"
T01018,C0137,Account,Resolved,2026-03-01,2026-03-11,10,Tammy Hill,Basic,North,Chat,2024-12-14,Active,No,,No,False,False,False,4,True,60,Medium,📧 Follow Up Within 24 Hours,"Repeat Complaints, Delayed Resolution"
T01127,C0034,Payment,Resolved,2026-06-27,2026-07-07,10,Krystal Hess,Enterprise,East,Email,2024-08-26,Active,No,,No,False,False,False,4,True,60,Medium,📧 Follow Up Within 24 Hours,"Repeat Complaints, Delayed Resolution"
T01194,C0481,Account,Resolved,2026-02-25,2026-03-07,10,Regina Freeman,Basic,South,Email,2024-09-02,Active,No,,No,False,False,False,4,True,60,Medium,📧 Follow Up Within 24 Hours,"Repeat Complaints, Delayed Resolution"
T01233,C0419,Billing,Resolved,2026-06-02,2026-06-12,10,Jamie Wolf,Enterprise,North,Chat,2024-12-05,Active,No,,No,False,False,False,4,True,60,Medium,📧 Follow Up Within 24 Hours,"Repeat Complaints, Delayed Resolution"
T01281,C0246,Payment,Resolved,2026-04-28,2026-05-08,10,Sean Lewis,Enterprise,West,Chat,2025-11-26,Cancelled,No,,Yes,False,False,True,4,True,60,Medium,📧 Follow Up Within 24 Hours,"Repeat Complaints, Delayed Resolution"
T01393,C0062,Technical,Resolved,2026-06-27,2026-07-07,10,Jeffrey Davies,Enterprise,West,Phone,2025-05-20,Cancelled,No,,Yes,False,False,True,4,True,60,Medium,📧 Follow Up Within 24 Hours,"Repeat Complaints, Delayed Resolution"
T01921,C0478,Login,Resolved,2026-03-28,2026-04-07,10,Evelyn Clark,Enterprise,East,Email,2025-06-06,Active,No,,No,False,False,False,4,True,60,Medium,📧 Follow Up Within 24 Hours,"Repeat Complaints, Delayed Resolution"
T00567,C0308,Billing,Resolved,2026-06-05,2026-06-10,5,Keith Olson,Basic,North,Chat,2025-10-02,Active,Yes,L3,No,False,True,False,3,True,60,Medium,📧 Follow Up Within 24 Hours,"Escalated Case, Repeat Complaints"
T00681,C0350,Payment,Resolved,2026-01-16,2026-01-21,5,Rebecca Johnson,Premium,West,Phone,2025-06-26,Active,Yes,L3,No,False,True,False,3,True,60,Medium,📧 Follow Up Within 24 Hours,"Escalated Case, Repeat Complaints"
T00890,C0321,Technical,Resolved,2026-06-06,2026-06-11,5,Joann Franklin,Basic,East,Chat,2025-07-18,Active,Yes,L1,No,False,True,False,3,True,60,Medium,📧 Follow Up Within 24 Hours,"Escalated Case, Repeat Complaints"
T01169,C0297,Technical,Resolved,2026-06-18,2026-06-23,5,Sarah Brewer,Enterprise,East,Phone,2025-12-07,Active,Yes,L3,No,False,True,False,3,True,60,Medium,📧 Follow Up Within 24 Hours,"Escalated Case, Repeat Complaints"
T01483,C0211,Payment,Resolved,2026-02-04,2026-02-09,5,Randall Moran,Premium,North,Chat,2026-07-23,Active,Yes,L3,No,False,True,False,3,True,60,Medium,📧 Follow Up Within 24 Hours,"Escalated Case, Repeat Complaints"
T01893,C0198,Account,Resolved,2026-04-22,2026-04-27,5,Jennifer Santiago,Premium,South,Chat,2026-07-31,Cancelled,Yes,L1,Yes,False,True,True,3,True,60,Medium,📧 Follow Up Within 24 Hours,"Escalated Case, Repeat Complaints"
T00285,C0430,Billing,Resolved,2026-06-07,2026-06-17,10,Natalie Davis,Enterprise,South,Email,2025-08-22,Cancelled,Yes,L3,Yes,False,True,True,2,False,60,Medium,📧 Follow Up Within 24 Hours,"Escalated Case, Delayed Resolution"
T00357,C0276,Payment,Resolved,2026-04-28,2026-05-08,10,Brittany Peters,Premium,North,Email,2025-05-25,Active,Yes,L2,No,False,True,False,2,False,60,Medium,📧 Follow Up Within 24 Hours,"Escalated Case, Delayed Resolution"
T00358,C0381,Login,Resolved,2026-01-29,2026-02-08,10,Patricia Robinson,Premium,West,Chat,2025-03-20,Active,Yes,L1,No,False,True,False,2,False,60,Medium,📧 Follow Up Within 24 Hours,"Escalated Case, Delayed Resolution"
T00531,C0463,Billing,Resolved,2026-05-13,2026-05-23,10,Stephanie Cooper,Basic,North,Email,2025-04-07,Active,Yes,L1,No,False,True,False,2,False,60,Medium,📧 Follow Up Within 24 Hours,"Escalated Case, Delayed Resolution"
T00772,C0473,Technical,Resolved,2026-04-14,2026-04-24,10,Patrick Patel,Enterprise,West,Email,2026-01-22,Active,Yes,L3,No,False,True,False,2,False,60,Medium,📧 Follow Up Within 24 Hours,"Escalated Case, Delayed Resolution"
T01269,C0454,Payment,Resolved,2026-06-13,2026-06-23,10,Jermaine Brown,Enterprise,West,Email,2024-10-14,Active,Yes,L3,No,False,True,False,2,False,60,Medium,📧 Follow Up Within 24 Hours,"Escalated Case, Delayed Resolution"
T00239,C0272,Technical,Resolved,2026-03-07,2026-03-11,4,Tracy Burnett,Premium,South,Chat,2025-08-12,Cancelled,No,,Yes,False,False,True,5,True,58,Medium,📧 Follow Up Within 24 Hours,Repeat Complaints
T00391,C0110,Login,Resolved,2026-06-01,2026-06-05,4,Raymond Palmer,Premium,West,Email,2025-01-10,Cancelled,No,,Yes,False,False,True,5,True,58,Medium,📧 Follow Up Within 24 Hours,Repeat Complaints
T00406,C0097,Login,Resolved,2026-01-14,2026-01-18,4,Sandra Perez,Basic,East,Email,2025-12-25,Active,No,,No,False,False,False,5,True,58,Medium,📧 Follow Up Within 24 Hours,Repeat Complaints
T00546,C0349,Login,Resolved,2026-03-26,2026-03-30,4,Allison Case,Enterprise,West,Phone,2025-06-20,Active,No,,No,False,False,False,5,True,58,Medium,📧 Follow Up Within 24 Hours,Repeat Complaints
T00592,C0161,Billing,Resolved,2026-03-12,2026-03-16,4,Robert Kaufman,Basic,West,Email,2025-02-17,Active,No,,No,False,False,False,5,True,58,Medium,📧 Follow Up Within 24 Hours,Repeat Complaints
T00610,C0281,Payment,Resolved,2026-02-09,2026-02-13,4,Samantha Guerrero,Premium,West,Email,2025-02-21,Active,No,,No,False,False,False,5,True,58,Medium,📧 Follow Up Within 24 Hours,Repeat Complaints
T00751,C0047,Login,Resolved,2026-01-03,2026-01-07,4,Colleen Price,Enterprise,North,Phone,2025-10-20,Active,No,,No,False,False,False,5,True,58,Medium,📧 Follow Up Within 24 Hours,Repeat Complaints
T00792,C0268,Billing,Resolved,2026-04-07,2026-04-11,4,Peter Baker,Basic,South,Email,2026-02-18,Cancelled,No,,Yes,False,False,True,5,True,58,Medium,📧 Follow Up Within 24 Hours,Repeat Complaints
T00967,C0179,Login,Resolved,2026-01-31,2026-02-04,4,Christopher Castro,Basic,East,Email,2025-10-21,Cancelled,No,,Yes,False,False,True,5,True,58,Medium,📧 Follow Up Within 24 Hours,Repeat Complaints
T01205,C0056,Technical,Resolved,2026-04-21,2026-04-25,4,Carrie Russell,Premium,West,Email,2025-09-22,Active,No,,No,False,False,False,5,True,58,Medium,📧 Follow Up Within 24 Hours,Repeat Complaints
T01292,C0288,Technical,Resolved,2026-03-27,2026-03-31,4,Joan Palmer,Enterprise,North,Phone,2025-04-29,Active,No,,No,False,False,False,5,True,58,Medium,📧 Follow Up Within 24 Hours,Repeat Complaints
T01345,C0064,Payment,Resolved,2026-05-06,2026-05-10,4,Holly Navarro,Enterprise,West,Email,2026-06-17,Active,No,,No,False,False,False,5,True,58,Medium,📧 Follow Up Within 24 Hours,Repeat Complaints
T01389,C0116,Account,Resolved,2026-04-20,2026-04-24,4,Jacob Gomez,Basic,South,Chat,2025-07-27,Active,No,,No,False,False,False,5,True,58,Medium,📧 Follow Up Within 24 Hours,Repeat Complaints
T01420,C0183,Login,Resolved,2026-06-19,2026-06-23,4,Valerie Wood,Premium,South,Phone,2026-01-02,Active,No,,No,False,False,False,5,True,58,Medium,📧 Follow Up Within 24 Hours,Repeat Complaints
T01428,C0086,Account,Resolved,2026-04-22,2026-04-26,4,James Hooper,Enterprise,West,Email,2024-11-29,Cancelled,No,,Yes,False,False,True,5,True,58,Medium,📧 Follow Up Within 24 Hours,Repeat Complaints
T01752,C0113,Billing,Resolved,2026-06-27,2026-07-01,4,Darlene Scott,Premium,North,Email,2024-12-17,Active,No,,No,False,False,False,5,True,58,Medium,📧 Follow Up Within 24 Hours,Repeat Complaints
T01850,C0418,Payment,Resolved,2026-06-10,2026-06-14,4,Nicole Torres,Enterprise,South,Chat,2025-09-01,Active,No,,No,False,False,False,5,True,58,Medium,📧 Follow Up Within 24 Hours,Repeat Complaints
T01895,C0357,Billing,Resolved,2026-04-19,2026-04-23,4,Kimberly Sullivan,Basic,North,Chat,2026-06-08,Cancelled,No,,Yes,False,False,True,5,True,58,Medium,📧 Follow Up Within 24 Hours,Repeat Complaints
T00120,C0065,Payment,Resolved,2026-01-24,2026-02-02,9,David Banks,Enterprise,South,Phone,2025-03-08,Active,No,,No,False,False,False,4,True,58,Medium,📧 Follow Up Within 24 Hours,"Repeat Complaints, Delayed Resolution"
T00125,C0214,Account,Resolved,2026-05-08,2026-05-17,9,Jessica Lowe,Enterprise,North,Chat,2024-12-17,Active,No,,No,False,False,False,4,True,58,Medium,📧 Follow Up Within 24 Hours,"Repeat Complaints, Delayed Resolution"
T00146,C0500,Billing,Resolved,2026-03-28,2026-04-06,9,Rebecca Gonzales,Premium,South,Email,2026-01-21,Active,No,,No,False,False,False,4,True,58,Medium,📧 Follow Up Within 24 Hours,"Repeat Complaints, Delayed Resolution"
T00206,C0470,Account,Resolved,2026-05-21,2026-05-30,9,Rodney Peterson,Basic,East,Phone,2026-01-21,Active,No,,No,False,False,False,4,True,58,Medium,📧 Follow Up Within 24 Hours,"Repeat Complaints, Delayed Resolution"
T00218,C0446,Login,Resolved,2026-06-24,2026-07-03,9,Megan Cruz,Enterprise,North,Email,2026-06-15,Active,No,,No,False,False,False,4,True,58,Medium,📧 Follow Up Within 24 Hours,"Repeat Complaints, Delayed Resolution"
T00227,C0126,Billing,Resolved,2026-03-01,2026-03-10,9,Lisa Phillips,Enterprise,East,Phone,2024-09-29,Active,No,,No,False,False,False,4,True,58,Medium,📧 Follow Up Within 24 Hours,"Repeat Complaints, Delayed Resolution"
T00718,C0162,Billing,Resolved,2026-01-31,2026-02-09,9,Laura Brooks,Enterprise,South,Chat,2025-07-14,Active,No,,No,False,False,False,4,True,58,Medium,📧 Follow Up Within 24 Hours,"Repeat Complaints, Delayed Resolution"
T00818,C0209,Account,Resolved,2026-01-19,2026-01-28,9,Shirley Smith,Premium,South,Chat,2025-03-24,Active,No,,No,False,False,False,4,True,58,Medium,📧 Follow Up Within 24 Hours,"Repeat Complaints, Delayed Resolution"
T00946,C0453,Billing,Resolved,2026-02-16,2026-02-25,9,Danny Mitchell,Enterprise,East,Chat,2026-01-19,Cancelled,No,,Yes,False,False,True,4,True,58,Medium,📧 Follow Up Within 24 Hours,"Repeat Complaints, Delayed Resolution"
T01053,C0452,Account,Resolved,2026-06-10,2026-06-19,9,Ana Mathis,Premium,East,Chat,2024-11-09,Active,No,,No,False,False,False,4,True,58,Medium,📧 Follow Up Within 24 Hours,"Repeat Complaints, Delayed Resolution"
T01325,C0029,Account,Resolved,2026-05-30,2026-06-08,9,Sarah Williams,Premium,West,Chat,2026-04-20,Active,No,,No,False,False,False,4,True,58,Medium,📧 Follow Up Within 24 Hours,"Repeat Complaints, Delayed Resolution"
T01514,C0145,Payment,Resolved,2026-03-09,2026-03-18,9,Amanda Lawrence,Enterprise,South,Chat,2026-06-15,Active,No,,No,False,False,False,4,True,58,Medium,📧 Follow Up Within 24 Hours,"Repeat Complaints, Delayed Resolution"
T01549,C0025,Account,Resolved,2026-01-12,2026-01-21,9,Shane Green,Enterprise,East,Phone,2025-03-25,Active,No,,No,False,False,False,4,True,58,Medium,📧 Follow Up Within 24 Hours,"Repeat Complaints, Delayed Resolution"
T01712,C0348,Account,Resolved,2026-06-24,2026-07-03,9,Barry Waller,Premium,North,Chat,2026-03-27,Active,No,,No,False,False,False,4,True,58,Medium,📧 Follow Up Within 24 Hours,"Repeat Complaints, Delayed Resolution"
T01755,C0186,Billing,Resolved,2026-01-08,2026-01-17,9,Shannon Hughes,Enterprise,North,Email,2024-12-09,Active,No,,No,False,False,False,4,True,58,Medium,📧 Follow Up Within 24 Hours,"Repeat Complaints, Delayed Resolution"
T01882,C0194,Technical,Resolved,2026-04-19,2026-04-28,9,James Meyer,Premium,West,Chat,2025-07-09,Cancelled,No,,Yes,False,False,True,4,True,58,Medium,📧 Follow Up Within 24 Hours,"Repeat Complaints, Delayed Resolution"
T01946,C0034,Payment,Resolved,2026-04-08,2026-04-17,9,Krystal Hess,Enterprise,East,Email,2024-08-26,Active,No,,No,False,False,False,4,True,58,Medium,📧 Follow Up Within 24 Hours,"Repeat Complaints, Delayed Resolution"
T00284,C0257,Payment,Resolved,2026-04-22,2026-04-26,4,Brian Yu,Enterprise,South,Phone,2024-10-20,Cancelled,Yes,L1,Yes,False,True,True,3,True,58,Medium,📧 Follow Up Within 24 Hours,"Escalated Case, Repeat Complaints"
T00703,C0005,Billing,Resolved,2026-04-25,2026-04-29,4,Megan Nunez,Premium,North,Email,2026-03-07,Active,Yes,L2,No,False,True,False,3,True,58,Medium,📧 Follow Up Within 24 Hours,"Escalated Case, Repeat Complaints"
T00830,C0094,Technical,Resolved,2026-02-21,2026-02-25,4,Jose Hudson,Premium,North,Chat,2026-01-08,Active,Yes,L2,No,False,True,False,3,True,58,Medium,📧 Follow Up Within 24 Hours,"Escalated Case, Repeat Complaints"
T00942,C0198,Technical,Resolved,2026-06-18,2026-06-22,4,Jennifer Santiago,Premium,South,Chat,2026-07-31,Cancelled,Yes,L2,Yes,False,True,True,3,True,58,Medium,📧 Follow Up Within 24 Hours,"Escalated Case, Repeat Complaints"
T00042,C0068,Account,Resolved,2026-02-11,2026-02-14,3,Elizabeth Huffman MD,Enterprise,West,Email,2026-02-11,Active,No,,No,False,False,False,5,True,56,Medium,📧 Follow Up Within 24 Hours,Repeat Complaints
T00127,C0153,Login,Resolved,2026-01-16,2026-01-19,3,James Thompson,Enterprise,West,Phone,2026-07-07,Active,No,,No,False,False,False,5,True,56,Medium,📧 Follow Up Within 24 Hours,Repeat Complaints
T00427,C0262,Payment,Resolved,2026-05-26,2026-05-29,3,James Bruce,Enterprise,East,Chat,2025-01-19,Cancelled,No,,Yes,False,False,True,5,True,56,Medium,📧 Follow Up Within 24 Hours,Repeat Complaints
T00482,C0295,Login,Resolved,2026-02-14,2026-02-17,3,Haley Jenkins,Enterprise,West,Chat,2025-04-14,Active,No,,No,False,False,False,5,True,56,Medium,📧 Follow Up Within 24 Hours,Repeat Complaints
T00493,C0301,Billing,Resolved,2026-03-24,2026-03-27,3,Benjamin Price,Basic,South,Phone,2025-02-23,Cancelled,No,,Yes,False,False,True,5,True,56,Medium,📧 Follow Up Within 24 Hours,Repeat Complaints
T00588,C0272,Payment,Resolved,2026-02-08,2026-02-11,3,Tracy Burnett,Premium,South,Chat,2025-08-12,Cancelled,No,,Yes,False,False,True,5,True,56,Medium,📧 Follow Up Within 24 Hours,Repeat Complaints
T00603,C0176,Login,Resolved,2026-02-18,2026-02-21,3,Samuel Johnson,Basic,West,Phone,2025-12-14,Active,No,,No,False,False,False,5,True,56,Medium,📧 Follow Up Within 24 Hours,Repeat Complaints
T00768,C0247,Login,Resolved,2026-06-01,2026-06-04,3,Amanda Reid,Premium,East,Chat,2026-06-19,Active,No,,No,False,False,False,5,True,56,Medium,📧 Follow Up Within 24 Hours,Repeat Complaints
T01012,C0466,Technical,Resolved,2026-05-25,2026-05-28,3,Cynthia Navarro,Enterprise,North,Phone,2026-04-12,Active,No,,No,False,False,False,5,True,56,Medium,📧 Follow Up Within 24 Hours,Repeat Complaints
T01040,C0047,Payment,Resolved,2026-06-16,2026-06-19,3,Colleen Price,Enterprise,North,Phone,2025-10-20,Active,No,,No,False,False,False,5,True,56,Medium,📧 Follow Up Within 24 Hours,Repeat Complaints
T01299,C0097,Login,Resolved,2026-04-11,2026-04-14,3,Sandra Perez,Basic,East,Email,2025-12-25,Active,No,,No,False,False,False,5,True,56,Medium,📧 Follow Up Within 24 Hours,Repeat Complaints
T01354,C0328,Billing,Resolved,2026-06-10,2026-06-13,3,Cassandra Robinson,Premium,South,Chat,2025-04-01,Active,No,,No,False,False,False,5,True,56,Medium,📧 Follow Up Within 24 Hours,Repeat Complaints
T01374,C0472,Account,Resolved,2026-02-21,2026-02-24,3,Carlos Johnson,Enterprise,South,Email,2025-09-25,Active,No,,No,False,False,False,5,True,56,Medium,📧 Follow Up Within 24 Hours,Repeat Complaints
T01512,C0073,Payment,Resolved,2026-01-12,2026-01-15,3,Joseph Castro,Enterprise,North,Email,2025-05-30,Active,No,,No,False,False,False,5,True,56,Medium,📧 Follow Up Within 24 Hours,Repeat Complaints
T01531,C0487,Login,Resolved,2026-05-26,2026-05-29,3,Mr. Charles Williamson DDS,Enterprise,East,Phone,2026-05-12,Active,No,,No,False,False,False,5,True,56,Medium,📧 Follow Up Within 24 Hours,Repeat Complaints
T01620,C0044,Billing,Resolved,2026-04-10,2026-04-13,3,Andrea Edwards,Premium,North,Chat,2025-04-06,Active,No,,No,False,False,False,5,True,56,Medium,📧 Follow Up Within 24 Hours,Repeat Complaints
T01622,C0283,Payment,Resolved,2026-06-12,2026-06-15,3,David Stephens,Basic,East,Email,2025-06-30,Active,No,,No,False,False,False,5,True,56,Medium,📧 Follow Up Within 24 Hours,Repeat Complaints
T01887,C0288,Account,Resolved,2026-03-27,2026-03-30,3,Joan Palmer,Enterprise,North,Phone,2025-04-29,Active,No,,No,False,False,False,5,True,56,Medium,📧 Follow Up Within 24 Hours,Repeat Complaints
T01957,C0349,Login,Resolved,2026-03-14,2026-03-17,3,Allison Case,Enterprise,West,Phone,2025-06-20,Active,No,,No,False,False,False,5,True,56,Medium,📧 Follow Up Within 24 Hours,Repeat Complaints
T01995,C0064,Account,Resolved,2026-05-20,2026-05-23,3,Holly Navarro,Enterprise,West,Email,2026-06-17,Active,No,,No,False,False,False,5,True,56,Medium,📧 Follow Up Within 24 Hours,Repeat Complaints
T00020,C0029,Payment,Resolved,2026-03-21,2026-03-29,8,Sarah Williams,Premium,West,Chat,2026-04-20,Active,No,,No,False,False,False,4,True,56,Medium,📧 Follow Up Within 24 Hours,"Repeat Complaints, Delayed Resolution"
T00079,C0478,Payment,Resolved,2026-05-20,2026-05-28,8,Evelyn Clark,Enterprise,East,Email,2025-06-06,Active,No,,No,False,False,False,4,True,56,Medium,📧 Follow Up Within 24 Hours,"Repeat Complaints, Delayed Resolution"
T00139,C0026,Payment,Resolved,2026-06-17,2026-06-25,8,Richard Kline,Enterprise,North,Phone,2025-01-26,Active,No,,No,False,False,False,4,True,56,Medium,📧 Follow Up Within 24 Hours,"Repeat Complaints, Delayed Resolution"
T00209,C0368,Account,Resolved,2026-05-11,2026-05-19,8,Paige Larsen,Basic,East,Email,2026-08-04,Active,No,,No,False,False,False,4,True,56,Medium,📧 Follow Up Within 24 Hours,"Repeat Complaints, Delayed Resolution"
T00256,C0282,Payment,Resolved,2026-05-06,2026-05-14,8,Douglas Elliott,Enterprise,North,Email,2025-06-03,Active,No,,No,False,False,False,4,True,56,Medium,📧 Follow Up Within 24 Hours,"Repeat Complaints, Delayed Resolution"
T00454,C0209,Billing,Resolved,2026-02-23,2026-03-03,8,Shirley Smith,Premium,South,Chat,2025-03-24,Active,No,,No,False,False,False,4,True,56,Medium,📧 Follow Up Within 24 Hours,"Repeat Complaints, Delayed Resolution"
T01041,C0368,Billing,Resolved,2026-06-30,2026-07-08,8,Paige Larsen,Basic,East,Email,2026-08-04,Active,No,,No,False,False,False,4,True,56,Medium,📧 Follow Up Within 24 Hours,"Repeat Complaints, Delayed Resolution"
T01168,C0373,Account,Resolved,2026-06-11,2026-06-19,8,Chelsea Navarro,Basic,North,Phone,2024-11-30,Cancelled,No,,Yes,False,False,True,4,True,56,Medium,📧 Follow Up Within 24 Hours,"Repeat Complaints, Delayed Resolution"
T01203,C0133,Payment,Resolved,2026-01-18,2026-01-26,8,Kyle Patterson DVM,Basic,North,Email,2026-06-10,Active,No,,No,False,False,False,4,True,56,Medium,📧 Follow Up Within 24 Hours,"Repeat Complaints, Delayed Resolution"
T01262,C0457,Technical,Resolved,2026-05-30,2026-06-07,8,Ashley Avila,Premium,South,Chat,2025-06-11,Active,No,,No,False,False,False,4,True,56,Medium,📧 Follow Up Within 24 Hours,"Repeat Complaints, Delayed Resolution"
T01267,C0144,Technical,Resolved,2026-04-30,2026-05-08,8,Kristin Wood,Premium,West,Phone,2025-05-08,Active,No,,No,False,False,False,4,True,56,Medium,📧 Follow Up Within 24 Hours,"Repeat Complaints, Delayed Resolution"
T01303,C0478,Technical,Resolved,2026-04-18,2026-04-26,8,Evelyn Clark,Enterprise,East,Email,2025-06-06,Active,No,,No,False,False,False,4,True,56,Medium,📧 Follow Up Within 24 Hours,"Repeat Complaints, Delayed Resolution"
T01391,C0481,Payment,Resolved,2026-06-22,2026-06-30,8,Regina Freeman,Basic,South,Email,2024-09-02,Active,No,,No,False,False,False,4,True,56,Medium,📧 Follow Up Within 24 Hours,"Repeat Complaints, Delayed Resolution"
T01438,C0442,Technical,Resolved,2026-02-24,2026-03-04,8,Kenneth Adams,Premium,East,Phone,2025-10-07,Active,No,,No,False,False,False,4,True,56,Medium,📧 Follow Up Within 24 Hours,"Repeat Complaints, Delayed Resolution"
T01504,C0031,Billing,Resolved,2026-03-02,2026-03-10,8,Jennifer Wyatt,Premium,North,Email,2024-09-04,Active,No,,No,False,False,False,4,True,56,Medium,📧 Follow Up Within 24 Hours,"Repeat Complaints, Delayed Resolution"
T01726,C0398,Account,Resolved,2026-01-25,2026-02-02,8,Lisa Hughes,Enterprise,East,Email,2026-01-26,Active,No,,No,False,False,False,4,True,56,Medium,📧 Follow Up Within 24 Hours,"Repeat Complaints, Delayed Resolution"
T01816,C0446,Technical,Resolved,2026-06-20,2026-06-28,8,Megan Cruz,Enterprise,North,Email,2026-06-15,Active,No,,No,False,False,False,4,True,56,Medium,📧 Follow Up Within 24 Hours,"Repeat Complaints, Delayed Resolution"
T01856,C0035,Technical,Resolved,2026-06-03,2026-06-11,8,Rebecca Burton,Enterprise,West,Chat,2026-06-06,Active,No,,No,False,False,False,4,True,56,Medium,📧 Follow Up Within 24 Hours,"Repeat Complaints, Delayed Resolution"
T01173,C0380,Billing,Resolved,2026-06-01,2026-06-04,3,Vanessa Hughes,Premium,West,Phone,2025-06-08,Active,Yes,L2,No,False,True,False,3,True,56,Medium,📧 Follow Up Within 24 Hours,"Escalated Case, Repeat Complaints"
T01706,C0057,Payment,Resolved,2026-05-07,2026-05-10,3,Jennifer Landry,Basic,East,Chat,2024-10-24,Active,Yes,L2,No,False,True,False,3,True,56,Medium,📧 Follow Up Within 24 Hours,"Escalated Case, Repeat Complaints"
T01790,C0382,Payment,Resolved,2026-06-04,2026-06-07,3,Tiffany Patel,Basic,West,Chat,2026-02-17,Active,Yes,L1,No,False,True,False,3,True,56,Medium,📧 Follow Up Within 24 Hours,"Escalated Case, Repeat Complaints"
T01809,C0048,Technical,Resolved,2026-05-22,2026-05-25,3,Edgar Townsend,Enterprise,East,Phone,2024-08-28,Active,Yes,L2,No,False,True,False,3,True,56,Medium,📧 Follow Up Within 24 Hours,"Escalated Case, Repeat Complaints"
T01939,C0340,Account,Resolved,2026-02-24,2026-02-27,3,Robin Wall,Premium,West,Chat,2026-03-17,Active,Yes,L3,No,False,True,False,3,True,56,Medium,📧 Follow Up Within 24 Hours,"Escalated Case, Repeat Complaints"
T00521,C0433,Billing,Resolved,2026-04-12,2026-04-20,8,Brooke Scott,Basic,North,Chat,2025-05-16,Active,Yes,L3,No,False,True,False,2,False,56,Medium,📧 Follow Up Within 24 Hours,"Escalated Case, Delayed Resolution"
T00593,C0390,Technical,Resolved,2026-02-10,2026-02-18,8,Caitlin Baker,Enterprise,South,Phone,2025-09-10,Cancelled,Yes,L2,Yes,False,True,True,2,False,56,Medium,📧 Follow Up Within 24 Hours,"Escalated Case, Delayed Resolution"
T01916,C0033,Payment,Resolved,2026-03-02,2026-03-10,8,Mr. Jonathan Hernandez,Premium,North,Email,2026-06-24,Active,Yes,L3,No,False,True,False,2,False,56,Medium,📧 Follow Up Within 24 Hours,"Escalated Case, Delayed Resolution"
T00123,C0173,Account,Resolved,2026-01-08,2026-01-10,2,Katherine Salazar,Premium,South,Chat,2025-05-31,Active,No,,No,False,False,False,5,True,54,Medium,📧 Follow Up Within 24 Hours,Repeat Complaints
T00131,C0288,Billing,Resolved,2026-04-30,2026-05-02,2,Joan Palmer,Enterprise,North,Phone,2025-04-29,Active,No,,No,False,False,False,5,True,54,Medium,📧 Follow Up Within 24 Hours,Repeat Complaints
T00205,C0270,Login,Resolved,2026-04-03,2026-04-05,2,Corey Arias,Enterprise,East,Email,2025-05-30,Cancelled,No,,Yes,False,False,True,5,True,54,Medium,📧 Follow Up Within 24 Hours,Repeat Complaints
T00292,C0003,Payment,Resolved,2026-03-11,2026-03-13,2,Christina Green,Basic,South,Phone,2026-03-13,Cancelled,No,,Yes,False,False,True,5,True,54,Medium,📧 Follow Up Within 24 Hours,Repeat Complaints
T00344,C0306,Login,Resolved,2026-05-31,2026-06-02,2,Jennifer Buchanan,Premium,West,Chat,2026-01-13,Active,No,,No,False,False,False,5,True,54,Medium,📧 Follow Up Within 24 Hours,Repeat Complaints
T00500,C0472,Account,Resolved,2026-05-25,2026-05-27,2,Carlos Johnson,Enterprise,South,Email,2025-09-25,Active,No,,No,False,False,False,5,True,54,Medium,📧 Follow Up Within 24 Hours,Repeat Complaints
T00613,C0215,Billing,Resolved,2026-06-08,2026-06-10,2,Roy Wilkinson,Enterprise,North,Email,2025-03-24,Active,No,,No,False,False,False,5,True,54,Medium,📧 Follow Up Within 24 Hours,Repeat Complaints
T00667,C0355,Account,Resolved,2026-02-02,2026-02-04,2,Travis Davila,Premium,North,Phone,2026-07-17,Active,No,,No,False,False,False,5,True,54,Medium,📧 Follow Up Within 24 Hours,Repeat Complaints
T00710,C0086,Account,Resolved,2026-06-10,2026-06-12,2,James Hooper,Enterprise,West,Email,2024-11-29,Cancelled,No,,Yes,False,False,True,5,True,54,Medium,📧 Follow Up Within 24 Hours,Repeat Complaints
T00742,C0283,Billing,Resolved,2026-06-05,2026-06-07,2,David Stephens,Basic,East,Email,2025-06-30,Active,No,,No,False,False,False,5,True,54,Medium,📧 Follow Up Within 24 Hours,Repeat Complaints
T00767,C0339,Technical,Resolved,2026-03-26,2026-03-28,2,Lucas Riggs,Basic,South,Email,2025-01-01,Active,No,,No,False,False,False,5,True,54,Medium,📧 Follow Up Within 24 Hours,Repeat Complaints
T00811,C0185,Technical,Resolved,2026-02-10,2026-02-12,2,Johnathan Barker,Premium,South,Email,2025-11-20,Cancelled,No,,Yes,False,False,True,5,True,54,Medium,📧 Follow Up Within 24 Hours,Repeat Complaints
T00813,C0301,Technical,Resolved,2026-06-30,2026-07-02,2,Benjamin Price,Basic,South,Phone,2025-02-23,Cancelled,No,,Yes,False,False,True,5,True,54,Medium,📧 Follow Up Within 24 Hours,Repeat Complaints
T00881,C0466,Payment,Resolved,2026-02-28,2026-03-02,2,Cynthia Navarro,Enterprise,North,Phone,2026-04-12,Active,No,,No,False,False,False,5,True,54,Medium,📧 Follow Up Within 24 Hours,Repeat Complaints
T01019,C0119,Technical,Resolved,2026-04-02,2026-04-04,2,Paula Sims,Enterprise,North,Phone,2024-10-21,Active,No,,No,False,False,False,5,True,54,Medium,📧 Follow Up Within 24 Hours,Repeat Complaints
T01075,C0006,Technical,Resolved,2026-03-07,2026-03-09,2,Patricia Kennedy,Basic,South,Email,2026-07-21,Cancelled,No,,Yes,False,False,True,5,True,54,Medium,📧 Follow Up Within 24 Hours,Repeat Complaints
T01107,C0483,Payment,Resolved,2026-02-13,2026-02-15,2,Eric Castillo,Basic,North,Email,2026-05-22,Active,No,,No,False,False,False,5,True,54,Medium,📧 Follow Up Within 24 Hours,Repeat Complaints
T01134,C0168,Login,Resolved,2026-01-16,2026-01-18,2,Christopher Morrison,Basic,South,Chat,2025-09-15,Cancelled,No,,Yes,False,False,True,5,True,54,Medium,📧 Follow Up Within 24 Hours,Repeat Complaints
T01219,C0339,Technical,Resolved,2026-04-10,2026-04-12,2,Lucas Riggs,Basic,South,Email,2025-01-01,Active,No,,No,False,False,False,5,True,54,Medium,📧 Follow Up Within 24 Hours,Repeat Complaints
T01249,C0215,Billing,Resolved,2026-02-19,2026-02-21,2,Roy Wilkinson,Enterprise,North,Email,2025-03-24,Active,No,,No,False,False,False,5,True,54,Medium,📧 Follow Up Within 24 Hours,Repeat Complaints
T01399,C0262,Payment,Resolved,2026-04-27,2026-04-29,2,James Bruce,Enterprise,East,Chat,2025-01-19,Cancelled,No,,Yes,False,False,True,5,True,54,Medium,📧 Follow Up Within 24 Hours,Repeat Complaints
T01660,C0097,Login,Resolved,2026-01-05,2026-01-07,2,Sandra Perez,Basic,East,Email,2025-12-25,Active,No,,No,False,False,False,5,True,54,Medium,📧 Follow Up Within 24 Hours,Repeat Complaints
T01835,C0168,Login,Resolved,2026-01-18,2026-01-20,2,Christopher Morrison,Basic,South,Chat,2025-09-15,Cancelled,No,,Yes,False,False,True,5,True,54,Medium,📧 Follow Up Within 24 Hours,Repeat Complaints
T01849,C0086,Technical,Resolved,2026-05-12,2026-05-14,2,James Hooper,Enterprise,West,Email,2024-11-29,Cancelled,No,,Yes,False,False,True,5,True,54,Medium,📧 Follow Up Within 24 Hours,Repeat Complaints
T01942,C0113,Payment,Resolved,2026-06-21,2026-06-23,2,Darlene Scott,Premium,North,Email,2024-12-17,Active,No,,No,False,False,False,5,True,54,Medium,📧 Follow Up Within 24 Hours,Repeat Complaints
T01992,C0003,Account,Resolved,2026-03-22,2026-03-24,2,Christina Green,Basic,South,Phone,2026-03-13,Cancelled,No,,Yes,False,False,True,5,True,54,Medium,📧 Follow Up Within 24 Hours,Repeat Complaints
T00010,C0224,Account,Resolved,2026-01-21,2026-01-28,7,Patricia Garrison,Basic,North,Phone,2025-09-24,Cancelled,No,,Yes,False,False,True,4,True,54,Medium,📧 Follow Up Within 24 Hours,Repeat Complaints
T00033,C0470,Payment,Resolved,2026-06-17,2026-06-24,7,Rodney Peterson,Basic,East,Phone,2026-01-21,Active,No,,No,False,False,False,4,True,54,Medium,📧 Follow Up Within 24 Hours,Repeat Complaints
T00036,C0344,Account,Resolved,2026-06-21,2026-06-28,7,Deborah Williams,Premium,West,Chat,2025-01-09,Cancelled,No,,Yes,False,False,True,4,True,54,Medium,📧 Follow Up Within 24 Hours,Repeat Complaints
T00645,C0026,Account,Resolved,2026-06-14,2026-06-21,7,Richard Kline,Enterprise,North,Phone,2025-01-26,Active,No,,No,False,False,False,4,True,54,Medium,📧 Follow Up Within 24 Hours,Repeat Complaints
T00677,C0246,Account,Resolved,2026-06-20,2026-06-27,7,Sean Lewis,Enterprise,West,Chat,2025-11-26,Cancelled,No,,Yes,False,False,True,4,True,54,Medium,📧 Follow Up Within 24 Hours,Repeat Complaints
T00717,C0209,Login,Resolved,2026-04-14,2026-04-21,7,Shirley Smith,Premium,South,Chat,2025-03-24,Active,No,,No,False,False,False,4,True,54,Medium,📧 Follow Up Within 24 Hours,Repeat Complaints
T00812,C0142,Login,Resolved,2026-04-12,2026-04-19,7,Janet Moran,Basic,South,Chat,2024-11-27,Active,No,,No,False,False,False,4,True,54,Medium,📧 Follow Up Within 24 Hours,Repeat Complaints
T01126,C0125,Account,Resolved,2026-05-04,2026-05-11,7,Brian Reed,Premium,South,Phone,2025-10-28,Active,No,,No,False,False,False,4,True,54,Medium,📧 Follow Up Within 24 Hours,Repeat Complaints
T01546,C0323,Account,Resolved,2026-04-30,2026-05-07,7,Jennifer Mccarthy,Enterprise,North,Phone,2025-04-29,Active,No,,No,False,False,False,4,True,54,Medium,📧 Follow Up Within 24 Hours,Repeat Complaints
T01576,C0162,Account,Resolved,2026-06-15,2026-06-22,7,Laura Brooks,Enterprise,South,Chat,2025-07-14,Active,No,,No,False,False,False,4,True,54,Medium,📧 Follow Up Within 24 Hours,Repeat Complaints
T01605,C0323,Technical,Resolved,2026-05-16,2026-05-23,7,Jennifer Mccarthy,Enterprise,North,Phone,2025-04-29,Active,No,,No,False,False,False,4,True,54,Medium,📧 Follow Up Within 24 Hours,Repeat Complaints
T01925,C0413,Billing,Resolved,2026-06-28,2026-07-05,7,Pamela Campbell,Basic,North,Chat,2025-08-04,Active,No,,No,False,False,False,4,True,54,Medium,📧 Follow Up Within 24 Hours,Repeat Complaints
T01930,C0348,Login,Resolved,2026-05-05,2026-05-12,7,Barry Waller,Premium,North,Chat,2026-03-27,Active,No,,No,False,False,False,4,True,54,Medium,📧 Follow Up Within 24 Hours,Repeat Complaints
T00012,C0171,Technical,Resolved,2026-06-12,2026-06-14,2,Cheryl Sims,Enterprise,East,Chat,2024-11-21,Active,Yes,L2,No,False,True,False,3,True,54,Medium,📧 Follow Up Within 24 Hours,"Escalated Case, Repeat Complaints"
T00159,C0076,Technical,Resolved,2026-06-29,2026-07-01,2,Kathleen Weeks,Enterprise,West,Email,2025-07-23,Active,Yes,L1,No,False,True,False,3,True,54,Medium,📧 Follow Up Within 24 Hours,"Escalated Case, Repeat Complaints"
T00278,C0455,Account,Resolved,2026-01-12,2026-01-14,2,Eric Carter,Enterprise,North,Phone,2026-04-26,Cancelled,Yes,L2,Yes,False,True,True,3,True,54,Medium,📧 Follow Up Within 24 Hours,"Escalated Case, Repeat Complaints"
T00658,C0460,Technical,Resolved,2026-04-15,2026-04-17,2,William Deleon,Premium,East,Phone,2025-11-29,Active,Yes,L3,No,False,True,False,3,True,54,Medium,📧 Follow Up Within 24 Hours,"Escalated Case, Repeat Complaints"
T00709,C0460,Technical,Resolved,2026-01-22,2026-01-24,2,William Deleon,Premium,East,Phone,2025-11-29,Active,Yes,L2,No,False,True,False,3,True,54,Medium,📧 Follow Up Within 24 Hours,"Escalated Case, Repeat Complaints"
T00764,C0257,Technical,Resolved,2026-02-28,2026-03-02,2,Brian Yu,Enterprise,South,Phone,2024-10-20,Cancelled,Yes,L1,Yes,False,True,True,3,True,54,Medium,📧 Follow Up Within 24 Hours,"Escalated Case, Repeat Complaints"
T00859,C0286,Payment,Resolved,2026-04-16,2026-04-18,2,Elizabeth Rodriguez,Premium,West,Chat,2024-10-05,Cancelled,Yes,L3,Yes,False,True,True,3,True,54,Medium,📧 Follow Up Within 24 Hours,"Escalated Case, Repeat Complaints"
T01159,C0248,Payment,Resolved,2026-05-04,2026-05-06,2,Gary Perry,Basic,North,Chat,2025-08-26,Active,Yes,L3,No,False,True,False,3,True,54,Medium,📧 Follow Up Within 24 Hours,"Escalated Case, Repeat Complaints"
T01231,C0008,Technical,Resolved,2026-03-20,2026-03-22,2,Allison Bartlett,Basic,West,Email,2026-05-21,Active,Yes,L1,No,False,True,False,3,True,54,Medium,📧 Follow Up Within 24 Hours,"Escalated Case, Repeat Complaints"
T01829,C0211,Account,Resolved,2026-04-05,2026-04-07,2,Randall Moran,Premium,North,Chat,2026-07-23,Active,Yes,L2,No,False,True,False,3,True,54,Medium,📧 Follow Up Within 24 Hours,"Escalated Case, Repeat Complaints"
T00143,C0100,Payment,Resolved,2026-01-19,2026-01-26,7,James Gutierrez,Enterprise,West,Phone,2025-11-30,Cancelled,Yes,L1,Yes,False,True,True,2,False,54,Medium,📧 Follow Up Within 24 Hours,Escalated Case
T00473,C0032,Billing,Resolved,2026-02-05,2026-02-12,7,Jason Newman,Basic,East,Chat,2026-03-07,Active,Yes,L1,No,False,True,False,2,False,54,Medium,📧 Follow Up Within 24 Hours,Escalated Case
T01830,C0387,Billing,Resolved,2026-03-25,2026-04-01,7,Randy Thompson,Basic,North,Phone,2025-06-01,Active,Yes,L3,No,False,True,False,2,False,54,Medium,📧 Follow Up Within 24 Hours,Escalated Case
T00333,C0164,Billing,Resolved,2026-01-30,2026-01-31,1,Christopher Atkins,Premium,East,Phone,2025-06-01,Active,No,,No,False,False,False,5,True,52,Medium,📧 Follow Up Within 24 Hours,Repeat Complaints
T00557,C0015,Technical,Resolved,2026-02-21,2026-02-22,1,Keith Lawson,Enterprise,West,Phone,2026-05-18,Active,No,,No,False,False,False,5,True,52,Medium,📧 Follow Up Within 24 Hours,Repeat Complaints
T00596,C0003,Billing,Resolved,2026-04-06,2026-04-07,1,Christina Green,Basic,South,Phone,2026-03-13,Cancelled,No,,Yes,False,False,True,5,True,52,Medium,📧 Follow Up Within 24 Hours,Repeat Complaints
T00657,C0281,Account,Resolved,2026-01-28,2026-01-29,1,Samantha Guerrero,Premium,West,Email,2025-02-21,Active,No,,No,False,False,False,5,True,52,Medium,📧 Follow Up Within 24 Hours,Repeat Complaints
T00679,C0268,Billing,Resolved,2026-02-07,2026-02-08,1,Peter Baker,Basic,South,Email,2026-02-18,Cancelled,No,,Yes,False,False,True,5,True,52,Medium,📧 Follow Up Within 24 Hours,Repeat Complaints
T00936,C0476,Billing,Resolved,2026-06-13,2026-06-14,1,Michelle Lindsey,Enterprise,South,Chat,2024-10-31,Active,No,,No,False,False,False,5,True,52,Medium,📧 Follow Up Within 24 Hours,Repeat Complaints
T00953,C0185,Login,Resolved,2026-04-12,2026-04-13,1,Johnathan Barker,Premium,South,Email,2025-11-20,Cancelled,No,,Yes,False,False,True,5,True,52,Medium,📧 Follow Up Within 24 Hours,Repeat Complaints
T00969,C0399,Login,Resolved,2026-05-15,2026-05-16,1,Kenneth Smith,Premium,West,Chat,2024-08-12,Active,No,,No,False,False,False,5,True,52,Medium,📧 Follow Up Within 24 Hours,Repeat Complaints
T01172,C0068,Account,Resolved,2026-03-07,2026-03-08,1,Elizabeth Huffman MD,Enterprise,West,Email,2026-02-11,Active,No,,No,False,False,False,5,True,52,Medium,📧 Follow Up Within 24 Hours,Repeat Complaints
T01228,C0077,Account,Resolved,2026-01-19,2026-01-20,1,Kristina Brown,Enterprise,South,Phone,2026-04-14,Active,No,,No,False,False,False,5,True,52,Medium,📧 Follow Up Within 24 Hours,Repeat Complaints
T01418,C0429,Payment,Resolved,2026-05-30,2026-05-31,1,Chad Lane,Premium,South,Email,2025-08-06,Active,No,,No,False,False,False,5,True,52,Medium,📧 Follow Up Within 24 Hours,Repeat Complaints
T01508,C0203,Payment,Resolved,2026-05-24,2026-05-25,1,Gina Taylor,Premium,West,Chat,2026-05-07,Active,No,,No,False,False,False,5,True,52,Medium,📧 Follow Up Within 24 Hours,Repeat Complaints
T01724,C0056,Login,Resolved,2026-03-29,2026-03-30,1,Carrie Russell,Premium,West,Email,2025-09-22,Active,No,,No,False,False,False,5,True,52,Medium,📧 Follow Up Within 24 Hours,Repeat Complaints
T01759,C0174,Account,Resolved,2026-02-20,2026-02-21,1,Adam Nichols,Enterprise,East,Chat,2025-04-15,Active,No,,No,False,False,False,5,True,52,Medium,📧 Follow Up Within 24 Hours,Repeat Complaints
T01826,C0358,Account,Resolved,2026-06-28,2026-06-29,1,Tyler Sanchez,Premium,East,Phone,2025-08-06,Active,No,,No,False,False,False,5,True,52,Medium,📧 Follow Up Within 24 Hours,Repeat Complaints
T00003,C0361,Technical,Resolved,2026-06-21,2026-06-27,6,Christopher Benitez,Enterprise,West,Chat,2026-04-10,Cancelled,No,,Yes,False,False,True,4,True,52,Medium,📧 Follow Up Within 24 Hours,Repeat Complaints
T00005,C0224,Billing,Resolved,2026-01-20,2026-01-26,6,Patricia Garrison,Basic,North,Phone,2025-09-24,Cancelled,No,,Yes,False,False,True,4,True,52,Medium,📧 Follow Up Within 24 Hours,Repeat Complaints
T00008,C0411,Account,Resolved,2026-06-26,2026-07-02,6,Glenn Johnson,Premium,East,Phone,2026-02-18,Active,No,,No,False,False,False,4,True,52,Medium,📧 Follow Up Within 24 Hours,Repeat Complaints
T00430,C0023,Billing,Resolved,2026-05-01,2026-05-07,6,Teresa Tran,Enterprise,East,Email,2026-03-31,Cancelled,No,,Yes,False,False,True,4,True,52,Medium,📧 Follow Up Within 24 Hours,Repeat Complaints
T00475,C0196,Payment,Resolved,2026-05-05,2026-05-11,6,Debra Perry,Premium,South,Chat,2024-11-30,Cancelled,No,,Yes,False,False,True,4,True,52,Medium,📧 Follow Up Within 24 Hours,Repeat Complaints
T00506,C0453,Login,Resolved,2026-04-07,2026-04-13,6,Danny Mitchell,Enterprise,East,Chat,2026-01-19,Cancelled,No,,Yes,False,False,True,4,True,52,Medium,📧 Follow Up Within 24 Hours,Repeat Complaints
T00638,C0371,Account,Resolved,2026-06-21,2026-06-27,6,Summer Barber,Enterprise,West,Phone,2024-09-27,Active,No,,No,False,False,False,4,True,52,Medium,📧 Follow Up Within 24 Hours,Repeat Complaints
T00675,C0364,Technical,Resolved,2026-06-27,2026-07-03,6,William Anderson,Enterprise,East,Email,2025-05-23,Active,No,,No,False,False,False,4,True,52,Medium,📧 Follow Up Within 24 Hours,Repeat Complaints
T01357,C0410,Payment,Resolved,2026-06-28,2026-07-04,6,Krista Webb,Basic,North,Phone,2025-04-01,Active,No,,No,False,False,False,4,True,52,Medium,📧 Follow Up Within 24 Hours,Repeat Complaints
T01433,C0411,Account,Resolved,2026-02-23,2026-03-01,6,Glenn Johnson,Premium,East,Phone,2026-02-18,Active,No,,No,False,False,False,4,True,52,Medium,📧 Follow Up Within 24 Hours,Repeat Complaints
T01577,C0456,Login,Resolved,2026-06-09,2026-06-15,6,Jason Sanders,Enterprise,South,Chat,2025-06-18,Cancelled,No,,Yes,False,False,True,4,True,52,Medium,📧 Follow Up Within 24 Hours,Repeat Complaints
T01981,C0196,Payment,Resolved,2026-04-24,2026-04-30,6,Debra Perry,Premium,South,Chat,2024-11-30,Cancelled,No,,Yes,False,False,True,4,True,52,Medium,📧 Follow Up Within 24 Hours,Repeat Complaints
T00429,C0346,Billing,Resolved,2026-05-11,2026-05-12,1,Laura Robertson,Premium,South,Phone,2026-05-18,Active,Yes,L1,No,False,True,False,3,True,52,Medium,📧 Follow Up Within 24 Hours,"Escalated Case, Repeat Complaints"
T00519,C0422,Account,Resolved,2026-01-25,2026-01-26,1,Julia Woods,Premium,West,Email,2025-04-03,Active,Yes,L3,No,False,True,False,3,True,52,Medium,📧 Follow Up Within 24 Hours,"Escalated Case, Repeat Complaints"
T00661,C0367,Payment,Resolved,2026-04-17,2026-04-18,1,Charlotte Anderson,Basic,East,Email,2026-01-22,Active,Yes,L2,No,False,True,False,3,True,52,Medium,📧 Follow Up Within 24 Hours,"Escalated Case, Repeat Complaints"
T00785,C0333,Login,Resolved,2026-04-05,2026-04-06,1,Jacqueline Stewart,Basic,North,Chat,2025-09-20,Active,Yes,L1,No,False,True,False,3,True,52,Medium,📧 Follow Up Within 24 Hours,"Escalated Case, Repeat Complaints"
T00930,C0057,Billing,Resolved,2026-01-18,2026-01-19,1,Jennifer Landry,Basic,East,Chat,2024-10-24,Active,Yes,L2,No,False,True,False,3,True,52,Medium,📧 Follow Up Within 24 Hours,"Escalated Case, Repeat Complaints"
T01155,C0182,Technical,Resolved,2026-06-04,2026-06-05,1,Kyle Jones,Enterprise,North,Chat,2025-12-03,Cancelled,Yes,L3,Yes,False,True,True,3,True,52,Medium,📧 Follow Up Within 24 Hours,"Escalated Case, Repeat Complaints"
T01239,C0085,Login,Resolved,2026-05-29,2026-05-30,1,Jill Kirby,Basic,South,Email,2025-07-11,Active,Yes,L1,No,False,True,False,3,True,52,Medium,📧 Follow Up Within 24 Hours,"Escalated Case, Repeat Complaints"
T01855,C0337,Payment,Resolved,2026-04-05,2026-04-06,1,Amanda Sanders,Premium,West,Email,2024-12-28,Active,Yes,L1,No,False,True,False,3,True,52,Medium,📧 Follow Up Within 24 Hours,"Escalated Case, Repeat Complaints"
T00499,C0201,Account,Resolved,2026-06-04,2026-06-10,6,Christopher Wang,Basic,West,Phone,2024-10-13,Active,Yes,L1,No,False,True,False,2,False,52,Medium,📧 Follow Up Within 24 Hours,Escalated Case
T01690,C0450,Login,Resolved,2026-05-10,2026-05-16,6,James Knapp,Basic,East,Phone,2025-01-27,Active,Yes,L2,No,False,True,False,2,False,52,Medium,📧 Follow Up Within 24 Hours,Escalated Case
T01766,C0407,Technical,Resolved,2026-04-07,2026-04-13,6,Heather Brown,Premium,East,Email,2026-08-08,Active,Yes,L1,No,False,True,False,2,False,52,Medium,📧 Follow Up Within 24 Hours,Escalated Case
T01965,C0201,Payment,Resolved,2026-05-02,2026-05-08,6,Christopher Wang,Basic,West,Phone,2024-10-13,Active,Yes,L1,No,False,True,False,2,False,52,Medium,📧 Follow Up Within 24 Hours,Escalated Case
T00014,C0373,Technical,Resolved,2026-02-07,2026-02-12,5,Chelsea Navarro,Basic,North,Phone,2024-11-30,Cancelled,No,,Yes,False,False,True,4,True,50,Medium,📧 Follow Up Within 24 Hours,Repeat Complaints
T00166,C0313,Login,Resolved,2026-03-05,2026-03-10,5,Derek Frazier,Premium,West,Chat,2025-03-22,Active,No,,No,False,False,False,4,True,50,Medium,📧 Follow Up Within 24 Hours,Repeat Complaints
T00180,C0209,Login,Resolved,2026-02-21,2026-02-26,5,Shirley Smith,Premium,South,Chat,2025-03-24,Active,No,,No,False,False,False,4,True,50,Medium,📧 Follow Up Within 24 Hours,Repeat Complaints
T00367,C0413,Billing,Resolved,2026-05-17,2026-05-22,5,Pamela Campbell,Basic,North,Chat,2025-08-04,Active,No,,No,False,False,False,4,True,50,Medium,📧 Follow Up Within 24 Hours,Repeat Complaints
T00469,C0089,Payment,Resolved,2026-02-17,2026-02-22,5,Miranda Jones,Premium,North,Email,2025-01-05,Active,No,,No,False,False,False,4,True,50,Medium,📧 Follow Up Within 24 Hours,Repeat Complaints
T00680,C0344,Billing,Resolved,2026-02-11,2026-02-16,5,Deborah Williams,Premium,West,Chat,2025-01-09,Cancelled,No,,Yes,False,False,True,4,True,50,Medium,📧 Follow Up Within 24 Hours,Repeat Complaints
T00692,C0194,Billing,Resolved,2026-05-23,2026-05-28,5,James Meyer,Premium,West,Chat,2025-07-09,Cancelled,No,,Yes,False,False,True,4,True,50,Medium,📧 Follow Up Within 24 Hours,Repeat Complaints
T00848,C0359,Payment,Resolved,2026-04-13,2026-04-18,5,Mrs. Natalie Guerra DVM,Enterprise,West,Phone,2025-08-11,Active,No,,No,False,False,False,4,True,50,Medium,📧 Follow Up Within 24 Hours,Repeat Complaints
T01067,C0148,Login,Resolved,2026-03-23,2026-03-28,5,Debra Anderson,Basic,West,Chat,2025-07-05,Active,No,,No,False,False,False,4,True,50,Medium,📧 Follow Up Within 24 Hours,Repeat Complaints
T01102,C0457,Technical,Resolved,2026-02-19,2026-02-24,5,Ashley Avila,Premium,South,Chat,2025-06-11,Active,No,,No,False,False,False,4,True,50,Medium,📧 Follow Up Within 24 Hours,Repeat Complaints
T01171,C0065,Account,Resolved,2026-03-13,2026-03-18,5,David Banks,Enterprise,South,Phone,2025-03-08,Active,No,,No,False,False,False,4,True,50,Medium,📧 Follow Up Within 24 Hours,Repeat Complaints
T01309,C0088,Payment,Resolved,2026-04-06,2026-04-11,5,Kelly Taylor,Premium,South,Email,2026-06-25,Active,No,,No,False,False,False,4,True,50,Medium,📧 Follow Up Within 24 Hours,Repeat Complaints
T01375,C0344,Payment,Resolved,2026-02-07,2026-02-12,5,Deborah Williams,Premium,West,Chat,2025-01-09,Cancelled,No,,Yes,False,False,True,4,True,50,Medium,📧 Follow Up Within 24 Hours,Repeat Complaints
T01490,C0026,Login,Resolved,2026-06-03,2026-06-08,5,Richard Kline,Enterprise,North,Phone,2025-01-26,Active,No,,No,False,False,False,4,True,50,Medium,📧 Follow Up Within 24 Hours,Repeat Complaints
T01538,C0062,Payment,Resolved,2026-04-21,2026-04-26,5,Jeffrey Davies,Enterprise,West,Phone,2025-05-20,Cancelled,No,,Yes,False,False,True,4,True,50,Medium,📧 Follow Up Within 24 Hours,Repeat Complaints
T01691,C0453,Payment,Resolved,2026-04-26,2026-05-01,5,Danny Mitchell,Enterprise,East,Chat,2026-01-19,Cancelled,No,,Yes,False,False,True,4,True,50,Medium,📧 Follow Up Within 24 Hours,Repeat Complaints
T01714,C0438,Payment,Resolved,2026-04-15,2026-04-20,5,Kimberly Brown,Enterprise,East,Email,2024-08-18,Cancelled,No,,Yes,False,False,True,4,True,50,Medium,📧 Follow Up Within 24 Hours,Repeat Complaints
T01779,C0456,Login,Resolved,2026-04-06,2026-04-11,5,Jason Sanders,Enterprise,South,Chat,2025-06-18,Cancelled,No,,Yes,False,False,True,4,True,50,Medium,📧 Follow Up Within 24 Hours,Repeat Complaints
T01780,C0282,Billing,Resolved,2026-01-22,2026-01-27,5,Douglas Elliott,Enterprise,North,Email,2025-06-03,Active,No,,No,False,False,False,4,True,50,Medium,📧 Follow Up Within 24 Hours,Repeat Complaints
T01785,C0136,Billing,Resolved,2026-01-22,2026-01-27,5,Daniel Small,Enterprise,South,Chat,2025-09-13,Active,No,,No,False,False,False,4,True,50,Medium,📧 Follow Up Within 24 Hours,Repeat Complaints
T01838,C0088,Billing,Resolved,2026-02-15,2026-02-20,5,Kelly Taylor,Premium,South,Email,2026-06-25,Active,No,,No,False,False,False,4,True,50,Medium,📧 Follow Up Within 24 Hours,Repeat Complaints
T00433,C0469,Payment,Resolved,2026-01-20,2026-01-30,10,Ralph Mclaughlin,Enterprise,West,Phone,2024-10-07,Active,No,,No,False,False,False,3,True,50,Medium,📧 Follow Up Within 24 Hours,"Repeat Complaints, Delayed Resolution"
T00447,C0212,Payment,Resolved,2026-01-22,2026-02-01,10,Tamara James,Premium,West,Phone,2026-04-09,Active,No,,No,False,False,False,3,True,50,Medium,📧 Follow Up Within 24 Hours,"Repeat Complaints, Delayed Resolution"
T00775,C0445,Login,Resolved,2026-04-16,2026-04-26,10,Kelly Wood,Basic,East,Chat,2025-04-07,Active,No,,No,False,False,False,3,True,50,Medium,📧 Follow Up Within 24 Hours,"Repeat Complaints, Delayed Resolution"
T00791,C0132,Technical,Resolved,2026-01-02,2026-01-12,10,Jordan Johnson,Enterprise,West,Phone,2025-11-30,Active,No,,No,False,False,False,3,True,50,Medium,📧 Follow Up Within 24 Hours,"Repeat Complaints, Delayed Resolution"
T00814,C0471,Billing,Resolved,2026-05-24,2026-06-03,10,Juan Daniel,Premium,East,Email,2026-05-05,Active,No,,No,False,False,False,3,True,50,Medium,📧 Follow Up Within 24 Hours,"Repeat Complaints, Delayed Resolution"
T00844,C0195,Account,Resolved,2026-04-03,2026-04-13,10,Elizabeth Robles,Basic,East,Phone,2025-09-26,Active,No,,No,False,False,False,3,True,50,Medium,📧 Follow Up Within 24 Hours,"Repeat Complaints, Delayed Resolution"
T00932,C0055,Login,Resolved,2026-01-09,2026-01-19,10,Gary Powers,Enterprise,North,Phone,2026-07-24,Active,No,,No,False,False,False,3,True,50,Medium,📧 Follow Up Within 24 Hours,"Repeat Complaints, Delayed Resolution"
T00974,C0076,Technical,Resolved,2026-05-02,2026-05-12,10,Kathleen Weeks,Enterprise,West,Email,2025-07-23,Active,No,,No,False,False,False,3,True,50,Medium,📧 Follow Up Within 24 Hours,"Repeat Complaints, Delayed Resolution"
T01058,C0345,Payment,Resolved,2026-06-27,2026-07-07,10,Jamie Gordon,Premium,West,Chat,2024-11-09,Active,No,,No,False,False,False,3,True,50,Medium,📧 Follow Up Within 24 Hours,"Repeat Complaints, Delayed Resolution"
T01070,C0374,Login,Resolved,2026-02-16,2026-02-26,10,Jeffrey Reid,Premium,South,Chat,2024-11-28,Active,No,,No,False,False,False,3,True,50,Medium,📧 Follow Up Within 24 Hours,"Repeat Complaints, Delayed Resolution"
T01342,C0284,Login,Resolved,2026-03-19,2026-03-29,10,Debra Phillips,Basic,North,Phone,2026-08-02,Active,No,,No,False,False,False,3,True,50,Medium,📧 Follow Up Within 24 Hours,"Repeat Complaints, Delayed Resolution"
T01432,C0049,Account,Resolved,2026-01-18,2026-01-28,10,Tanner Gregory,Premium,North,Chat,2026-04-30,Cancelled,No,,Yes,False,False,True,3,True,50,Medium,📧 Follow Up Within 24 Hours,"Repeat Complaints, Delayed Resolution"
T01444,C0422,Payment,Resolved,2026-03-07,2026-03-17,10,Julia Woods,Premium,West,Email,2025-04-03,Active,No,,No,False,False,False,3,True,50,Medium,📧 Follow Up Within 24 Hours,"Repeat Complaints, Delayed Resolution"
T01530,C0337,Billing,Resolved,2026-01-12,2026-01-22,10,Amanda Sanders,Premium,West,Email,2024-12-28,Active,No,,No,False,False,False,3,True,50,Medium,📧 Follow Up Within 24 Hours,"Repeat Complaints, Delayed Resolution"
T01573,C0019,Login,Resolved,2026-05-12,2026-05-22,10,Daniel Hernandez,Basic,North,Email,2025-09-02,Active,No,,No,False,False,False,3,True,50,Medium,📧 Follow Up Within 24 Hours,"Repeat Complaints, Delayed Resolution"
T01643,C0437,Login,Resolved,2026-04-05,2026-04-15,10,Justin Berger,Basic,East,Email,2025-06-18,Active,No,,No,False,False,False,3,True,50,Medium,📧 Follow Up Within 24 Hours,"Repeat Complaints, Delayed Resolution"
T01672,C0193,Billing,Resolved,2026-03-03,2026-03-13,10,Briana Gilbert,Premium,South,Phone,2025-02-22,Active,No,,No,False,False,False,3,True,50,Medium,📧 Follow Up Within 24 Hours,"Repeat Complaints, Delayed Resolution"
T01704,C0019,Payment,Resolved,2026-06-30,2026-07-10,10,Daniel Hernandez,Basic,North,Email,2025-09-02,Active,No,,No,False,False,False,3,True,50,Medium,📧 Follow Up Within 24 Hours,"Repeat Complaints, Delayed Resolution"
T01741,C0409,Billing,Resolved,2026-03-21,2026-03-31,10,Shannon Donaldson MD,Basic,East,Phone,2026-07-10,Active,No,,No,False,False,False,3,True,50,Medium,📧 Follow Up Within 24 Hours,"Repeat Complaints, Delayed Resolution"
T00176,C0125,Billing,Resolved,2026-05-16,2026-05-20,4,Brian Reed,Premium,South,Phone,2025-10-28,Active,No,,No,False,False,False,4,True,48,Medium,📧 Follow Up Within 24 Hours,Repeat Complaints
T00208,C0438,Account,Resolved,2026-06-24,2026-06-28,4,Kimberly Brown,Enterprise,East,Email,2024-08-18,Cancelled,No,,Yes,False,False,True,4,True,48,Medium,📧 Follow Up Within 24 Hours,Repeat Complaints
T00356,C0016,Technical,Resolved,2026-03-12,2026-03-16,4,Jessica Dennis,Basic,West,Email,2026-04-24,Active,No,,No,False,False,False,4,True,48,Medium,📧 Follow Up Within 24 Hours,Repeat Complaints
T00411,C0009,Account,Resolved,2026-03-09,2026-03-13,4,Martha Butler PhD,Premium,East,Email,2025-07-31,Active,No,,No,False,False,False,4,True,48,Medium,📧 Follow Up Within 24 Hours,Repeat Complaints
T00439,C0125,Login,Resolved,2026-05-07,2026-05-11,4,Brian Reed,Premium,South,Phone,2025-10-28,Active,No,,No,False,False,False,4,True,48,Medium,📧 Follow Up Within 24 Hours,Repeat Complaints
T00451,C0359,Payment,Resolved,2026-03-11,2026-03-15,4,Mrs. Natalie Guerra DVM,Enterprise,West,Phone,2025-08-11,Active,No,,No,False,False,False,4,True,48,Medium,📧 Follow Up Within 24 Hours,Repeat Complaints
T00487,C0020,Billing,Resolved,2026-06-04,2026-06-08,4,Nicole Dunlap,Enterprise,South,Chat,2026-07-10,Active,No,,No,False,False,False,4,True,48,Medium,📧 Follow Up Within 24 Hours,Repeat Complaints
T00669,C0452,Login,Resolved,2026-06-05,2026-06-09,4,Ana Mathis,Premium,East,Chat,2024-11-09,Active,No,,No,False,False,False,4,True,48,Medium,📧 Follow Up Within 24 Hours,Repeat Complaints
T00779,C0194,Login,Resolved,2026-01-05,2026-01-09,4,James Meyer,Premium,West,Chat,2025-07-09,Cancelled,No,,Yes,False,False,True,4,True,48,Medium,📧 Follow Up Within 24 Hours,Repeat Complaints
T00865,C0208,Billing,Resolved,2026-03-29,2026-04-02,4,Mary Woods,Premium,East,Chat,2024-09-20,Active,No,,No,False,False,False,4,True,48,Medium,📧 Follow Up Within 24 Hours,Repeat Complaints
T00988,C0157,Login,Resolved,2026-03-26,2026-03-30,4,Michael Miller,Basic,West,Chat,2026-05-24,Active,No,,No,False,False,False,4,True,48,Medium,📧 Follow Up Within 24 Hours,Repeat Complaints
T01047,C0148,Technical,Resolved,2026-02-03,2026-02-07,4,Debra Anderson,Basic,West,Chat,2025-07-05,Active,No,,No,False,False,False,4,True,48,Medium,📧 Follow Up Within 24 Hours,Repeat Complaints
T01050,C0414,Billing,Resolved,2026-05-07,2026-05-11,4,Jon Romero,Premium,North,Email,2026-03-23,Cancelled,No,,Yes,False,False,True,4,True,48,Medium,📧 Follow Up Within 24 Hours,Repeat Complaints
T01264,C0092,Login,Resolved,2026-04-28,2026-05-02,4,Christopher Clark,Premium,West,Email,2026-04-16,Cancelled,No,,Yes,False,False,True,4,True,48,Medium,📧 Follow Up Within 24 Hours,Repeat Complaints
T01732,C0206,Billing,Resolved,2026-04-16,2026-04-20,4,Kelly Wright,Premium,North,Phone,2026-07-31,Active,No,,No,False,False,False,4,True,48,Medium,📧 Follow Up Within 24 Hours,Repeat Complaints
T00098,C0014,Technical,Resolved,2026-04-10,2026-04-19,9,Valerie House,Premium,East,Email,2026-01-19,Active,No,,No,False,False,False,3,True,48,Medium,📧 Follow Up Within 24 Hours,"Repeat Complaints, Delayed Resolution"
T00405,C0449,Payment,Resolved,2026-06-05,2026-06-14,9,Justin Andrews,Enterprise,West,Email,2026-03-20,Active,No,,No,False,False,False,3,True,48,Medium,📧 Follow Up Within 24 Hours,"Repeat Complaints, Delayed Resolution"
T00431,C0197,Technical,Resolved,2026-01-10,2026-01-19,9,Danielle Richardson,Premium,North,Phone,2024-10-22,Active,No,,No,False,False,False,3,True,48,Medium,📧 Follow Up Within 24 Hours,"Repeat Complaints, Delayed Resolution"
T00580,C0465,Payment,Resolved,2026-02-13,2026-02-22,9,Virginia Harvey,Enterprise,East,Email,2026-03-12,Cancelled,No,,Yes,False,False,True,3,True,48,Medium,📧 Follow Up Within 24 Hours,"Repeat Complaints, Delayed Resolution"
T00761,C0265,Payment,Resolved,2026-02-27,2026-03-08,9,Ashley Stevenson,Enterprise,West,Chat,2025-06-11,Active,No,,No,False,False,False,3,True,48,Medium,📧 Follow Up Within 24 Hours,"Repeat Complaints, Delayed Resolution"
T00808,C0225,Billing,Resolved,2026-06-18,2026-06-27,9,Dawn Branch,Basic,North,Email,2025-09-23,Active,No,,No,False,False,False,3,True,48,Medium,📧 Follow Up Within 24 Hours,"Repeat Complaints, Delayed Resolution"
T00842,C0441,Technical,Resolved,2026-01-31,2026-02-09,9,Amy Trevino,Basic,North,Chat,2026-01-02,Active,No,,No,False,False,False,3,True,48,Medium,📧 Follow Up Within 24 Hours,"Repeat Complaints, Delayed Resolution"
T01042,C0325,Payment,Resolved,2026-04-09,2026-04-18,9,Colleen Moyer,Basic,South,Phone,2025-06-28,Cancelled,No,,Yes,False,False,True,3,True,48,Medium,📧 Follow Up Within 24 Hours,"Repeat Complaints, Delayed Resolution"
T01128,C0221,Login,Resolved,2026-03-29,2026-04-07,9,Lauren Wells,Premium,East,Email,2026-06-22,Active,No,,No,False,False,False,3,True,48,Medium,📧 Follow Up Within 24 Hours,"Repeat Complaints, Delayed Resolution"
T01360,C0175,Technical,Resolved,2026-02-09,2026-02-18,9,Nicole Wood,Premium,West,Phone,2025-04-03,Active,No,,No,False,False,False,3,True,48,Medium,📧 Follow Up Within 24 Hours,"Repeat Complaints, Delayed Resolution"
T01657,C0293,Payment,Resolved,2026-02-01,2026-02-10,9,Angela Taylor,Basic,South,Email,2024-08-10,Active,No,,No,False,False,False,3,True,48,Medium,📧 Follow Up Within 24 Hours,"Repeat Complaints, Delayed Resolution"
T01665,C0175,Login,Resolved,2026-01-07,2026-01-16,9,Nicole Wood,Premium,West,Phone,2025-04-03,Active,No,,No,False,False,False,3,True,48,Medium,📧 Follow Up Within 24 Hours,"Repeat Complaints, Delayed Resolution"
T01842,C0111,Login,Resolved,2026-06-12,2026-06-21,9,Crystal Adams,Enterprise,East,Chat,2025-09-16,Active,No,,No,False,False,False,3,True,48,Medium,📧 Follow Up Within 24 Hours,"Repeat Complaints, Delayed Resolution"
T01873,C0369,Technical,Resolved,2026-04-08,2026-04-17,9,Mary Armstrong,Premium,East,Chat,2024-10-14,Active,No,,No,False,False,False,3,True,48,Medium,📧 Follow Up Within 24 Hours,"Repeat Complaints, Delayed Resolution"
T01902,C0425,Login,Resolved,2026-03-19,2026-03-28,9,Nathaniel Lopez,Premium,East,Email,2025-05-17,Active,No,,No,False,False,False,3,True,48,Medium,📧 Follow Up Within 24 Hours,"Repeat Complaints, Delayed Resolution"
T01188,C0336,Account,Resolved,2026-06-22,2026-06-26,4,Danielle Clark,Enterprise,East,Chat,2025-05-31,Active,Yes,L3,No,False,True,False,2,False,48,Medium,📧 Follow Up Within 24 Hours,Escalated Case
T01810,C0017,Account,Resolved,2026-02-17,2026-02-21,4,Audrey Mcneil,Enterprise,East,Phone,2025-06-25,Active,Yes,L2,No,False,True,False,2,False,48,Medium,📧 Follow Up Within 24 Hours,Escalated Case
T01827,C0123,Technical,Resolved,2026-06-10,2026-06-19,9,Joshua Rogers,Enterprise,South,Chat,2024-10-12,Active,Yes,L3,No,False,True,False,1,False,48,Medium,📧 Follow Up Within 24 Hours,"Escalated Case, Delayed Resolution"
T00145,C0423,Account,Resolved,2026-01-31,2026-02-03,3,Teresa Torres,Premium,North,Phone,2026-02-11,Active,No,,No,False,False,False,4,True,46,Medium,📧 Follow Up Within 24 Hours,Repeat Complaints
T00457,C0309,Billing,Resolved,2026-03-25,2026-03-28,3,Amy Tran,Enterprise,East,Phone,2025-05-23,Active,No,,No,False,False,False,4,True,46,Medium,📧 Follow Up Within 24 Hours,Repeat Complaints
T00505,C0025,Login,Resolved,2026-04-18,2026-04-21,3,Shane Green,Enterprise,East,Phone,2025-03-25,Active,No,,No,False,False,False,4,True,46,Medium,📧 Follow Up Within 24 Hours,Repeat Complaints
T00517,C0202,Account,Resolved,2026-05-06,2026-05-09,3,Sue Murray,Basic,South,Email,2025-10-22,Cancelled,No,,Yes,False,False,True,4,True,46,Medium,📧 Follow Up Within 24 Hours,Repeat Complaints
T00753,C0229,Technical,Resolved,2026-05-25,2026-05-28,3,Sean Hart,Basic,West,Phone,2025-02-18,Active,No,,No,False,False,False,4,True,46,Medium,📧 Follow Up Within 24 Hours,Repeat Complaints
T00839,C0144,Login,Resolved,2026-05-28,2026-05-31,3,Kristin Wood,Premium,West,Phone,2025-05-08,Active,No,,No,False,False,False,4,True,46,Medium,📧 Follow Up Within 24 Hours,Repeat Complaints
T00900,C0137,Login,Resolved,2026-05-01,2026-05-04,3,Tammy Hill,Basic,North,Chat,2024-12-14,Active,No,,No,False,False,False,4,True,46,Medium,📧 Follow Up Within 24 Hours,Repeat Complaints
T01045,C0447,Technical,Resolved,2026-02-07,2026-02-10,3,Michael Walter,Premium,West,Chat,2026-06-25,Active,No,,No,False,False,False,4,True,46,Medium,📧 Follow Up Within 24 Hours,Repeat Complaints
T01147,C0208,Login,Resolved,2026-02-24,2026-02-27,3,Mary Woods,Premium,East,Chat,2024-09-20,Active,No,,No,False,False,False,4,True,46,Medium,📧 Follow Up Within 24 Hours,Repeat Complaints
T01366,C0456,Account,Resolved,2026-03-29,2026-04-01,3,Jason Sanders,Enterprise,South,Chat,2025-06-18,Cancelled,No,,Yes,False,False,True,4,True,46,Medium,📧 Follow Up Within 24 Hours,Repeat Complaints
T01603,C0126,Login,Resolved,2026-05-10,2026-05-13,3,Lisa Phillips,Enterprise,East,Phone,2024-09-29,Active,No,,No,False,False,False,4,True,46,Medium,📧 Follow Up Within 24 Hours,Repeat Complaints
T01991,C0495,Billing,Resolved,2026-06-03,2026-06-06,3,James Harris,Basic,East,Phone,2025-02-05,Active,No,,No,False,False,False,4,True,46,Medium,📧 Follow Up Within 24 Hours,Repeat Complaints
T00273,C0048,Login,Resolved,2026-05-22,2026-05-30,8,Edgar Townsend,Enterprise,East,Phone,2024-08-28,Active,No,,No,False,False,False,3,True,46,Medium,📧 Follow Up Within 24 Hours,"Repeat Complaints, Delayed Resolution"
T00299,C0087,Technical,Resolved,2026-03-10,2026-03-18,8,Tamara Garcia,Premium,South,Chat,2025-06-17,Active,No,,No,False,False,False,3,True,46,Medium,📧 Follow Up Within 24 Hours,"Repeat Complaints, Delayed Resolution"
T00585,C0134,Account,Resolved,2026-01-31,2026-02-08,8,Emily Parker,Enterprise,South,Phone,2025-08-15,Active,No,,No,False,False,False,3,True,46,Medium,📧 Follow Up Within 24 Hours,"Repeat Complaints, Delayed Resolution"
T00635,C0248,Login,Resolved,2026-04-16,2026-04-24,8,Gary Perry,Basic,North,Chat,2025-08-26,Active,No,,No,False,False,False,3,True,46,Medium,📧 Follow Up Within 24 Hours,"Repeat Complaints, Delayed Resolution"
T01344,C0014,Billing,Resolved,2026-03-18,2026-03-26,8,Valerie House,Premium,East,Email,2026-01-19,Active,No,,No,False,False,False,3,True,46,Medium,📧 Follow Up Within 24 Hours,"Repeat Complaints, Delayed Resolution"
T01426,C0293,Login,Resolved,2026-01-26,2026-02-03,8,Angela Taylor,Basic,South,Email,2024-08-10,Active,No,,No,False,False,False,3,True,46,Medium,📧 Follow Up Within 24 Hours,"Repeat Complaints, Delayed Resolution"
T01509,C0298,Technical,Resolved,2026-05-09,2026-05-17,8,April Foster,Premium,North,Phone,2025-10-26,Active,No,,No,False,False,False,3,True,46,Medium,📧 Follow Up Within 24 Hours,"Repeat Complaints, Delayed Resolution"
T01695,C0345,Technical,Resolved,2026-06-28,2026-07-06,8,Jamie Gordon,Premium,West,Chat,2024-11-09,Active,No,,No,False,False,False,3,True,46,Medium,📧 Follow Up Within 24 Hours,"Repeat Complaints, Delayed Resolution"
T01751,C0084,Billing,Resolved,2026-01-11,2026-01-19,8,Jerry Bowers,Premium,East,Email,2024-09-25,Active,No,,No,False,False,False,3,True,46,Medium,📧 Follow Up Within 24 Hours,"Repeat Complaints, Delayed Resolution"
T01777,C0333,Billing,Resolved,2026-02-21,2026-03-01,8,Jacqueline Stewart,Basic,North,Chat,2025-09-20,Active,No,,No,False,False,False,3,True,46,Medium,📧 Follow Up Within 24 Hours,"Repeat Complaints, Delayed Resolution"
T01782,C0239,Account,Resolved,2026-04-20,2026-04-28,8,Tiffany Lambert,Basic,East,Phone,2024-11-29,Cancelled,No,,Yes,False,False,True,3,True,46,Medium,📧 Follow Up Within 24 Hours,"Repeat Complaints, Delayed Resolution"
T01814,C0081,Billing,Resolved,2026-04-18,2026-04-26,8,Linda Maldonado,Premium,East,Chat,2025-11-23,Active,No,,No,False,False,False,3,True,46,Medium,📧 Follow Up Within 24 Hours,"Repeat Complaints, Delayed Resolution"
T00628,C0450,Billing,Resolved,2026-03-29,2026-04-01,3,James Knapp,Basic,East,Phone,2025-01-27,Active,Yes,L2,No,False,True,False,2,False,46,Medium,📧 Follow Up Within 24 Hours,Escalated Case
T01912,C0291,Technical,Resolved,2026-01-16,2026-01-19,3,Peter Hernandez,Enterprise,North,Email,2024-08-10,Active,Yes,L3,No,False,True,False,2,False,46,Medium,📧 Follow Up Within 24 Hours,Escalated Case
T00383,C0458,Billing,Resolved,2026-06-10,2026-06-18,8,Kristina Jones,Premium,West,Chat,2026-02-06,Active,Yes,L1,No,False,True,False,1,False,46,Medium,📧 Follow Up Within 24 Hours,"Escalated Case, Delayed Resolution"
T01828,C0150,Billing,Resolved,2026-02-25,2026-03-05,8,Theresa Lewis,Basic,South,Chat,2025-03-27,Active,Yes,L3,No,False,True,False,1,False,46,Medium,📧 Follow Up Within 24 Hours,"Escalated Case, Delayed Resolution"
T00321,C0360,Account,Resolved,2026-01-22,2026-01-24,2,Jennifer Gomez,Basic,East,Phone,2025-04-23,Active,No,,No,False,False,False,4,True,44,Medium,📧 Follow Up Within 24 Hours,Repeat Complaints
T00452,C0039,Technical,Resolved,2026-05-30,2026-06-01,2,David Schmidt,Enterprise,West,Phone,2025-07-19,Active,No,,No,False,False,False,4,True,44,Medium,📧 Follow Up Within 24 Hours,Repeat Complaints
T00464,C0352,Billing,Resolved,2026-03-08,2026-03-10,2,Jason Anderson,Basic,South,Phone,2024-11-25,Active,No,,No,False,False,False,4,True,44,Medium,📧 Follow Up Within 24 Hours,Repeat Complaints
T00503,C0229,Billing,Resolved,2026-03-05,2026-03-07,2,Sean Hart,Basic,West,Phone,2025-02-18,Active,No,,No,False,False,False,4,True,44,Medium,📧 Follow Up Within 24 Hours,Repeat Complaints
T00509,C0151,Billing,Resolved,2026-01-27,2026-01-29,2,Daniel Cunningham,Premium,East,Email,2025-05-08,Active,No,,No,False,False,False,4,True,44,Medium,📧 Follow Up Within 24 Hours,Repeat Complaints
T00572,C0145,Payment,Resolved,2026-05-04,2026-05-06,2,Amanda Lawrence,Enterprise,South,Chat,2026-06-15,Active,No,,No,False,False,False,4,True,44,Medium,📧 Follow Up Within 24 Hours,Repeat Complaints
T00744,C0457,Account,Resolved,2026-06-10,2026-06-12,2,Ashley Avila,Premium,South,Chat,2025-06-11,Active,No,,No,False,False,False,4,True,44,Medium,📧 Follow Up Within 24 Hours,Repeat Complaints
T00782,C0020,Account,Resolved,2026-01-31,2026-02-02,2,Nicole Dunlap,Enterprise,South,Chat,2026-07-10,Active,No,,No,False,False,False,4,True,44,Medium,📧 Follow Up Within 24 Hours,Repeat Complaints
T00870,C0373,Technical,Resolved,2026-06-29,2026-07-01,2,Chelsea Navarro,Basic,North,Phone,2024-11-30,Cancelled,No,,Yes,False,False,True,4,True,44,Medium,📧 Follow Up Within 24 Hours,Repeat Complaints
T01103,C0142,Account,Resolved,2026-04-23,2026-04-25,2,Janet Moran,Basic,South,Chat,2024-11-27,Active,No,,No,False,False,False,4,True,44,Medium,📧 Follow Up Within 24 Hours,Repeat Complaints
T01162,C0126,Login,Resolved,2026-06-19,2026-06-21,2,Lisa Phillips,Enterprise,East,Phone,2024-09-29,Active,No,,No,False,False,False,4,True,44,Medium,📧 Follow Up Within 24 Hours,Repeat Complaints
T01461,C0029,Login,Resolved,2026-06-29,2026-07-01,2,Sarah Williams,Premium,West,Chat,2026-04-20,Active,No,,No,False,False,False,4,True,44,Medium,📧 Follow Up Within 24 Hours,Repeat Complaints
T01476,C0423,Technical,Resolved,2026-05-10,2026-05-12,2,Teresa Torres,Premium,North,Phone,2026-02-11,Active,No,,No,False,False,False,4,True,44,Medium,📧 Follow Up Within 24 Hours,Repeat Complaints
T01527,C0146,Billing,Resolved,2026-06-01,2026-06-03,2,April Anderson,Basic,North,Chat,2024-11-14,Active,No,,No,False,False,False,4,True,44,Medium,📧 Follow Up Within 24 Hours,Repeat Complaints
T01626,C0133,Account,Resolved,2026-01-13,2026-01-15,2,Kyle Patterson DVM,Basic,North,Email,2026-06-10,Active,No,,No,False,False,False,4,True,44,Medium,📧 Follow Up Within 24 Hours,Repeat Complaints
T01631,C0366,Login,Resolved,2026-03-05,2026-03-07,2,Joseph Gonzalez,Basic,North,Chat,2025-06-26,Active,No,,No,False,False,False,4,True,44,Medium,📧 Follow Up Within 24 Hours,Repeat Complaints
T01852,C0481,Login,Resolved,2026-02-24,2026-02-26,2,Regina Freeman,Basic,South,Email,2024-09-02,Active,No,,No,False,False,False,4,True,44,Medium,📧 Follow Up Within 24 Hours,Repeat Complaints
T00085,C0474,Account,Resolved,2026-01-22,2026-01-29,7,Matthew Small,Basic,East,Phone,2026-08-01,Active,No,,No,False,False,False,3,True,44,Medium,📧 Follow Up Within 24 Hours,Repeat Complaints
T00192,C0424,Login,Resolved,2026-01-23,2026-01-30,7,Michael Dean,Premium,East,Email,2024-10-31,Active,No,,No,False,False,False,3,True,44,Medium,📧 Follow Up Within 24 Hours,Repeat Complaints
T00337,C0409,Login,Resolved,2026-02-17,2026-02-24,7,Shannon Donaldson MD,Basic,East,Phone,2026-07-10,Active,No,,No,False,False,False,3,True,44,Medium,📧 Follow Up Within 24 Hours,Repeat Complaints
T00522,C0251,Payment,Resolved,2026-05-20,2026-05-27,7,Stephanie Mcdowell,Basic,West,Chat,2025-11-03,Cancelled,No,,Yes,False,False,True,3,True,44,Medium,📧 Follow Up Within 24 Hours,Repeat Complaints
T00640,C0222,Technical,Resolved,2026-06-19,2026-06-26,7,Kevin Rose,Premium,North,Phone,2026-02-05,Active,No,,No,False,False,False,3,True,44,Medium,📧 Follow Up Within 24 Hours,Repeat Complaints
T00659,C0131,Account,Resolved,2026-01-31,2026-02-07,7,Joshua Watkins,Enterprise,West,Phone,2024-09-02,Active,No,,No,False,False,False,3,True,44,Medium,📧 Follow Up Within 24 Hours,Repeat Complaints
T00889,C0425,Login,Resolved,2026-01-21,2026-01-28,7,Nathaniel Lopez,Premium,East,Email,2025-05-17,Active,No,,No,False,False,False,3,True,44,Medium,📧 Follow Up Within 24 Hours,Repeat Complaints
T01110,C0055,Login,Resolved,2026-04-20,2026-04-27,7,Gary Powers,Enterprise,North,Phone,2026-07-24,Active,No,,No,False,False,False,3,True,44,Medium,📧 Follow Up Within 24 Hours,Repeat Complaints
T01118,C0441,Account,Resolved,2026-04-04,2026-04-11,7,Amy Trevino,Basic,North,Chat,2026-01-02,Active,No,,No,False,False,False,3,True,44,Medium,📧 Follow Up Within 24 Hours,Repeat Complaints
T01146,C0222,Account,Resolved,2026-03-23,2026-03-30,7,Kevin Rose,Premium,North,Phone,2026-02-05,Active,No,,No,False,False,False,3,True,44,Medium,📧 Follow Up Within 24 Hours,Repeat Complaints
T01225,C0019,Payment,Resolved,2026-01-11,2026-01-18,7,Daniel Hernandez,Basic,North,Email,2025-09-02,Active,No,,No,False,False,False,3,True,44,Medium,📧 Follow Up Within 24 Hours,Repeat Complaints
T01317,C0274,Payment,Resolved,2026-01-07,2026-01-14,7,Elizabeth Torres,Basic,North,Phone,2025-04-04,Active,No,,No,False,False,False,3,True,44,Medium,📧 Follow Up Within 24 Hours,Repeat Complaints
T01323,C0072,Account,Resolved,2026-01-07,2026-01-14,7,Julie Reyes,Basic,North,Email,2024-12-21,Active,No,,No,False,False,False,3,True,44,Medium,📧 Follow Up Within 24 Hours,Repeat Complaints
T01408,C0221,Billing,Resolved,2026-03-22,2026-03-29,7,Lauren Wells,Premium,East,Email,2026-06-22,Active,No,,No,False,False,False,3,True,44,Medium,📧 Follow Up Within 24 Hours,Repeat Complaints
T01453,C0460,Payment,Resolved,2026-01-24,2026-01-31,7,William Deleon,Premium,East,Phone,2025-11-29,Active,No,,No,False,False,False,3,True,44,Medium,📧 Follow Up Within 24 Hours,Repeat Complaints
T01675,C0284,Login,Resolved,2026-01-08,2026-01-15,7,Debra Phillips,Basic,North,Phone,2026-08-02,Active,No,,No,False,False,False,3,True,44,Medium,📧 Follow Up Within 24 Hours,Repeat Complaints
T01881,C0140,Login,Resolved,2026-04-03,2026-04-10,7,Jordan Sanchez,Basic,East,Phone,2025-06-20,Cancelled,No,,Yes,False,False,True,3,True,44,Medium,📧 Follow Up Within 24 Hours,Repeat Complaints
T01906,C0417,Technical,Resolved,2026-02-23,2026-03-02,7,Michael Hawkins,Enterprise,West,Phone,2025-11-19,Active,No,,No,False,False,False,3,True,44,Medium,📧 Follow Up Within 24 Hours,Repeat Complaints
T00415,C0316,Technical,Resolved,2026-03-21,2026-03-23,2,Tammy Williams,Premium,West,Chat,2025-04-07,Cancelled,Yes,L2,Yes,False,True,True,2,False,44,Medium,📧 Follow Up Within 24 Hours,Escalated Case
T00419,C0030,Technical,Resolved,2026-04-22,2026-04-24,2,John Reed,Enterprise,South,Phone,2026-06-26,Active,Yes,L1,No,False,True,False,2,False,44,Medium,📧 Follow Up Within 24 Hours,Escalated Case
T01232,C0234,Account,Resolved,2026-06-01,2026-06-03,2,Kimberly Young,Enterprise,West,Chat,2026-02-16,Active,Yes,L3,No,False,True,False,2,False,44,Medium,📧 Follow Up Within 24 Hours,Escalated Case
T01570,C0292,Login,Resolved,2026-01-03,2026-01-05,2,Tyler Clay,Basic,South,Phone,2025-08-30,Active,Yes,L1,No,False,True,False,2,False,44,Medium,📧 Follow Up Within 24 Hours,Escalated Case
T00951,C0312,Technical,Resolved,2026-02-24,2026-03-03,7,Lisa Lee,Premium,North,Email,2025-10-16,Active,Yes,L2,No,False,True,False,1,False,44,Medium,📧 Follow Up Within 24 Hours,Escalated Case
T01210,C0200,Payment,Resolved,2026-03-26,2026-04-02,7,Jennifer Richardson,Basic,South,Email,2025-05-11,Active,Yes,L1,No,False,True,False,1,False,44,Medium,📧 Follow Up Within 24 Hours,Escalated Case
T01908,C0001,Billing,Resolved,2026-06-28,2026-07-05,7,John Gibson,Enterprise,North,Email,2026-01-16,Cancelled,Yes,L2,Yes,False,True,True,1,False,44,Medium,📧 Follow Up Within 24 Hours,Escalated Case
T00050,C0411,Account,Resolved,2026-03-06,2026-03-07,1,Glenn Johnson,Premium,East,Phone,2026-02-18,Active,No,,No,False,False,False,4,True,42,Medium,📧 Follow Up Within 24 Hours,Repeat Complaints
T00132,C0137,Login,Resolved,2026-01-25,2026-01-26,1,Tammy Hill,Basic,North,Chat,2024-12-14,Active,No,,No,False,False,False,4,True,42,Medium,📧 Follow Up Within 24 Hours,Repeat Complaints
T00148,C0309,Account,Resolved,2026-01-11,2026-01-12,1,Amy Tran,Enterprise,East,Phone,2025-05-23,Active,No,,No,False,False,False,4,True,42,Medium,📧 Follow Up Within 24 Hours,Repeat Complaints
T00155,C0214,Account,Resolved,2026-06-26,2026-06-27,1,Jessica Lowe,Enterprise,North,Chat,2024-12-17,Active,No,,No,False,False,False,4,True,42,Medium,📧 Follow Up Within 24 Hours,Repeat Complaints
T00178,C0368,Login,Resolved,2026-02-05,2026-02-06,1,Paige Larsen,Basic,East,Email,2026-08-04,Active,No,,No,False,False,False,4,True,42,Medium,📧 Follow Up Within 24 Hours,Repeat Complaints
T00352,C0162,Login,Resolved,2026-04-02,2026-04-03,1,Laura Brooks,Enterprise,South,Chat,2025-07-14,Active,No,,No,False,False,False,4,True,42,Medium,📧 Follow Up Within 24 Hours,Repeat Complaints
T00570,C0423,Account,Resolved,2026-01-27,2026-01-28,1,Teresa Torres,Premium,North,Phone,2026-02-11,Active,No,,No,False,False,False,4,True,42,Medium,📧 Follow Up Within 24 Hours,Repeat Complaints
T00925,C0398,Account,Resolved,2026-02-17,2026-02-18,1,Lisa Hughes,Enterprise,East,Email,2026-01-26,Active,No,,No,False,False,False,4,True,42,Medium,📧 Follow Up Within 24 Hours,Repeat Complaints
T00955,C0009,Account,Resolved,2026-03-19,2026-03-20,1,Martha Butler PhD,Premium,East,Email,2025-07-31,Active,No,,No,False,False,False,4,True,42,Medium,📧 Follow Up Within 24 Hours,Repeat Complaints
T01202,C0398,Billing,Resolved,2026-03-27,2026-03-28,1,Lisa Hughes,Enterprise,East,Email,2026-01-26,Active,No,,No,False,False,False,4,True,42,Medium,📧 Follow Up Within 24 Hours,Repeat Complaints
T01558,C0133,Billing,Resolved,2026-01-05,2026-01-06,1,Kyle Patterson DVM,Basic,North,Email,2026-06-10,Active,No,,No,False,False,False,4,True,42,Medium,📧 Follow Up Within 24 Hours,Repeat Complaints
T01563,C0065,Technical,Resolved,2026-01-29,2026-01-30,1,David Banks,Enterprise,South,Phone,2025-03-08,Active,No,,No,False,False,False,4,True,42,Medium,📧 Follow Up Within 24 Hours,Repeat Complaints
T01611,C0396,Technical,Resolved,2026-04-11,2026-04-12,1,Lisa Fowler,Premium,South,Email,2025-12-30,Active,No,,No,False,False,False,4,True,42,Medium,📧 Follow Up Within 24 Hours,Repeat Complaints
T01645,C0157,Payment,Resolved,2026-05-05,2026-05-06,1,Michael Miller,Basic,West,Chat,2026-05-24,Active,No,,No,False,False,False,4,True,42,Medium,📧 Follow Up Within 24 Hours,Repeat Complaints
T01713,C0453,Login,Resolved,2026-04-20,2026-04-21,1,Danny Mitchell,Enterprise,East,Chat,2026-01-19,Cancelled,No,,Yes,False,False,True,4,True,42,Medium,📧 Follow Up Within 24 Hours,Repeat Complaints
T01754,C0414,Login,Resolved,2026-02-17,2026-02-18,1,Jon Romero,Premium,North,Email,2026-03-23,Cancelled,No,,Yes,False,False,True,4,True,42,Medium,📧 Follow Up Within 24 Hours,Repeat Complaints
T01968,C0202,Billing,Resolved,2026-05-29,2026-05-30,1,Sue Murray,Basic,South,Email,2025-10-22,Cancelled,No,,Yes,False,False,True,4,True,42,Medium,📧 Follow Up Within 24 Hours,Repeat Complaints
T01987,C0366,Account,Resolved,2026-06-29,2026-06-30,1,Joseph Gonzalez,Basic,North,Chat,2025-06-26,Active,No,,No,False,False,False,4,True,42,Medium,📧 Follow Up Within 24 Hours,Repeat Complaints
T00093,C0018,Technical,Resolved,2026-06-15,2026-06-21,6,Richard Davis,Enterprise,East,Phone,2024-09-03,Cancelled,No,,Yes,False,False,True,3,True,42,Medium,📧 Follow Up Within 24 Hours,Repeat Complaints
T00113,C0038,Login,Resolved,2026-05-13,2026-05-19,6,Sabrina Ayala,Enterprise,East,Phone,2024-08-21,Active,No,,No,False,False,False,3,True,42,Medium,📧 Follow Up Within 24 Hours,Repeat Complaints
T00233,C0321,Login,Resolved,2026-01-13,2026-01-19,6,Joann Franklin,Basic,East,Chat,2025-07-18,Active,No,,No,False,False,False,3,True,42,Medium,📧 Follow Up Within 24 Hours,Repeat Complaints
T00254,C0369,Login,Resolved,2026-02-20,2026-02-26,6,Mary Armstrong,Premium,East,Chat,2024-10-14,Active,No,,No,False,False,False,3,True,42,Medium,📧 Follow Up Within 24 Hours,Repeat Complaints
T00295,C0182,Account,Resolved,2026-06-03,2026-06-09,6,Kyle Jones,Enterprise,North,Chat,2025-12-03,Cancelled,No,,Yes,False,False,True,3,True,42,Medium,📧 Follow Up Within 24 Hours,Repeat Complaints
T00343,C0135,Login,Resolved,2026-06-13,2026-06-19,6,Vickie Guerrero,Basic,East,Phone,2025-07-16,Active,No,,No,False,False,False,3,True,42,Medium,📧 Follow Up Within 24 Hours,Repeat Complaints
T00378,C0375,Login,Resolved,2026-06-28,2026-07-04,6,Nicholas Vincent,Enterprise,South,Email,2025-02-22,Active,No,,No,False,False,False,3,True,42,Medium,📧 Follow Up Within 24 Hours,Repeat Complaints
T00401,C0374,Login,Resolved,2026-04-20,2026-04-26,6,Jeffrey Reid,Premium,South,Chat,2024-11-28,Active,No,,No,False,False,False,3,True,42,Medium,📧 Follow Up Within 24 Hours,Repeat Complaints
T00511,C0375,Billing,Resolved,2026-01-24,2026-01-30,6,Nicholas Vincent,Enterprise,South,Email,2025-02-22,Active,No,,No,False,False,False,3,True,42,Medium,📧 Follow Up Within 24 Hours,Repeat Complaints
T00777,C0320,Account,Resolved,2026-06-25,2026-07-01,6,John Carter,Premium,North,Chat,2025-10-24,Active,No,,No,False,False,False,3,True,42,Medium,📧 Follow Up Within 24 Hours,Repeat Complaints
T00913,C0081,Login,Resolved,2026-06-08,2026-06-14,6,Linda Maldonado,Premium,East,Chat,2025-11-23,Active,No,,No,False,False,False,3,True,42,Medium,📧 Follow Up Within 24 Hours,Repeat Complaints
T01000,C0382,Technical,Resolved,2026-06-25,2026-07-01,6,Tiffany Patel,Basic,West,Chat,2026-02-17,Active,No,,No,False,False,False,3,True,42,Medium,📧 Follow Up Within 24 Hours,Repeat Complaints
T01185,C0350,Billing,Resolved,2026-05-17,2026-05-23,6,Rebecca Johnson,Premium,West,Phone,2025-06-26,Active,No,,No,False,False,False,3,True,42,Medium,📧 Follow Up Within 24 Hours,Repeat Complaints
T01285,C0441,Billing,Resolved,2026-06-26,2026-07-02,6,Amy Trevino,Basic,North,Chat,2026-01-02,Active,No,,No,False,False,False,3,True,42,Medium,📧 Follow Up Within 24 Hours,Repeat Complaints
T01290,C0197,Payment,Resolved,2026-01-11,2026-01-17,6,Danielle Richardson,Premium,North,Phone,2024-10-22,Active,No,,No,False,False,False,3,True,42,Medium,📧 Follow Up Within 24 Hours,Repeat Complaints
T01331,C0190,Login,Resolved,2026-03-14,2026-03-20,6,Robert Lam,Premium,South,Chat,2025-03-19,Active,No,,No,False,False,False,3,True,42,Medium,📧 Follow Up Within 24 Hours,Repeat Complaints
T01648,C0094,Login,Resolved,2026-05-21,2026-05-27,6,Jose Hudson,Premium,North,Chat,2026-01-08,Active,No,,No,False,False,False,3,True,42,Medium,📧 Follow Up Within 24 Hours,Repeat Complaints
T01670,C0014,Billing,Resolved,2026-01-26,2026-02-01,6,Valerie House,Premium,East,Email,2026-01-19,Active,No,,No,False,False,False,3,True,42,Medium,📧 Follow Up Within 24 Hours,Repeat Complaints
T01753,C0239,Account,Resolved,2026-05-04,2026-05-10,6,Tiffany Lambert,Basic,East,Phone,2024-11-29,Cancelled,No,,Yes,False,False,True,3,True,42,Medium,📧 Follow Up Within 24 Hours,Repeat Complaints
T01860,C0171,Technical,Resolved,2026-06-26,2026-07-02,6,Cheryl Sims,Enterprise,East,Chat,2024-11-21,Active,No,,No,False,False,False,3,True,42,Medium,📧 Follow Up Within 24 Hours,Repeat Complaints
T01922,C0220,Payment,Resolved,2026-03-29,2026-04-04,6,Madeline Aguirre,Premium,West,Chat,2025-11-12,Active,No,,No,False,False,False,3,True,42,Medium,📧 Follow Up Within 24 Hours,Repeat Complaints
T00993,C0405,Account,Resolved,2026-04-30,2026-05-01,1,Nicole Garcia,Basic,West,Chat,2025-10-24,Active,Yes,L2,No,False,True,False,2,False,42,Medium,📧 Follow Up Within 24 Hours,Escalated Case
T01519,C0362,Login,Resolved,2026-05-07,2026-05-08,1,Andrew Smith,Enterprise,West,Phone,2024-12-28,Cancelled,Yes,L1,Yes,False,True,True,2,False,42,Medium,📧 Follow Up Within 24 Hours,Escalated Case
T00453,C0080,Billing,Resolved,2026-04-30,2026-05-06,6,Taylor Bray,Basic,North,Phone,2026-01-21,Active,Yes,L1,No,False,True,False,1,False,42,Medium,📧 Follow Up Within 24 Hours,Escalated Case
T00167,C0286,Payment,Resolved,2026-03-18,2026-03-23,5,Elizabeth Rodriguez,Premium,West,Chat,2024-10-05,Cancelled,No,,Yes,False,False,True,3,True,40,Medium,📧 Follow Up Within 24 Hours,Repeat Complaints
T00423,C0265,Payment,Resolved,2026-02-02,2026-02-07,5,Ashley Stevenson,Enterprise,West,Chat,2025-06-11,Active,No,,No,False,False,False,3,True,40,Medium,📧 Follow Up Within 24 Hours,Repeat Complaints
T00616,C0499,Technical,Resolved,2026-04-15,2026-04-20,5,Matthew Nunez,Basic,North,Email,2025-07-03,Active,No,,No,False,False,False,3,True,40,Medium,📧 Follow Up Within 24 Hours,Repeat Complaints
T00706,C0469,Billing,Resolved,2026-05-19,2026-05-24,5,Ralph Mclaughlin,Enterprise,West,Phone,2024-10-07,Active,No,,No,False,False,False,3,True,40,Medium,📧 Follow Up Within 24 Hours,Repeat Complaints
T00837,C0318,Payment,Resolved,2026-05-28,2026-06-02,5,Kathy Doyle,Premium,West,Phone,2024-12-22,Active,No,,No,False,False,False,3,True,40,Medium,📧 Follow Up Within 24 Hours,Repeat Complaints
T00923,C0083,Billing,Resolved,2026-04-26,2026-05-01,5,Darrell Allen,Basic,North,Email,2025-05-25,Active,No,,No,False,False,False,3,True,40,Medium,📧 Follow Up Within 24 Hours,Repeat Complaints
T01001,C0182,Payment,Resolved,2026-05-09,2026-05-14,5,Kyle Jones,Enterprise,North,Chat,2025-12-03,Cancelled,No,,Yes,False,False,True,3,True,40,Medium,📧 Follow Up Within 24 Hours,Repeat Complaints
T01297,C0241,Account,Resolved,2026-05-17,2026-05-22,5,Ryan Hancock,Enterprise,East,Email,2024-09-30,Active,No,,No,False,False,False,3,True,40,Medium,📧 Follow Up Within 24 Hours,Repeat Complaints
T01339,C0388,Login,Resolved,2026-04-15,2026-04-20,5,Ryan Brooks,Enterprise,West,Chat,2025-11-04,Active,No,,No,False,False,False,3,True,40,Medium,📧 Follow Up Within 24 Hours,Repeat Complaints
T01744,C0076,Login,Resolved,2026-03-29,2026-04-03,5,Kathleen Weeks,Enterprise,West,Email,2025-07-23,Active,No,,No,False,False,False,3,True,40,Medium,📧 Follow Up Within 24 Hours,Repeat Complaints
T01789,C0171,Technical,Resolved,2026-03-06,2026-03-11,5,Cheryl Sims,Enterprise,East,Chat,2024-11-21,Active,No,,No,False,False,False,3,True,40,Medium,📧 Follow Up Within 24 Hours,Repeat Complaints
T01811,C0036,Login,Resolved,2026-03-01,2026-03-06,5,Diana Peters,Enterprise,West,Email,2026-01-24,Active,No,,No,False,False,False,3,True,40,Medium,📧 Follow Up Within 24 Hours,Repeat Complaints
T01966,C0388,Login,Resolved,2026-05-16,2026-05-21,5,Ryan Brooks,Enterprise,West,Chat,2025-11-04,Active,No,,No,False,False,False,3,True,40,Medium,📧 Follow Up Within 24 Hours,Repeat Complaints
T00407,C0254,Login,Resolved,2026-05-08,2026-05-18,10,Adam Ritter,Premium,East,Phone,2026-02-12,Active,No,,No,False,False,False,2,False,40,Medium,📧 Follow Up Within 24 Hours,Delayed Resolution
T00540,C0213,Technical,Resolved,2026-05-31,2026-06-10,10,Sarah Johnson,Basic,West,Email,2026-06-10,Active,No,,No,False,False,False,2,False,40,Medium,📧 Follow Up Within 24 Hours,Delayed Resolution
T00552,C0397,Payment,Resolved,2026-04-17,2026-04-27,10,Shawn Robinson,Basic,East,Phone,2024-12-27,Cancelled,No,,Yes,False,False,True,2,False,40,Medium,📧 Follow Up Within 24 Hours,Delayed Resolution
T01541,C0454,Login,Resolved,2026-05-25,2026-06-04,10,Jermaine Brown,Enterprise,West,Email,2024-10-14,Active,No,,No,False,False,False,2,False,40,Medium,📧 Follow Up Within 24 Hours,Delayed Resolution
T01817,C0082,Account,Resolved,2026-03-21,2026-03-31,10,Carl Howe,Premium,West,Phone,2026-06-29,Active,No,,No,False,False,False,2,False,40,Medium,📧 Follow Up Within 24 Hours,Delayed Resolution
T00046,C0274,Technical,Resolved,2026-05-01,2026-05-05,4,Elizabeth Torres,Basic,North,Phone,2025-04-04,Active,No,,No,False,False,False,3,True,38,Low,👀 Monitor,Repeat Complaints
T00173,C0474,Login,Resolved,2026-05-03,2026-05-07,4,Matthew Small,Basic,East,Phone,2026-08-01,Active,No,,No,False,False,False,3,True,38,Low,👀 Monitor,Repeat Complaints
T00194,C0166,Technical,Resolved,2026-04-09,2026-04-13,4,Adam Griffin,Premium,West,Chat,2024-10-23,Cancelled,No,,Yes,False,False,True,3,True,38,Low,👀 Monitor,Repeat Complaints
T00222,C0238,Account,Resolved,2026-04-08,2026-04-12,4,Kelsey Cameron,Enterprise,North,Phone,2025-10-03,Active,No,,No,False,False,False,3,True,38,Low,👀 Monitor,Repeat Complaints
T00366,C0085,Account,Resolved,2026-02-22,2026-02-26,4,Jill Kirby,Basic,South,Email,2025-07-11,Active,No,,No,False,False,False,3,True,38,Low,👀 Monitor,Repeat Complaints
T00399,C0471,Login,Resolved,2026-04-24,2026-04-28,4,Juan Daniel,Premium,East,Email,2026-05-05,Active,No,,No,False,False,False,3,True,38,Low,👀 Monitor,Repeat Complaints
T00984,C0320,Technical,Resolved,2026-03-01,2026-03-05,4,John Carter,Premium,North,Chat,2025-10-24,Active,No,,No,False,False,False,3,True,38,Low,👀 Monitor,Repeat Complaints
T01293,C0277,Billing,Resolved,2026-05-29,2026-06-02,4,James Smith,Enterprise,East,Chat,2026-03-17,Active,No,,No,False,False,False,3,True,38,Low,👀 Monitor,Repeat Complaints
T01336,C0072,Account,Resolved,2026-02-06,2026-02-10,4,Julie Reyes,Basic,North,Email,2024-12-21,Active,No,,No,False,False,False,3,True,38,Low,👀 Monitor,Repeat Complaints
T01525,C0393,Account,Resolved,2026-01-20,2026-01-24,4,Jill Massey,Premium,North,Phone,2026-05-04,Active,No,,No,False,False,False,3,True,38,Low,👀 Monitor,Repeat Complaints
T01579,C0241,Payment,Resolved,2026-05-10,2026-05-14,4,Ryan Hancock,Enterprise,East,Email,2024-09-30,Active,No,,No,False,False,False,3,True,38,Low,👀 Monitor,Repeat Complaints
T01784,C0140,Login,Resolved,2026-04-24,2026-04-28,4,Jordan Sanchez,Basic,East,Phone,2025-06-20,Cancelled,No,,Yes,False,False,True,3,True,38,Low,👀 Monitor,Repeat Complaints
T00002,C0255,Login,Resolved,2026-04-08,2026-04-17,9,Richard Foster,Basic,South,Email,2025-11-14,Active,No,,No,False,False,False,2,False,38,Low,👀 Monitor,Delayed Resolution
T00478,C0459,Payment,Resolved,2026-05-01,2026-05-10,9,Bonnie Myers,Premium,North,Chat,2026-01-26,Cancelled,No,,Yes,False,False,True,2,False,38,Low,👀 Monitor,Delayed Resolution
T00919,C0461,Billing,Resolved,2026-04-23,2026-05-02,9,Gerald Reyes,Premium,East,Email,2025-05-08,Active,No,,No,False,False,False,2,False,38,Low,👀 Monitor,Delayed Resolution
T01081,C0070,Login,Resolved,2026-04-28,2026-05-07,9,Michelle Smith,Premium,North,Phone,2024-11-07,Active,No,,No,False,False,False,2,False,38,Low,👀 Monitor,Delayed Resolution
T01124,C0167,Account,Resolved,2026-03-19,2026-03-28,9,Kathy Bradford,Premium,East,Phone,2025-08-18,Active,No,,No,False,False,False,2,False,38,Low,👀 Monitor,Delayed Resolution
T01294,C0386,Technical,Resolved,2026-03-10,2026-03-19,9,Carla Parker,Enterprise,West,Chat,2025-07-30,Active,No,,No,False,False,False,2,False,38,Low,👀 Monitor,Delayed Resolution
T01353,C0326,Payment,Resolved,2026-03-16,2026-03-25,9,Danielle Peterson,Premium,West,Phone,2026-07-17,Active,No,,No,False,False,False,2,False,38,Low,👀 Monitor,Delayed Resolution
T01371,C0022,Technical,Resolved,2026-06-18,2026-06-27,9,Gregory Lee,Premium,East,Chat,2025-09-07,Active,No,,No,False,False,False,2,False,38,Low,👀 Monitor,Delayed Resolution
T01434,C0408,Billing,Resolved,2026-03-19,2026-03-28,9,Nicholas Rojas,Enterprise,South,Chat,2024-12-14,Active,No,,No,False,False,False,2,False,38,Low,👀 Monitor,Delayed Resolution
T01524,C0289,Account,Resolved,2026-01-02,2026-01-11,9,Jonathan Fox,Enterprise,North,Email,2024-10-29,Active,No,,No,False,False,False,2,False,38,Low,👀 Monitor,Delayed Resolution
T01820,C0033,Login,Resolved,2026-03-05,2026-03-14,9,Mr. Jonathan Hernandez,Premium,North,Email,2026-06-24,Active,No,,No,False,False,False,2,False,38,Low,👀 Monitor,Delayed Resolution
T00114,C0066,Account,Resolved,2026-02-16,2026-02-19,3,Colleen Jones,Premium,West,Phone,2024-08-26,Active,No,,No,False,False,False,3,True,36,Low,👀 Monitor,Repeat Complaints
T00612,C0340,Account,Resolved,2026-06-05,2026-06-08,3,Robin Wall,Premium,West,Chat,2026-03-17,Active,No,,No,False,False,False,3,True,36,Low,👀 Monitor,Repeat Complaints
T00634,C0195,Payment,Resolved,2026-06-25,2026-06-28,3,Elizabeth Robles,Basic,East,Phone,2025-09-26,Active,No,,No,False,False,False,3,True,36,Low,👀 Monitor,Repeat Complaints
T00959,C0049,Billing,Resolved,2026-02-09,2026-02-12,3,Tanner Gregory,Premium,North,Chat,2026-04-30,Cancelled,No,,Yes,False,False,True,3,True,36,Low,👀 Monitor,Repeat Complaints
T01010,C0298,Account,Resolved,2026-02-21,2026-02-24,3,April Foster,Premium,North,Phone,2025-10-26,Active,No,,No,False,False,False,3,True,36,Low,👀 Monitor,Repeat Complaints
T01062,C0432,Account,Resolved,2026-05-01,2026-05-04,3,Rachel Williams,Basic,South,Chat,2024-11-08,Cancelled,No,,Yes,False,False,True,3,True,36,Low,👀 Monitor,Repeat Complaints
T01087,C0432,Technical,Resolved,2026-04-10,2026-04-13,3,Rachel Williams,Basic,South,Chat,2024-11-08,Cancelled,No,,Yes,False,False,True,3,True,36,Low,👀 Monitor,Repeat Complaints
T01230,C0465,Account,Resolved,2026-06-29,2026-07-02,3,Virginia Harvey,Enterprise,East,Email,2026-03-12,Cancelled,No,,Yes,False,False,True,3,True,36,Low,👀 Monitor,Repeat Complaints
T01242,C0451,Login,Resolved,2026-01-02,2026-01-05,3,Crystal Johnson,Basic,North,Email,2026-02-13,Active,No,,No,False,False,False,3,True,36,Low,👀 Monitor,Repeat Complaints
T01244,C0455,Payment,Resolved,2026-05-02,2026-05-05,3,Eric Carter,Enterprise,North,Phone,2026-04-26,Cancelled,No,,Yes,False,False,True,3,True,36,Low,👀 Monitor,Repeat Complaints
T01368,C0066,Technical,Resolved,2026-03-20,2026-03-23,3,Colleen Jones,Premium,West,Phone,2024-08-26,Active,No,,No,False,False,False,3,True,36,Low,👀 Monitor,Repeat Complaints
T01898,C0131,Technical,Resolved,2026-06-19,2026-06-22,3,Joshua Watkins,Enterprise,West,Phone,2024-09-02,Active,No,,No,False,False,False,3,True,36,Low,👀 Monitor,Repeat Complaints
T01914,C0321,Account,Resolved,2026-06-12,2026-06-15,3,Joann Franklin,Basic,East,Chat,2025-07-18,Active,No,,No,False,False,False,3,True,36,Low,👀 Monitor,Repeat Complaints
T02000,C0340,Billing,Resolved,2026-02-18,2026-02-21,3,Robin Wall,Premium,West,Chat,2026-03-17,Active,No,,No,False,False,False,3,True,36,Low,👀 Monitor,Repeat Complaints
T00163,C0107,Account,Resolved,2026-06-19,2026-06-27,8,Kenneth Buck,Basic,West,Phone,2025-07-12,Active,No,,No,False,False,False,2,False,36,Low,👀 Monitor,Delayed Resolution
T00796,C0387,Technical,Resolved,2026-05-23,2026-05-31,8,Randy Thompson,Basic,North,Phone,2025-06-01,Active,No,,No,False,False,False,2,False,36,Low,👀 Monitor,Delayed Resolution
T01540,C0427,Payment,Resolved,2026-05-06,2026-05-14,8,David Jacobs,Enterprise,South,Phone,2026-05-27,Cancelled,No,,Yes,False,False,True,2,False,36,Low,👀 Monitor,Delayed Resolution
T00037,C0261,Payment,Resolved,2026-03-21,2026-03-24,3,Rachael Davis,Basic,East,Phone,2025-02-16,Active,Yes,L1,No,False,True,False,1,False,36,Low,👀 Monitor,Escalated Case
T00434,C0191,Billing,Resolved,2026-01-14,2026-01-17,3,Mary Lopez,Enterprise,East,Chat,2025-01-31,Active,Yes,L3,No,False,True,False,1,False,36,Low,👀 Monitor,Escalated Case
T00990,C0385,Payment,Resolved,2026-06-09,2026-06-12,3,Robert Hardy,Premium,East,Email,2025-10-16,Active,Yes,L3,No,False,True,False,1,False,36,Low,👀 Monitor,Escalated Case
T00213,C0297,Billing,Resolved,2026-03-30,2026-04-01,2,Sarah Brewer,Enterprise,East,Phone,2025-12-07,Active,No,,No,False,False,False,3,True,34,Low,👀 Monitor,Repeat Complaints
T00448,C0049,Account,Resolved,2026-04-11,2026-04-13,2,Tanner Gregory,Premium,North,Chat,2026-04-30,Cancelled,No,,Yes,False,False,True,3,True,34,Low,👀 Monitor,Repeat Complaints
T00605,C0109,Billing,Resolved,2026-02-13,2026-02-15,2,Jeffrey Weber,Basic,East,Email,2026-03-22,Active,No,,No,False,False,False,3,True,34,Low,👀 Monitor,Repeat Complaints
T00760,C0193,Login,Resolved,2026-06-17,2026-06-19,2,Briana Gilbert,Premium,South,Phone,2025-02-22,Active,No,,No,False,False,False,3,True,34,Low,👀 Monitor,Repeat Complaints
T00857,C0417,Payment,Resolved,2026-06-11,2026-06-13,2,Michael Hawkins,Enterprise,West,Phone,2025-11-19,Active,No,,No,False,False,False,3,True,34,Low,👀 Monitor,Repeat Complaints
T00939,C0422,Account,Resolved,2026-01-11,2026-01-13,2,Julia Woods,Premium,West,Email,2025-04-03,Active,No,,No,False,False,False,3,True,34,Low,👀 Monitor,Repeat Complaints
T00962,C0293,Login,Resolved,2026-02-25,2026-02-27,2,Angela Taylor,Basic,South,Email,2024-08-10,Active,No,,No,False,False,False,3,True,34,Low,👀 Monitor,Repeat Complaints
T00975,C0382,Billing,Resolved,2026-03-09,2026-03-11,2,Tiffany Patel,Basic,West,Chat,2026-02-17,Active,No,,No,False,False,False,3,True,34,Low,👀 Monitor,Repeat Complaints
T00987,C0445,Payment,Resolved,2026-06-27,2026-06-29,2,Kelly Wood,Basic,East,Chat,2025-04-07,Active,No,,No,False,False,False,3,True,34,Low,👀 Monitor,Repeat Complaints
T01036,C0425,Login,Resolved,2026-05-09,2026-05-11,2,Nathaniel Lopez,Premium,East,Email,2025-05-17,Active,No,,No,False,False,False,3,True,34,Low,👀 Monitor,Repeat Complaints
T01161,C0239,Account,Resolved,2026-06-06,2026-06-08,2,Tiffany Lambert,Basic,East,Phone,2024-11-29,Cancelled,No,,Yes,False,False,True,3,True,34,Low,👀 Monitor,Repeat Complaints
T01215,C0350,Payment,Resolved,2026-06-11,2026-06-13,2,Rebecca Johnson,Premium,West,Phone,2025-06-26,Active,No,,No,False,False,False,3,True,34,Low,👀 Monitor,Repeat Complaints
T01222,C0369,Account,Resolved,2026-04-10,2026-04-12,2,Mary Armstrong,Premium,East,Chat,2024-10-14,Active,No,,No,False,False,False,3,True,34,Low,👀 Monitor,Repeat Complaints
T01277,C0018,Login,Resolved,2026-05-03,2026-05-05,2,Richard Davis,Enterprise,East,Phone,2024-09-03,Cancelled,No,,Yes,False,False,True,3,True,34,Low,👀 Monitor,Repeat Complaints
T01377,C0400,Account,Resolved,2026-05-26,2026-05-28,2,Candace Johnson,Enterprise,East,Email,2026-03-22,Active,No,,No,False,False,False,3,True,34,Low,👀 Monitor,Repeat Complaints
T01392,C0345,Billing,Resolved,2026-05-14,2026-05-16,2,Jamie Gordon,Premium,West,Chat,2024-11-09,Active,No,,No,False,False,False,3,True,34,Low,👀 Monitor,Repeat Complaints
T01500,C0190,Account,Resolved,2026-04-28,2026-04-30,2,Robert Lam,Premium,South,Chat,2025-03-19,Active,No,,No,False,False,False,3,True,34,Low,👀 Monitor,Repeat Complaints
T01688,C0036,Payment,Resolved,2026-06-28,2026-06-30,2,Diana Peters,Enterprise,West,Email,2026-01-24,Active,No,,No,False,False,False,3,True,34,Low,👀 Monitor,Repeat Complaints
T01786,C0432,Account,Resolved,2026-06-14,2026-06-16,2,Rachel Williams,Basic,South,Chat,2024-11-08,Cancelled,No,,Yes,False,False,True,3,True,34,Low,👀 Monitor,Repeat Complaints
T00319,C0299,Login,Resolved,2026-06-27,2026-07-04,7,Jennifer Meza,Basic,East,Phone,2025-10-02,Active,No,,No,False,False,False,2,False,34,Low,👀 Monitor,No Immediate Risk
T00467,C0022,Login,Resolved,2026-05-27,2026-06-03,7,Gregory Lee,Premium,East,Chat,2025-09-07,Active,No,,No,False,False,False,2,False,34,Low,👀 Monitor,No Immediate Risk
T00528,C0498,Account,Resolved,2026-01-16,2026-01-23,7,Jonathan Myers,Basic,West,Phone,2025-08-15,Active,No,,No,False,False,False,2,False,34,Low,👀 Monitor,No Immediate Risk
T00841,C0482,Account,Resolved,2026-03-30,2026-04-06,7,Barbara Estrada,Enterprise,West,Email,2025-09-18,Cancelled,No,,Yes,False,False,True,2,False,34,Low,👀 Monitor,No Immediate Risk
T00943,C0292,Technical,Resolved,2026-05-23,2026-05-30,7,Tyler Clay,Basic,South,Phone,2025-08-30,Active,No,,No,False,False,False,2,False,34,Low,👀 Monitor,No Immediate Risk
T01007,C0117,Login,Resolved,2026-02-09,2026-02-16,7,Laura Berry,Premium,South,Chat,2025-10-26,Active,No,,No,False,False,False,2,False,34,Low,👀 Monitor,No Immediate Risk
T01133,C0307,Billing,Resolved,2026-06-02,2026-06-09,7,Tonya Mills,Enterprise,West,Chat,2025-08-24,Active,No,,No,False,False,False,2,False,34,Low,👀 Monitor,No Immediate Risk
T01606,C0404,Technical,Resolved,2026-04-20,2026-04-27,7,Kathleen Peters,Basic,East,Phone,2026-02-14,Cancelled,No,,Yes,False,False,True,2,False,34,Low,👀 Monitor,No Immediate Risk
T01798,C0434,Technical,Resolved,2026-06-28,2026-07-05,7,Joseph Khan,Basic,South,Phone,2024-08-28,Active,No,,No,False,False,False,2,False,34,Low,👀 Monitor,No Immediate Risk
T00374,C0322,Login,Resolved,2026-01-20,2026-01-22,2,Melvin Smith,Premium,North,Chat,2026-01-03,Active,Yes,L1,No,False,True,False,1,False,34,Low,👀 Monitor,Escalated Case
T00461,C0384,Account,Resolved,2026-04-29,2026-05-01,2,Dave Williams,Enterprise,East,Phone,2025-11-08,Active,Yes,L1,No,False,True,False,1,False,34,Low,👀 Monitor,Escalated Case
T01721,C0101,Technical,Resolved,2026-01-17,2026-01-19,2,Jaime May,Enterprise,South,Email,2025-10-16,Cancelled,Yes,L3,Yes,False,True,True,1,False,34,Low,👀 Monitor,Escalated Case
T00077,C0367,Login,Resolved,2026-02-21,2026-02-22,1,Charlotte Anderson,Basic,East,Email,2026-01-22,Active,No,,No,False,False,False,3,True,32,Low,👀 Monitor,Repeat Complaints
T00138,C0235,Technical,Resolved,2026-04-01,2026-04-02,1,Bernard Fisher,Enterprise,South,Email,2025-01-14,Active,No,,No,False,False,False,3,True,32,Low,👀 Monitor,Repeat Complaints
T00189,C0084,Login,Resolved,2026-02-17,2026-02-18,1,Jerry Bowers,Premium,East,Email,2024-09-25,Active,No,,No,False,False,False,3,True,32,Low,👀 Monitor,Repeat Complaints
T00251,C0469,Technical,Resolved,2026-04-16,2026-04-17,1,Ralph Mclaughlin,Enterprise,West,Phone,2024-10-07,Active,No,,No,False,False,False,3,True,32,Low,👀 Monitor,Repeat Complaints
T00280,C0337,Billing,Resolved,2026-03-22,2026-03-23,1,Amanda Sanders,Premium,West,Email,2024-12-28,Active,No,,No,False,False,False,3,True,32,Low,👀 Monitor,Repeat Complaints
T00544,C0197,Login,Resolved,2026-05-02,2026-05-03,1,Danielle Richardson,Premium,North,Phone,2024-10-22,Active,No,,No,False,False,False,3,True,32,Low,👀 Monitor,Repeat Complaints
T00625,C0219,Billing,Resolved,2026-01-12,2026-01-13,1,Melissa Wilson,Basic,West,Chat,2026-02-02,Active,No,,No,False,False,False,3,True,32,Low,👀 Monitor,Repeat Complaints
T00631,C0333,Technical,Resolved,2026-06-28,2026-06-29,1,Jacqueline Stewart,Basic,North,Chat,2025-09-20,Active,No,,No,False,False,False,3,True,32,Low,👀 Monitor,Repeat Complaints
T00678,C0346,Account,Resolved,2026-04-19,2026-04-20,1,Laura Robertson,Premium,South,Phone,2026-05-18,Active,No,,No,False,False,False,3,True,32,Low,👀 Monitor,Repeat Complaints
T00726,C0284,Account,Resolved,2026-01-11,2026-01-12,1,Debra Phillips,Basic,North,Phone,2026-08-02,Active,No,,No,False,False,False,3,True,32,Low,👀 Monitor,Repeat Complaints
T00810,C0265,Technical,Resolved,2026-06-22,2026-06-23,1,Ashley Stevenson,Enterprise,West,Chat,2025-06-11,Active,No,,No,False,False,False,3,True,32,Low,👀 Monitor,Repeat Complaints
T00899,C0238,Billing,Resolved,2026-02-07,2026-02-08,1,Kelsey Cameron,Enterprise,North,Phone,2025-10-03,Active,No,,No,False,False,False,3,True,32,Low,👀 Monitor,Repeat Complaints
T00998,C0257,Login,Resolved,2026-01-06,2026-01-07,1,Brian Yu,Enterprise,South,Phone,2024-10-20,Cancelled,No,,Yes,False,False,True,3,True,32,Low,👀 Monitor,Repeat Complaints
T01104,C0140,Technical,Resolved,2026-01-30,2026-01-31,1,Jordan Sanchez,Basic,East,Phone,2025-06-20,Cancelled,No,,Yes,False,False,True,3,True,32,Low,👀 Monitor,Repeat Complaints
T01175,C0401,Technical,Resolved,2026-05-16,2026-05-17,1,Lauren Paul,Premium,North,Email,2024-10-27,Active,No,,No,False,False,False,3,True,32,Low,👀 Monitor,Repeat Complaints
T01193,C0099,Billing,Resolved,2026-01-24,2026-01-25,1,Rebecca Allen,Premium,North,Email,2026-01-30,Active,No,,No,False,False,False,3,True,32,Low,👀 Monitor,Repeat Complaints
T01349,C0499,Billing,Resolved,2026-05-28,2026-05-29,1,Matthew Nunez,Basic,North,Email,2025-07-03,Active,No,,No,False,False,False,3,True,32,Low,👀 Monitor,Repeat Complaints
T01552,C0131,Account,Resolved,2026-05-09,2026-05-10,1,Joshua Watkins,Enterprise,West,Phone,2024-09-02,Active,No,,No,False,False,False,3,True,32,Low,👀 Monitor,Repeat Complaints
T01727,C0297,Billing,Resolved,2026-01-16,2026-01-17,1,Sarah Brewer,Enterprise,East,Phone,2025-12-07,Active,No,,No,False,False,False,3,True,32,Low,👀 Monitor,Repeat Complaints
T01735,C0318,Billing,Resolved,2026-06-22,2026-06-23,1,Kathy Doyle,Premium,West,Phone,2024-12-22,Active,No,,No,False,False,False,3,True,32,Low,👀 Monitor,Repeat Complaints
T01888,C0367,Login,Resolved,2026-02-18,2026-02-19,1,Charlotte Anderson,Basic,East,Email,2026-01-22,Active,No,,No,False,False,False,3,True,32,Low,👀 Monitor,Repeat Complaints
T00128,C0226,Login,Resolved,2026-02-22,2026-02-28,6,Melissa Lawrence,Basic,North,Phone,2025-03-17,Cancelled,No,,Yes,False,False,True,2,False,32,Low,👀 Monitor,No Immediate Risk
T00196,C0299,Account,Resolved,2026-06-17,2026-06-23,6,Jennifer Meza,Basic,East,Phone,2025-10-02,Active,No,,No,False,False,False,2,False,32,Low,👀 Monitor,No Immediate Risk
T00502,C0178,Payment,Resolved,2026-01-23,2026-01-29,6,Karen Murphy,Enterprise,East,Email,2024-08-28,Cancelled,No,,Yes,False,False,True,2,False,32,Low,👀 Monitor,No Immediate Risk
T01477,C0181,Login,Resolved,2026-05-21,2026-05-27,6,Cody Johnson,Basic,South,Chat,2024-10-02,Active,No,,No,False,False,False,2,False,32,Low,👀 Monitor,No Immediate Risk
T01480,C0002,Login,Resolved,2026-03-20,2026-03-26,6,Carolyn Olsen,Enterprise,East,Email,2026-05-17,Active,No,,No,False,False,False,2,False,32,Low,👀 Monitor,No Immediate Risk
T01618,C0404,Account,Resolved,2026-06-28,2026-07-04,6,Kathleen Peters,Basic,East,Phone,2026-02-14,Cancelled,No,,Yes,False,False,True,2,False,32,Low,👀 Monitor,No Immediate Risk
T01680,C0043,Account,Resolved,2026-02-06,2026-02-12,6,Robert Cooper,Enterprise,South,Phone,2025-07-19,Active,No,,No,False,False,False,2,False,32,Low,👀 Monitor,No Immediate Risk
T01924,C0205,Login,Resolved,2026-04-02,2026-04-08,6,William Williams,Basic,South,Chat,2025-06-03,Active,No,,No,False,False,False,2,False,32,Low,👀 Monitor,No Immediate Risk
T00063,C0482,Account,Resolved,2026-01-29,2026-02-03,5,Barbara Estrada,Enterprise,West,Email,2025-09-18,Cancelled,No,,Yes,False,False,True,2,False,30,Low,👀 Monitor,No Immediate Risk
T00211,C0234,Account,Resolved,2026-04-29,2026-05-04,5,Kimberly Young,Enterprise,West,Chat,2026-02-16,Active,No,,No,False,False,False,2,False,30,Low,👀 Monitor,No Immediate Risk
T00373,C0390,Login,Resolved,2026-05-28,2026-06-02,5,Caitlin Baker,Enterprise,South,Phone,2025-09-10,Cancelled,No,,Yes,False,False,True,2,False,30,Low,👀 Monitor,No Immediate Risk
T00387,C0082,Payment,Resolved,2026-04-03,2026-04-08,5,Carl Howe,Premium,West,Phone,2026-06-29,Active,No,,No,False,False,False,2,False,30,Low,👀 Monitor,No Immediate Risk
T01192,C0054,Login,Resolved,2026-03-14,2026-03-19,5,Brittany Boyd,Premium,South,Phone,2026-05-19,Active,No,,No,False,False,False,2,False,30,Low,👀 Monitor,No Immediate Risk
T01936,C0017,Technical,Resolved,2026-01-23,2026-01-28,5,Audrey Mcneil,Enterprise,East,Phone,2025-06-25,Active,No,,No,False,False,False,2,False,30,Low,👀 Monitor,No Immediate Risk
T00385,C0226,Login,Resolved,2026-04-20,2026-04-24,4,Melissa Lawrence,Basic,North,Phone,2025-03-17,Cancelled,No,,Yes,False,False,True,2,False,28,Low,👀 Monitor,No Immediate Risk
T00574,C0336,Payment,Resolved,2026-05-13,2026-05-17,4,Danielle Clark,Enterprise,East,Chat,2025-05-31,Active,No,,No,False,False,False,2,False,28,Low,👀 Monitor,No Immediate Risk
T00778,C0473,Login,Resolved,2026-01-18,2026-01-22,4,Patrick Patel,Enterprise,West,Email,2026-01-22,Active,No,,No,False,False,False,2,False,28,Low,👀 Monitor,No Immediate Risk
T00348,C0060,Technical,Resolved,2026-02-06,2026-02-15,9,Karen Lawson,Enterprise,West,Email,2025-10-02,Active,No,,No,False,False,False,1,False,28,Low,👀 Monitor,Delayed Resolution
T00649,C0010,Billing,Resolved,2026-01-10,2026-01-19,9,Marcus Williams,Basic,West,Chat,2025-01-07,Active,No,,No,False,False,False,1,False,28,Low,👀 Monitor,Delayed Resolution
T00853,C0216,Login,Resolved,2026-06-11,2026-06-20,9,Jason Moore,Enterprise,West,Email,2024-11-03,Active,No,,No,False,False,False,1,False,28,Low,👀 Monitor,Delayed Resolution
T00861,C0090,Payment,Resolved,2026-06-22,2026-07-01,9,Mr. Tony Ewing II,Enterprise,North,Email,2025-03-19,Active,No,,No,False,False,False,1,False,28,Low,👀 Monitor,Delayed Resolution
T00388,C0043,Payment,Resolved,2026-06-16,2026-06-19,3,Robert Cooper,Enterprise,South,Phone,2025-07-19,Active,No,,No,False,False,False,2,False,26,Low,👀 Monitor,No Immediate Risk
T00724,C0408,Account,Resolved,2026-06-12,2026-06-15,3,Nicholas Rojas,Enterprise,South,Chat,2024-12-14,Active,No,,No,False,False,False,2,False,26,Low,👀 Monitor,No Immediate Risk
T00976,C0205,Account,Resolved,2026-06-28,2026-07-01,3,William Williams,Basic,South,Chat,2025-06-03,Active,No,,No,False,False,False,2,False,26,Low,👀 Monitor,No Immediate Risk
T01252,C0107,Payment,Resolved,2026-01-29,2026-02-01,3,Kenneth Buck,Basic,West,Phone,2025-07-12,Active,No,,No,False,False,False,2,False,26,Low,👀 Monitor,No Immediate Risk
T01316,C0177,Technical,Resolved,2026-05-19,2026-05-22,3,Jennifer Arnold,Basic,North,Chat,2026-01-24,Active,No,,No,False,False,False,2,False,26,Low,👀 Monitor,No Immediate Risk
T01340,C0213,Technical,Resolved,2026-05-26,2026-05-29,3,Sarah Johnson,Basic,West,Email,2026-06-10,Active,No,,No,False,False,False,2,False,26,Low,👀 Monitor,No Immediate Risk
T01350,C0433,Payment,Resolved,2026-01-15,2026-01-18,3,Brooke Scott,Basic,North,Chat,2025-05-16,Active,No,,No,False,False,False,2,False,26,Low,👀 Monitor,No Immediate Risk
T01815,C0381,Billing,Resolved,2026-02-22,2026-02-25,3,Patricia Robinson,Premium,West,Chat,2025-03-20,Active,No,,No,False,False,False,2,False,26,Low,👀 Monitor,No Immediate Risk
T01859,C0167,Login,Resolved,2026-06-27,2026-06-30,3,Kathy Bradford,Premium,East,Phone,2025-08-18,Active,No,,No,False,False,False,2,False,26,Low,👀 Monitor,No Immediate Risk
T01940,C0386,Billing,Resolved,2026-01-08,2026-01-11,3,Carla Parker,Enterprise,West,Chat,2025-07-30,Active,No,,No,False,False,False,2,False,26,Low,👀 Monitor,No Immediate Risk
T00193,C0343,Billing,Resolved,2026-02-05,2026-02-13,8,Alexandra Pacheco,Enterprise,West,Email,2025-02-02,Active,No,,No,False,False,False,1,False,26,Low,👀 Monitor,Delayed Resolution
T00331,C0402,Technical,Resolved,2026-03-31,2026-04-08,8,Kimberly Gibson,Basic,West,Phone,2026-08-06,Active,No,,No,False,False,False,1,False,26,Low,👀 Monitor,Delayed Resolution
T01584,C0319,Technical,Resolved,2026-01-23,2026-01-31,8,Robert Diaz,Premium,East,Phone,2025-06-26,Active,No,,No,False,False,False,1,False,26,Low,👀 Monitor,Delayed Resolution
T01637,C0300,Login,Resolved,2026-04-23,2026-05-01,8,Matthew Gilbert,Enterprise,South,Chat,2025-02-19,Active,No,,No,False,False,False,1,False,26,Low,👀 Monitor,Delayed Resolution
T01840,C0040,Billing,Resolved,2026-02-09,2026-02-17,8,Evan Wu,Premium,East,Email,2025-09-18,Cancelled,No,,Yes,False,False,True,1,False,26,Low,👀 Monitor,Delayed Resolution
T00068,C0181,Technical,Resolved,2026-02-17,2026-02-19,2,Cody Johnson,Basic,South,Chat,2024-10-02,Active,No,,No,False,False,False,2,False,24,Low,👀 Monitor,No Immediate Risk
T00329,C0054,Payment,Resolved,2026-01-22,2026-01-24,2,Brittany Boyd,Premium,South,Phone,2026-05-19,Active,No,,No,False,False,False,2,False,24,Low,👀 Monitor,No Immediate Risk
T01296,C0177,Login,Resolved,2026-05-15,2026-05-17,2,Jennifer Arnold,Basic,North,Chat,2026-01-24,Active,No,,No,False,False,False,2,False,24,Low,👀 Monitor,No Immediate Risk
T01539,C0463,Account,Resolved,2026-06-20,2026-06-22,2,Stephanie Cooper,Basic,North,Email,2025-04-07,Active,No,,No,False,False,False,2,False,24,Low,👀 Monitor,No Immediate Risk
T01397,C0143,Account,Resolved,2026-06-14,2026-06-21,7,Katelyn Woods,Basic,South,Phone,2026-06-01,Cancelled,No,,Yes,False,False,True,1,False,24,Low,👀 Monitor,No Immediate Risk
T01960,C0245,Technical,Resolved,2026-06-30,2026-07-07,7,Joseph Good,Basic,East,Phone,2026-06-11,Active,No,,No,False,False,False,1,False,24,Low,👀 Monitor,No Immediate Risk
T00600,C0258,Account,Resolved,2026-01-17,2026-01-18,1,Jeffrey Mayer,Premium,West,Chat,2024-10-23,Cancelled,No,,Yes,False,False,True,2,False,22,Low,👀 Monitor,No Immediate Risk
T00731,C0100,Billing,Resolved,2026-05-26,2026-05-27,1,James Gutierrez,Enterprise,West,Phone,2025-11-30,Cancelled,No,,Yes,False,False,True,2,False,22,Low,👀 Monitor,No Immediate Risk
T01056,C0430,Account,Resolved,2026-01-23,2026-01-24,1,Natalie Davis,Enterprise,South,Email,2025-08-22,Cancelled,No,,Yes,False,False,True,2,False,22,Low,👀 Monitor,No Immediate Risk
T01082,C0459,Payment,Resolved,2026-04-16,2026-04-17,1,Bonnie Myers,Premium,North,Chat,2026-01-26,Cancelled,No,,Yes,False,False,True,2,False,22,Low,👀 Monitor,No Immediate Risk
T01746,C0030,Technical,Resolved,2026-05-24,2026-05-25,1,John Reed,Enterprise,South,Phone,2026-06-26,Active,No,,No,False,False,False,2,False,22,Low,👀 Monitor,No Immediate Risk
T01324,C0317,Technical,Resolved,2026-01-24,2026-01-30,6,Joseph Proctor,Premium,North,Email,2025-06-05,Active,No,,No,False,False,False,1,False,22,Low,👀 Monitor,No Immediate Risk
T00880,C0223,Account,Resolved,2026-05-17,2026-05-22,5,William Anderson,Enterprise,North,Chat,2024-08-09,Cancelled,No,,Yes,False,False,True,1,False,20,Low,👀 Monitor,No Immediate Risk
T01380,C0462,Account,Resolved,2026-01-26,2026-01-30,4,Robert Jones,Enterprise,West,Email,2025-10-08,Active,No,,No,False,False,False,1,False,18,Low,👀 Monitor,No Immediate Risk
T01445,C0121,Login,Resolved,2026-02-08,2026-02-12,4,Vincent Brown,Basic,South,Chat,2024-10-30,Active,No,,No,False,False,False,1,False,18,Low,👀 Monitor,No Immediate Risk
T00032,C0448,Technical,Resolved,2026-05-30,2026-06-02,3,Jill Tucker,Enterprise,North,Chat,2025-09-09,Active,No,,No,False,False,False,1,False,16,Low,👀 Monitor,No Immediate Risk
T00459,C0263,Billing,Resolved,2026-03-08,2026-03-11,3,Kevin Weiss,Enterprise,East,Chat,2026-03-23,Active,No,,No,False,False,False,1,False,16,Low,👀 Monitor,No Immediate Risk
T00281,C0493,Technical,Resolved,2026-04-12,2026-04-14,2,Janice Woods,Premium,South,Phone,2025-04-07,Active,No,,No,False,False,False,1,False,14,Low,👀 Monitor,No Immediate Risk
T00417,C0275,Payment,Resolved,2026-06-12,2026-06-14,2,Jose Snyder,Premium,South,Phone,2026-02-03,Active,No,,No,False,False,False,1,False,14,Low,👀 Monitor,No Immediate Risk
T00682,C0105,Account,Resolved,2026-04-26,2026-04-28,2,Lauren Hunt,Enterprise,South,Phone,2025-03-01,Active,No,,No,False,False,False,1,False,14,Low,👀 Monitor,No Immediate Risk
T01730,C0155,Account,Resolved,2026-01-17,2026-01-19,2,Michael Bailey,Basic,East,Email,2026-06-07,Cancelled,No,,Yes,False,False,True,1,False,14,Low,👀 Monitor,No Immediate Risk
T00508,C0334,Technical,Resolved,2026-01-19,2026-01-20,1,Joseph Juarez,Basic,South,Chat,2026-04-24,Cancelled,No,,Yes,False,False,True,1,False,12,Low,👀 Monitor,No Immediate Risk
T00719,C0004,Account,Resolved,2026-05-30,2026-05-31,1,Karen Dickerson,Basic,North,Phone,2026-04-16,Active,No,,No,False,False,False,1,False,12,Low,👀 Monitor,No Immediate Risk
T01002,C0416,Billing,Resolved,2026-04-10,2026-04-11,1,Jonathan Gonzalez,Premium,East,Phone,2025-03-09,Active,No,,No,False,False,False,1,False,12,Low,👀 Monitor,No Immediate Risk
