ticket_id,customer_id,category,status,created_date,resolved_date,resolution_days
T00001,C0392,Payment,Resolved,2026-01-31,2026-02-01,1
T00002,C0255,Login,Resolved,2026-04-08,2026-04-17,9
T00003,C0361,Technical,Resolved,2026-06-21,2026-06-27,6
T00004,C0037,Login,Open,2026-01-11,,171
T00005,C0224,Billing,Resolved,2026-01-20,2026-01-26,6
T00006,C0295,Login,Resolved,2026-06-13,2026-06-20,7
T00007,C0149,Billing,Resolved,2026-03-25,2026-03-28,3
T00008,C0411,Account,Resolved,2026-06-26,2026-07-02,6
T00009,C0046,Login,Open,2026-03-04,,119
T00010,C0224,Account,Resolved,2026-01-21,2026-01-28,7
T00011,C0446,Payment,Open,2026-02-26,,125
T00012,C0171,Technical,Resolved,2026-06-12,2026-06-14,2
T00013,C0272,Account,Resolved,2026-03-31,2026-04-06,6
T00014,C0373,Technical,Resolved,2026-02-07,2026-02-12,5
T00015,C0102,Technical,Resolved,2026-06-17,2026-06-19,2
T00016,C0091,Login,Resolved,2026-05-25,2026-06-04,10
T00017,C0230,Account,Resolved,2026-06-09,2026-06-15,6
T00018,C0443,Payment,Resolved,2026-01-18,2026-01-26,8
T00019,C0227,Payment,Open,2026-06-01,,30
T00020,C0029,Payment,Resolved,2026-03-21,2026-03-29,8
T00021,C0232,Billing,Resolved,2026-03-15,2026-03-17,2
T00022,C0331,Billing,Resolved,2026-05-10,2026-05-17,7
T00023,C0237,Account,Resolved,2026-01-11,2026-01-19,8
T00024,C0466,Account,Resolved,2026-03-24,2026-04-03,10
T00025,C0244,Account,Resolved,2026-01-16,2026-01-24,8
T00026,C0053,Payment,Pending,2026-01-22,,160
T00027,C0259,Technical,Resolved,2026-04-23,2026-05-01,8
T00028,C0269,Account,Resolved,2026-04-04,2026-04-10,6
T00029,C0470,Payment,Resolved,2026-03-28,2026-04-07,10
T00030,C0027,Payment,Resolved,2026-01-25,2026-02-03,9
T00031,C0348,Login,Resolved,2026-06-18,2026-06-28,10
T00032,C0448,Technical,Resolved,2026-05-30,2026-06-02,3
T00033,C0470,Payment,Resolved,2026-06-17,2026-06-24,7
T00034,C0067,Account,Open,2026-01-22,,160
T00035,C0159,Account,Resolved,2026-03-26,2026-03-29,3
T00036,C0344,Account,Resolved,2026-06-21,2026-06-28,7
T00037,C0261,Payment,Resolved,2026-03-21,2026-03-24,3
T00038,C0487,Technical,Resolved,2026-05-05,2026-05-09,4
T00039,C0116,Technical,Resolved,2026-03-17,2026-03-19,2
T00040,C0260,Account,Open,2026-05-15,,47
T00041,C0020,Payment,Open,2026-06-08,,23
T00042,C0068,Account,Resolved,2026-02-11,2026-02-14,3
T00043,C0426,Account,Open,2026-02-12,,139
T00044,C0370,Login,Resolved,2026-04-04,2026-04-08,4
T00045,C0497,Login,Resolved,2026-04-25,2026-04-29,4
T00046,C0274,Technical,Resolved,2026-05-01,2026-05-05,4
T00047,C0189,Account,Pending,2026-04-29,,63
T00048,C0394,Payment,Open,2026-05-09,,53
T00049,C0271,Login,Pending,2026-02-21,,130
T00050,C0411,Account,Resolved,2026-03-06,2026-03-07,1
T00051,C0329,Login,Open,2026-05-22,,40
T00052,C0479,Billing,Open,2026-05-13,,49
T00053,C0436,Billing,Resolved,2026-02-11,2026-02-16,5
T00054,C0231,Account,Resolved,2026-04-22,2026-04-24,2
T00055,C0485,Technical,Open,2026-03-31,,92
T00056,C0477,Billing,Resolved,2026-04-12,2026-04-21,9
T00057,C0192,Technical,Resolved,2026-01-21,2026-01-27,6
T00058,C0115,Billing,Resolved,2026-01-26,2026-02-01,6
T00059,C0406,Technical,Resolved,2026-03-15,2026-03-23,8
T00060,C0357,Technical,Open,2026-05-01,,61
T00061,C0230,Account,Resolved,2026-01-21,2026-01-22,1
T00062,C0132,Technical,Open,2026-05-21,,41
T00063,C0482,Account,Resolved,2026-01-29,2026-02-03,5
T00064,C0122,Payment,Resolved,2026-03-03,2026-03-10,7
T00065,C0328,Account,Resolved,2026-01-29,2026-02-06,8
T00066,C0306,Account,Resolved,2026-05-12,2026-05-22,10
T00067,C0124,Technical,Resolved,2026-01-01,2026-01-11,10
T00068,C0181,Technical,Resolved,2026-02-17,2026-02-19,2
T00069,C0269,Payment,Resolved,2026-05-15,2026-05-24,9
T00070,C0260,Account,Resolved,2026-04-10,2026-04-18,8
T00071,C0023,Login,Pending,2026-03-06,,117
T00072,C0383,Billing,Resolved,2026-01-18,2026-01-24,6
T00073,C0124,Billing,Open,2026-03-27,,96
T00074,C0069,Billing,Resolved,2026-03-28,2026-03-31,3
T00075,C0426,Login,Pending,2026-05-03,,59
T00076,C0324,Technical,Open,2026-01-17,,165
T00077,C0367,Login,Resolved,2026-02-21,2026-02-22,1
T00078,C0406,Technical,Open,2026-03-22,,101
T00079,C0478,Payment,Resolved,2026-05-20,2026-05-28,8
T00080,C0130,Billing,Open,2026-02-18,,133
T00081,C0147,Payment,Open,2026-01-13,,169
T00082,C0444,Payment,Resolved,2026-04-05,2026-04-12,7
T00083,C0456,Login,Open,2026-04-09,,83
T00084,C0174,Technical,Resolved,2026-05-08,2026-05-14,6
T00085,C0474,Account,Resolved,2026-01-22,2026-01-29,7
T00086,C0041,Login,Resolved,2026-02-16,2026-02-25,9
T00087,C0151,Payment,Resolved,2026-03-25,2026-03-30,5
T00088,C0157,Login,Resolved,2026-04-20,2026-04-23,3
T00089,C0354,Login,Resolved,2026-01-11,2026-01-17,6
T00090,C0315,Login,Resolved,2026-01-15,2026-01-17,2
T00091,C0344,Login,Resolved,2026-06-23,2026-06-26,3
T00092,C0488,Billing,Resolved,2026-06-05,2026-06-13,8
T00093,C0018,Technical,Resolved,2026-06-15,2026-06-21,6
T00094,C0186,Login,Pending,2026-01-09,,173
T00095,C0310,Technical,Resolved,2026-04-05,2026-04-11,6
T00096,C0228,Billing,Resolved,2026-05-16,2026-05-22,6
T00097,C0204,Payment,Resolved,2026-03-05,2026-03-07,2
T00098,C0014,Technical,Resolved,2026-04-10,2026-04-19,9
T00099,C0061,Payment,Open,2026-06-30,,1
T00100,C0229,Technical,Pending,2026-03-15,,108
T00101,C0356,Login,Resolved,2026-02-04,2026-02-06,2
T00102,C0232,Technical,Open,2026-04-24,,68
T00103,C0045,Payment,Resolved,2026-01-17,2026-01-26,9
T00104,C0278,Payment,Open,2026-02-10,,141
T00105,C0365,Technical,Open,2026-05-11,,51
T00106,C0115,Billing,Pending,2026-02-05,,146
T00107,C0122,Login,Resolved,2026-05-22,2026-06-01,10
T00108,C0189,Login,Open,2026-05-22,,40
T00109,C0067,Account,Open,2026-01-17,,165
T00110,C0159,Login,Pending,2026-05-03,,59
T00111,C0270,Login,Open,2026-05-28,,34
T00112,C0038,Technical,Pending,2026-06-14,,17
T00113,C0038,Login,Resolved,2026-05-13,2026-05-19,6
T00114,C0066,Account,Resolved,2026-02-16,2026-02-19,3
T00115,C0222,Account,Pending,2026-01-15,,167
T00116,C0426,Billing,Resolved,2026-03-19,2026-03-22,3
T00117,C0083,Payment,Pending,2026-02-27,,124
T00118,C0178,Account,Open,2026-01-21,,161
T00119,C0129,Technical,Resolved,2026-05-22,2026-05-27,5
T00120,C0065,Payment,Resolved,2026-01-24,2026-02-02,9
T00121,C0329,Technical,Resolved,2026-05-29,2026-06-01,3
T00122,C0088,Account,Open,2026-06-04,,27
T00123,C0173,Account,Resolved,2026-01-08,2026-01-10,2
T00124,C0024,Account,Resolved,2026-02-23,2026-03-05,10
T00125,C0214,Account,Resolved,2026-05-08,2026-05-17,9
T00126,C0149,Payment,Resolved,2026-06-25,2026-07-02,7
T00127,C0153,Login,Resolved,2026-01-16,2026-01-19,3
T00128,C0226,Login,Resolved,2026-02-22,2026-02-28,6
T00129,C0311,Technical,Resolved,2026-03-23,2026-03-29,6
T00130,C0500,Login,Resolved,2026-04-05,2026-04-14,9
T00131,C0288,Billing,Resolved,2026-04-30,2026-05-02,2
T00132,C0137,Login,Resolved,2026-01-25,2026-01-26,1
T00133,C0149,Login,Open,2026-04-18,,74
T00134,C0128,Technical,Open,2026-05-28,,34
T00135,C0370,Payment,Resolved,2026-02-10,2026-02-18,8
T00136,C0264,Login,Resolved,2026-03-20,2026-03-28,8
T00137,C0012,Billing,Pending,2026-05-10,,52
T00138,C0235,Technical,Resolved,2026-04-01,2026-04-02,1
T00139,C0026,Payment,Resolved,2026-06-17,2026-06-25,8
T00140,C0147,Account,Resolved,2026-01-28,2026-02-04,7
T00141,C0069,Payment,Open,2026-04-14,,78
T00142,C0188,Billing,Resolved,2026-05-26,2026-06-04,9
T00143,C0100,Payment,Resolved,2026-01-19,2026-01-26,7
T00144,C0259,Login,Open,2026-03-13,,110
T00145,C0423,Account,Resolved,2026-01-31,2026-02-03,3
T00146,C0500,Billing,Resolved,2026-03-28,2026-04-06,9
T00147,C0481,Payment,Open,2026-02-20,,131
T00148,C0309,Account,Resolved,2026-01-11,2026-01-12,1
T00149,C0020,Technical,Open,2026-05-02,,60
T00150,C0266,Login,Resolved,2026-05-12,2026-05-15,3
T00151,C0168,Account,Resolved,2026-04-11,2026-04-21,10
T00152,C0379,Payment,Resolved,2026-05-10,2026-05-19,9
T00153,C0273,Login,Open,2026-03-18,,105
T00154,C0244,Billing,Resolved,2026-06-22,2026-06-24,2
T00155,C0214,Account,Resolved,2026-06-26,2026-06-27,1
T00156,C0306,Login,Resolved,2026-06-17,2026-06-27,10
T00157,C0296,Technical,Open,2026-05-30,,32
T00158,C0246,Technical,Resolved,2026-06-08,2026-06-15,7
T00159,C0076,Technical,Resolved,2026-06-29,2026-07-01,2
T00160,C0098,Billing,Resolved,2026-04-18,2026-04-21,3
T00161,C0212,Technical,Resolved,2026-06-06,2026-06-14,8
T00162,C0447,Billing,Open,2026-05-13,,49
T00163,C0107,Account,Resolved,2026-06-19,2026-06-27,8
T00164,C0270,Login,Resolved,2026-02-14,2026-02-22,8
T00165,C0468,Account,Resolved,2026-04-01,2026-04-06,5
T00166,C0313,Login,Resolved,2026-03-05,2026-03-10,5
T00167,C0286,Payment,Resolved,2026-03-18,2026-03-23,5
T00168,C0361,Technical,Resolved,2026-05-06,2026-05-12,6
T00169,C0246,Payment,Resolved,2026-03-12,2026-03-17,5
T00170,C0063,Account,Resolved,2026-04-08,2026-04-15,7
T00171,C0420,Payment,Pending,2026-02-07,,144
T00172,C0149,Billing,Resolved,2026-01-21,2026-01-27,6
T00173,C0474,Login,Resolved,2026-05-03,2026-05-07,4
T00174,C0104,Account,Resolved,2026-05-24,2026-05-29,5
T00175,C0071,Billing,Resolved,2026-05-31,2026-06-04,4
T00176,C0125,Billing,Resolved,2026-05-16,2026-05-20,4
T00177,C0327,Technical,Resolved,2026-04-16,2026-04-22,6
T00178,C0368,Login,Resolved,2026-02-05,2026-02-06,1
T00179,C0494,Account,Pending,2026-02-10,,141
T00180,C0209,Login,Resolved,2026-02-21,2026-02-26,5
T00181,C0165,Payment,Resolved,2026-01-23,2026-02-02,10
T00182,C0119,Account,Open,2026-01-10,,172
T00183,C0468,Technical,Resolved,2026-02-15,2026-02-16,1
T00184,C0429,Login,Open,2026-02-17,,134
T00185,C0480,Payment,Open,2026-01-03,,179
T00186,C0153,Account,Resolved,2026-03-27,2026-04-01,5
T00187,C0233,Account,Resolved,2026-02-04,2026-02-13,9
T00188,C0240,Payment,Resolved,2026-01-29,2026-02-04,6
T00189,C0084,Login,Resolved,2026-02-17,2026-02-18,1
T00190,C0378,Payment,Open,2026-05-26,,36
T00191,C0346,Technical,Resolved,2026-06-13,2026-06-20,7
T00192,C0424,Login,Resolved,2026-01-23,2026-01-30,7
T00193,C0343,Billing,Resolved,2026-02-05,2026-02-13,8
T00194,C0166,Technical,Resolved,2026-04-09,2026-04-13,4
T00195,C0229,Payment,Pending,2026-03-19,,104
T00196,C0299,Account,Resolved,2026-06-17,2026-06-23,6
T00197,C0355,Technical,Resolved,2026-01-31,2026-02-08,8
T00198,C0158,Technical,Resolved,2026-05-09,2026-05-14,5
T00199,C0354,Billing,Resolved,2026-03-17,2026-03-23,6
T00200,C0315,Technical,Resolved,2026-02-04,2026-02-12,8
T00201,C0079,Login,Open,2026-06-05,,26
T00202,C0192,Login,Open,2026-05-01,,61
T00203,C0388,Account,Open,2026-02-25,,126
T00204,C0391,Technical,Resolved,2026-06-02,2026-06-04,2
T00205,C0270,Login,Resolved,2026-04-03,2026-04-05,2
T00206,C0470,Account,Resolved,2026-05-21,2026-05-30,9
T00207,C0104,Account,Resolved,2026-02-12,2026-02-18,6
T00208,C0438,Account,Resolved,2026-06-24,2026-06-28,4
T00209,C0368,Account,Resolved,2026-05-11,2026-05-19,8
T00210,C0415,Billing,Resolved,2026-05-12,2026-05-19,7
T00211,C0234,Account,Resolved,2026-04-29,2026-05-04,5
T00212,C0371,Billing,Resolved,2026-01-01,2026-01-05,4
T00213,C0297,Billing,Resolved,2026-03-30,2026-04-01,2
T00214,C0278,Billing,Pending,2026-01-18,,164
T00215,C0479,Login,Resolved,2026-04-15,2026-04-18,3
T00216,C0394,Technical,Open,2026-06-15,,16
T00217,C0494,Login,Resolved,2026-04-08,2026-04-16,8
T00218,C0446,Login,Resolved,2026-06-24,2026-07-03,9
T00219,C0069,Payment,Resolved,2026-05-18,2026-05-25,7
T00220,C0271,Technical,Open,2026-02-27,,124
T00221,C0428,Billing,Open,2026-03-18,,105
T00222,C0238,Account,Resolved,2026-04-08,2026-04-12,4
T00223,C0127,Login,Resolved,2026-03-12,2026-03-16,4
T00224,C0480,Billing,Resolved,2026-06-19,2026-06-26,7
T00225,C0315,Billing,Resolved,2026-01-18,2026-01-20,2
T00226,C0305,Billing,Resolved,2026-06-22,2026-06-23,1
T00227,C0126,Billing,Resolved,2026-03-01,2026-03-10,9
T00228,C0112,Billing,Resolved,2026-03-16,2026-03-20,4
T00229,C0418,Account,Resolved,2026-06-03,2026-06-09,6
T00230,C0122,Payment,Open,2026-06-19,,12
T00231,C0267,Technical,Resolved,2026-03-12,2026-03-13,1
T00232,C0286,Account,Open,2026-02-14,,137
T00233,C0321,Login,Resolved,2026-01-13,2026-01-19,6
T00234,C0483,Login,Open,2026-03-23,,100
T00235,C0357,Login,Resolved,2026-03-18,2026-03-25,7
T00236,C0095,Account,Resolved,2026-02-27,2026-03-04,5
T00237,C0440,Technical,Open,2026-01-15,,167
T00238,C0288,Login,Pending,2026-05-23,,39
T00239,C0272,Technical,Resolved,2026-03-07,2026-03-11,4
T00240,C0170,Billing,Pending,2026-04-05,,87
T00241,C0048,Account,Open,2026-02-18,,133
T00242,C0027,Payment,Resolved,2026-06-04,2026-06-14,10
T00243,C0021,Billing,Resolved,2026-05-31,2026-06-09,9
T00244,C0112,Login,Resolved,2026-03-27,2026-04-01,5
T00245,C0490,Billing,Resolved,2026-02-18,2026-02-20,2
T00246,C0383,Login,Pending,2026-06-28,,3
T00247,C0310,Technical,Resolved,2026-03-03,2026-03-12,9
T00248,C0165,Payment,Resolved,2026-05-17,2026-05-23,6
T00249,C0158,Payment,Resolved,2026-05-08,2026-05-16,8
T00250,C0051,Login,Open,2026-03-23,,100
T00251,C0469,Technical,Resolved,2026-04-16,2026-04-17,1
T00252,C0289,Technical,Open,2026-01-05,,177
T00253,C0134,Account,Pending,2026-05-29,,33
T00254,C0369,Login,Resolved,2026-02-20,2026-02-26,6
T00255,C0118,Login,Resolved,2026-03-04,2026-03-12,8
T00256,C0282,Payment,Resolved,2026-05-06,2026-05-14,8
T00257,C0236,Technical,Open,2026-04-01,,91
T00258,C0087,Technical,Open,2026-05-06,,56
T00259,C0095,Account,Pending,2026-01-16,,166
T00260,C0269,Billing,Open,2026-01-20,,162
T00261,C0484,Billing,Open,2026-04-16,,76
T00262,C0071,Technical,Resolved,2026-02-08,2026-02-09,1
T00263,C0112,Account,Resolved,2026-01-16,2026-01-26,10
T00264,C0327,Account,Pending,2026-06-18,,13
T00265,C0250,Billing,Resolved,2026-05-22,2026-05-29,7
T00266,C0007,Billing,Resolved,2026-03-12,2026-03-21,9
T00267,C0147,Billing,Resolved,2026-06-28,2026-07-05,7
T00268,C0413,Technical,Resolved,2026-01-25,2026-02-03,9
T00269,C0077,Technical,Resolved,2026-05-15,2026-05-20,5
T00270,C0418,Payment,Resolved,2026-04-12,2026-04-14,2
T00271,C0192,Login,Resolved,2026-03-04,2026-03-08,4
T00272,C0154,Billing,Resolved,2026-06-16,2026-06-17,1
T00273,C0048,Login,Resolved,2026-05-22,2026-05-30,8
T00274,C0029,Billing,Open,2026-01-22,,160
T00275,C0256,Login,Resolved,2026-03-26,2026-04-05,10
T00276,C0440,Billing,Open,2026-01-11,,171
T00277,C0118,Technical,Pending,2026-06-27,,4
T00278,C0455,Account,Resolved,2026-01-12,2026-01-14,2
T00279,C0351,Payment,Open,2026-05-25,,37
T00280,C0337,Billing,Resolved,2026-03-22,2026-03-23,1
T00281,C0493,Technical,Resolved,2026-04-12,2026-04-14,2
T00282,C0154,Technical,Resolved,2026-05-26,2026-06-02,7
T00283,C0347,Account,Resolved,2026-02-05,2026-02-07,2
T00284,C0257,Payment,Resolved,2026-04-22,2026-04-26,4
T00285,C0430,Billing,Resolved,2026-06-07,2026-06-17,10
T00286,C0204,Payment,Resolved,2026-03-11,2026-03-19,8
T00287,C0252,Technical,Resolved,2026-04-07,2026-04-14,7
T00288,C0096,Account,Resolved,2026-01-22,2026-02-01,10
T00289,C0152,Technical,Open,2026-01-22,,160
T00290,C0138,Technical,Resolved,2026-06-12,2026-06-15,3
T00291,C0379,Login,Resolved,2026-01-28,2026-01-30,2
T00292,C0003,Payment,Resolved,2026-03-11,2026-03-13,2
T00293,C0068,Billing,Resolved,2026-04-25,2026-05-04,9
T00294,C0285,Account,Resolved,2026-01-07,2026-01-09,2
T00295,C0182,Account,Resolved,2026-06-03,2026-06-09,6
T00296,C0443,Login,Resolved,2026-04-16,2026-04-23,7
T00297,C0399,Billing,Open,2026-05-24,,38
T00298,C0464,Technical,Resolved,2026-02-13,2026-02-20,7
T00299,C0087,Technical,Resolved,2026-03-10,2026-03-18,8
T00300,C0075,Billing,Resolved,2026-03-12,2026-03-19,7
T00301,C0154,Login,Open,2026-04-03,,89
T00302,C0129,Technical,Open,2026-05-07,,55
T00303,C0305,Account,Resolved,2026-01-28,2026-01-31,3
T00304,C0156,Billing,Pending,2026-03-27,,96
T00305,C0431,Account,Resolved,2026-03-26,2026-04-03,8
T00306,C0172,Login,Open,2026-06-16,,15
T00307,C0499,Account,Resolved,2026-03-24,2026-04-03,10
T00308,C0486,Technical,Resolved,2026-02-15,2026-02-22,7
T00309,C0496,Payment,Resolved,2026-06-27,2026-07-05,8
T00310,C0496,Account,Open,2026-03-25,,98
T00311,C0193,Payment,Open,2026-04-11,,81
T00312,C0187,Billing,Pending,2026-02-21,,130
T00313,C0304,Account,Resolved,2026-05-21,2026-05-22,1
T00314,C0488,Login,Pending,2026-02-23,,128
T00315,C0225,Payment,Open,2026-01-18,,164
T00316,C0420,Login,Resolved,2026-02-05,2026-02-10,5
T00317,C0124,Payment,Resolved,2026-04-19,2026-04-26,7
T00318,C0038,Login,Pending,2026-05-03,,59
T00319,C0299,Login,Resolved,2026-06-27,2026-07-04,7
T00320,C0279,Billing,Open,2026-04-03,,89
T00321,C0360,Account,Resolved,2026-01-22,2026-01-24,2
T00322,C0394,Technical,Resolved,2026-04-01,2026-04-04,3
T00323,C0332,Account,Resolved,2026-06-15,2026-06-22,7
T00324,C0496,Payment,Pending,2026-04-21,,71
T00325,C0055,Billing,Resolved,2026-02-26,2026-03-07,9
T00326,C0383,Account,Resolved,2026-06-26,2026-07-06,10
T00327,C0114,Login,Resolved,2026-04-29,2026-05-09,10
T00328,C0354,Account,Resolved,2026-01-07,2026-01-15,8
T00329,C0054,Payment,Resolved,2026-01-22,2026-01-24,2
T00330,C0426,Technical,Resolved,2026-03-29,2026-04-06,8
T00331,C0402,Technical,Resolved,2026-03-31,2026-04-08,8
T00332,C0050,Login,Open,2026-04-26,,66
T00333,C0164,Billing,Resolved,2026-01-30,2026-01-31,1
T00334,C0435,Payment,Resolved,2026-06-23,2026-06-26,3
T00335,C0477,Technical,Resolved,2026-05-22,2026-05-25,3
T00336,C0170,Account,Resolved,2026-04-29,2026-05-03,4
T00337,C0409,Login,Resolved,2026-02-17,2026-02-24,7
T00338,C0203,Billing,Open,2026-02-20,,131
T00339,C0231,Account,Resolved,2026-01-02,2026-01-06,4
T00340,C0106,Payment,Open,2026-01-17,,165
T00341,C0296,Billing,Open,2026-05-18,,44
T00342,C0096,Payment,Resolved,2026-04-28,2026-04-30,2
T00343,C0135,Login,Resolved,2026-06-13,2026-06-19,6
T00344,C0306,Login,Resolved,2026-05-31,2026-06-02,2
T00345,C0179,Payment,Open,2026-06-08,,23
T00346,C0089,Payment,Pending,2026-06-01,,30
T00347,C0044,Technical,Resolved,2026-03-03,2026-03-08,5
T00348,C0060,Technical,Resolved,2026-02-06,2026-02-15,9
T00349,C0199,Login,Resolved,2026-05-28,2026-06-04,7
T00350,C0217,Technical,Resolved,2026-05-18,2026-05-21,3
T00351,C0285,Technical,Resolved,2026-02-05,2026-02-08,3
T00352,C0162,Login,Resolved,2026-04-02,2026-04-03,1
T00353,C0249,Technical,Resolved,2026-04-09,2026-04-18,9
T00354,C0259,Login,Resolved,2026-05-06,2026-05-13,7
T00355,C0364,Login,Resolved,2026-01-22,2026-02-01,10
T00356,C0016,Technical,Resolved,2026-03-12,2026-03-16,4
T00357,C0276,Payment,Resolved,2026-04-28,2026-05-08,10
T00358,C0381,Login,Resolved,2026-01-29,2026-02-08,10
T00359,C0059,Payment,Open,2026-04-04,,88
T00360,C0278,Billing,Open,2026-04-23,,69
T00361,C0280,Technical,Pending,2026-01-27,,155
T00362,C0377,Technical,Resolved,2026-01-09,2026-01-17,8
T00363,C0135,Payment,Open,2026-01-23,,159
T00364,C0225,Billing,Open,2026-03-02,,121
T00365,C0108,Account,Resolved,2026-06-06,2026-06-13,7
T00366,C0085,Account,Resolved,2026-02-22,2026-02-26,4
T00367,C0413,Billing,Resolved,2026-05-17,2026-05-22,5
T00368,C0306,Account,Resolved,2026-06-30,2026-07-05,5
T00369,C0149,Account,Resolved,2026-05-12,2026-05-14,2
T00370,C0070,Login,Pending,2026-03-12,,111
T00371,C0444,Technical,Open,2026-02-03,,148
T00372,C0128,Technical,Open,2026-03-05,,118
T00373,C0390,Login,Resolved,2026-05-28,2026-06-02,5
T00374,C0322,Login,Resolved,2026-01-20,2026-01-22,2
T00375,C0207,Account,Open,2026-06-27,,4
T00376,C0480,Payment,Resolved,2026-05-05,2026-05-11,6
T00377,C0298,Billing,Open,2026-01-24,,158
T00378,C0375,Login,Resolved,2026-06-28,2026-07-04,6
T00379,C0436,Billing,Open,2026-04-12,,80
T00380,C0112,Login,Open,2026-05-07,,55
T00381,C0138,Payment,Open,2026-03-28,,95
T00382,C0281,Account,Resolved,2026-05-05,2026-05-11,6
T00383,C0458,Billing,Resolved,2026-06-10,2026-06-18,8
T00384,C0009,Billing,Pending,2026-02-10,,141
T00385,C0226,Login,Resolved,2026-04-20,2026-04-24,4
T00386,C0353,Technical,Open,2026-03-19,,104
T00387,C0082,Payment,Resolved,2026-04-03,2026-04-08,5
T00388,C0043,Payment,Resolved,2026-06-16,2026-06-19,3
T00389,C0027,Login,Resolved,2026-06-29,2026-07-03,4
T00390,C0220,Billing,Open,2026-01-01,,181
T00391,C0110,Login,Resolved,2026-06-01,2026-06-05,4
T00392,C0266,Login,Resolved,2026-06-28,2026-07-04,6
T00393,C0419,Billing,Pending,2026-04-19,,73
T00394,C0356,Technical,Resolved,2026-02-28,2026-03-07,7
T00395,C0046,Billing,Resolved,2026-04-05,2026-04-10,5
T00396,C0071,Login,Open,2026-02-04,,147
T00397,C0329,Technical,Resolved,2026-05-25,2026-05-26,1
T00398,C0313,Technical,Resolved,2026-02-24,2026-02-27,3
T00399,C0471,Login,Resolved,2026-04-24,2026-04-28,4
T00400,C0045,Billing,Resolved,2026-02-01,2026-02-11,10
T00401,C0374,Login,Resolved,2026-04-20,2026-04-26,6
T00402,C0406,Technical,Resolved,2026-06-15,2026-06-17,2
T00403,C0128,Account,Resolved,2026-06-05,2026-06-10,5
T00404,C0399,Billing,Open,2026-06-18,,13
T00405,C0449,Payment,Resolved,2026-06-05,2026-06-14,9
T00406,C0097,Login,Resolved,2026-01-14,2026-01-18,4
T00407,C0254,Login,Resolved,2026-05-08,2026-05-18,10
T00408,C0037,Account,Open,2026-01-04,,178
T00409,C0185,Payment,Resolved,2026-05-26,2026-06-02,7
T00410,C0188,Account,Resolved,2026-05-01,2026-05-03,2
T00411,C0009,Account,Resolved,2026-03-09,2026-03-13,4
T00412,C0021,Billing,Pending,2026-04-12,,80
T00413,C0260,Payment,Resolved,2026-05-09,2026-05-16,7
T00414,C0217,Login,Resolved,2026-05-18,2026-05-27,9
T00415,C0316,Technical,Resolved,2026-03-21,2026-03-23,2
T00416,C0262,Technical,Pending,2026-02-09,,142
T00417,C0275,Payment,Resolved,2026-06-12,2026-06-14,2
T00418,C0159,Login,Open,2026-03-03,,120
T00419,C0030,Technical,Resolved,2026-04-22,2026-04-24,2
T00420,C0233,Account,Resolved,2026-03-21,2026-03-24,3
T00421,C0062,Billing,Open,2026-06-29,,2
T00422,C0006,Technical,Resolved,2026-03-30,2026-04-08,9
T00423,C0265,Payment,Resolved,2026-02-02,2026-02-07,5
T00424,C0376,Billing,Open,2026-01-08,,174
T00425,C0172,Login,Resolved,2026-01-17,2026-01-22,5
T00426,C0365,Account,Resolved,2026-05-08,2026-05-16,8
T00427,C0262,Payment,Resolved,2026-05-26,2026-05-29,3
T00428,C0189,Technical,Resolved,2026-01-27,2026-02-06,10
T00429,C0346,Billing,Resolved,2026-05-11,2026-05-12,1
T00430,C0023,Billing,Resolved,2026-05-01,2026-05-07,6
T00431,C0197,Technical,Resolved,2026-01-10,2026-01-19,9
T00432,C0412,Login,Resolved,2026-03-05,2026-03-12,7
T00433,C0469,Payment,Resolved,2026-01-20,2026-01-30,10
T00434,C0191,Billing,Resolved,2026-01-14,2026-01-17,3
T00435,C0115,Account,Pending,2026-04-13,,79
T00436,C0036,Login,Open,2026-03-21,,102
T00437,C0168,Billing,Resolved,2026-01-03,2026-01-09,6
T00438,C0103,Payment,Resolved,2026-03-19,2026-03-29,10
T00439,C0125,Login,Resolved,2026-05-07,2026-05-11,4
T00440,C0376,Account,Open,2026-03-04,,119
T00441,C0078,Billing,Pending,2026-01-07,,175
T00442,C0120,Account,Resolved,2026-06-27,2026-06-28,1
T00443,C0487,Payment,Resolved,2026-06-18,2026-06-25,7
T00444,C0435,Payment,Resolved,2026-05-16,2026-05-20,4
T00445,C0215,Login,Pending,2026-02-06,,145
T00446,C0365,Payment,Resolved,2026-03-01,2026-03-10,9
T00447,C0212,Payment,Resolved,2026-01-22,2026-02-01,10
T00448,C0049,Account,Resolved,2026-04-11,2026-04-13,2
T00449,C0304,Account,Resolved,2026-06-19,2026-06-22,3
T00450,C0122,Payment,Resolved,2026-03-22,2026-03-29,7
T00451,C0359,Payment,Resolved,2026-03-11,2026-03-15,4
T00452,C0039,Technical,Resolved,2026-05-30,2026-06-01,2
T00453,C0080,Billing,Resolved,2026-04-30,2026-05-06,6
T00454,C0209,Billing,Resolved,2026-02-23,2026-03-03,8
T00455,C0158,Login,Resolved,2026-01-31,2026-02-02,2
T00456,C0081,Payment,Open,2026-06-28,,3
T00457,C0309,Billing,Resolved,2026-03-25,2026-03-28,3
T00458,C0047,Technical,Pending,2026-04-12,,80
T00459,C0263,Billing,Resolved,2026-03-08,2026-03-11,3
T00460,C0016,Login,Open,2026-05-23,,39
T00461,C0384,Account,Resolved,2026-04-29,2026-05-01,2
T00462,C0412,Technical,Resolved,2026-01-16,2026-01-20,4
T00463,C0067,Technical,Open,2026-04-06,,86
T00464,C0352,Billing,Resolved,2026-03-08,2026-03-10,2
T00465,C0012,Billing,Resolved,2026-06-15,2026-06-23,8
T00466,C0415,Technical,Resolved,2026-03-26,2026-03-28,2
T00467,C0022,Login,Resolved,2026-05-27,2026-06-03,7
T00468,C0421,Login,Resolved,2026-04-08,2026-04-15,7
T00469,C0089,Payment,Resolved,2026-02-17,2026-02-22,5
T00470,C0144,Login,Open,2026-01-09,,173
T00471,C0315,Account,Resolved,2026-06-15,2026-06-20,5
T00472,C0256,Login,Open,2026-05-03,,59
T00473,C0032,Billing,Resolved,2026-02-05,2026-02-12,7
T00474,C0103,Account,Resolved,2026-05-20,2026-05-21,1
T00475,C0196,Payment,Resolved,2026-05-05,2026-05-11,6
T00476,C0468,Account,Resolved,2026-04-10,2026-04-15,5
T00477,C0093,Billing,Resolved,2026-02-26,2026-02-27,1
T00478,C0459,Payment,Resolved,2026-05-01,2026-05-10,9
T00479,C0184,Account,Pending,2026-02-10,,141
T00480,C0052,Technical,Resolved,2026-03-10,2026-03-19,9
T00481,C0418,Billing,Open,2026-02-26,,125
T00482,C0295,Login,Resolved,2026-02-14,2026-02-17,3
T00483,C0122,Account,Resolved,2026-06-28,2026-07-04,6
T00484,C0468,Account,Resolved,2026-06-29,2026-07-05,6
T00485,C0486,Account,Resolved,2026-05-25,2026-05-29,4
T00486,C0429,Login,Resolved,2026-02-14,2026-02-22,8
T00487,C0020,Billing,Resolved,2026-06-04,2026-06-08,4
T00488,C0011,Account,Resolved,2026-03-26,2026-04-05,10
T00489,C0104,Technical,Resolved,2026-02-15,2026-02-21,6
T00490,C0031,Billing,Resolved,2026-06-30,2026-07-03,3
T00491,C0397,Billing,Open,2026-04-04,,88
T00492,C0492,Billing,Resolved,2026-06-19,2026-06-26,7
T00493,C0301,Billing,Resolved,2026-03-24,2026-03-27,3
T00494,C0500,Technical,Open,2026-04-22,,70
T00495,C0406,Login,Resolved,2026-02-14,2026-02-23,9
T00496,C0356,Account,Open,2026-02-27,,124
T00497,C0341,Account,Open,2026-04-07,,85
T00498,C0158,Payment,Resolved,2026-01-01,2026-01-11,10
T00499,C0201,Account,Resolved,2026-06-04,2026-06-10,6
T00500,C0472,Account,Resolved,2026-05-25,2026-05-27,2
T00501,C0480,Login,Resolved,2026-01-20,2026-01-24,4
T00502,C0178,Payment,Resolved,2026-01-23,2026-01-29,6
T00503,C0229,Billing,Resolved,2026-03-05,2026-03-07,2
T00504,C0180,Payment,Open,2026-01-01,,181
T00505,C0025,Login,Resolved,2026-04-18,2026-04-21,3
T00506,C0453,Login,Resolved,2026-04-07,2026-04-13,6
T00507,C0280,Login,Resolved,2026-05-03,2026-05-13,10
T00508,C0334,Technical,Resolved,2026-01-19,2026-01-20,1
T00509,C0151,Billing,Resolved,2026-01-27,2026-01-29,2
T00510,C0176,Technical,Open,2026-02-11,,140
T00511,C0375,Billing,Resolved,2026-01-24,2026-01-30,6
T00512,C0305,Account,Open,2026-06-30,,1
T00513,C0016,Login,Pending,2026-02-12,,139
T00514,C0311,Login,Resolved,2026-01-26,2026-02-01,6
T00515,C0106,Technical,Resolved,2026-05-22,2026-05-31,9
T00516,C0136,Payment,Resolved,2026-01-25,2026-01-26,1
T00517,C0202,Account,Resolved,2026-05-06,2026-05-09,3
T00518,C0028,Payment,Resolved,2026-01-23,2026-01-28,5
T00519,C0422,Account,Resolved,2026-01-25,2026-01-26,1
T00520,C0106,Technical,Resolved,2026-01-21,2026-01-29,8
T00521,C0433,Billing,Resolved,2026-04-12,2026-04-20,8
T00522,C0251,Payment,Resolved,2026-05-20,2026-05-27,7
T00523,C0095,Payment,Open,2026-04-05,,87
T00524,C0096,Login,Resolved,2026-04-23,2026-05-01,8
T00525,C0135,Technical,Open,2026-05-25,,37
T00526,C0032,Technical,Open,2026-06-20,,11
T00527,C0050,Billing,Resolved,2026-05-19,2026-05-26,7
T00528,C0498,Account,Resolved,2026-01-16,2026-01-23,7
T00529,C0420,Account,Resolved,2026-05-18,2026-05-26,8
T00530,C0294,Technical,Resolved,2026-01-21,2026-01-28,7
T00531,C0463,Billing,Resolved,2026-05-13,2026-05-23,10
T00532,C0347,Account,Resolved,2026-04-25,2026-04-28,3
T00533,C0486,Technical,Pending,2026-02-19,,132
T00534,C0065,Billing,Resolved,2026-06-24,2026-07-01,7
T00535,C0104,Technical,Open,2026-03-08,,115
T00536,C0164,Billing,Resolved,2026-05-23,2026-05-30,7
T00537,C0283,Payment,Open,2026-05-14,,48
T00538,C0235,Billing,Open,2026-06-09,,22
T00539,C0301,Account,Open,2026-01-29,,153
T00540,C0213,Technical,Resolved,2026-05-31,2026-06-10,10
T00541,C0389,Billing,Pending,2026-05-25,,37
T00542,C0400,Billing,Open,2026-05-18,,44
T00543,C0451,Payment,Open,2026-03-09,,114
T00544,C0197,Login,Resolved,2026-05-02,2026-05-03,1
T00545,C0089,Payment,Resolved,2026-06-08,2026-06-18,10
T00546,C0349,Login,Resolved,2026-03-26,2026-03-30,4
T00547,C0026,Login,Pending,2026-04-06,,86
T00548,C0011,Payment,Open,2026-03-19,,104
T00549,C0160,Payment,Open,2026-06-28,,3
T00550,C0351,Billing,Pending,2026-02-28,,123
T00551,C0069,Payment,Pending,2026-04-24,,68
T00552,C0397,Payment,Resolved,2026-04-17,2026-04-27,10
T00553,C0331,Billing,Resolved,2026-02-24,2026-03-03,7
T00554,C0380,Login,Open,2026-04-06,,86
T00555,C0421,Billing,Resolved,2026-02-10,2026-02-12,2
T00556,C0160,Account,Resolved,2026-05-15,2026-05-25,10
T00557,C0015,Technical,Resolved,2026-02-21,2026-02-22,1
T00558,C0128,Billing,Resolved,2026-04-03,2026-04-07,4
T00559,C0141,Payment,Open,2026-05-10,,52
T00560,C0204,Billing,Resolved,2026-03-03,2026-03-09,6
T00561,C0251,Account,Resolved,2026-05-02,2026-05-12,10
T00562,C0283,Payment,Resolved,2026-03-08,2026-03-10,2
T00563,C0146,Billing,Resolved,2026-02-11,2026-02-21,10
T00564,C0400,Technical,Open,2026-06-15,,16
T00565,C0116,Technical,Resolved,2026-04-15,2026-04-24,9
T00566,C0011,Billing,Resolved,2026-02-03,2026-02-06,3
T00567,C0308,Billing,Resolved,2026-06-05,2026-06-10,5
T00568,C0365,Payment,Resolved,2026-04-07,2026-04-13,6
T00569,C0236,Payment,Resolved,2026-03-19,2026-03-28,9
T00570,C0423,Account,Resolved,2026-01-27,2026-01-28,1
T00571,C0262,Payment,Resolved,2026-06-02,2026-06-12,10
T00572,C0145,Payment,Resolved,2026-05-04,2026-05-06,2
T00573,C0173,Payment,Resolved,2026-03-12,2026-03-17,5
T00574,C0336,Payment,Resolved,2026-05-13,2026-05-17,4
T00575,C0461,Billing,Open,2026-06-03,,28
T00576,C0207,Payment,Resolved,2026-01-07,2026-01-15,8
T00577,C0152,Payment,Pending,2026-04-14,,78
T00578,C0199,Billing,Resolved,2026-05-27,2026-05-31,4
T00579,C0176,Technical,Resolved,2026-06-13,2026-06-21,8
T00580,C0465,Payment,Resolved,2026-02-13,2026-02-22,9
T00581,C0093,Payment,Resolved,2026-02-02,2026-02-07,5
T00582,C0372,Account,Open,2026-02-16,,135
T00583,C0485,Payment,Resolved,2026-02-26,2026-03-04,6
T00584,C0115,Payment,Resolved,2026-03-26,2026-04-01,6
T00585,C0134,Account,Resolved,2026-01-31,2026-02-08,8
T00586,C0028,Account,Resolved,2026-06-08,2026-06-10,2
T00587,C0242,Technical,Resolved,2026-06-24,2026-07-01,7
T00588,C0272,Payment,Resolved,2026-02-08,2026-02-11,3
T00589,C0103,Payment,Resolved,2026-05-26,2026-06-03,8
T00590,C0074,Payment,Open,2026-02-16,,135
T00591,C0399,Billing,Resolved,2026-06-11,2026-06-14,3
T00592,C0161,Billing,Resolved,2026-03-12,2026-03-16,4
T00593,C0390,Technical,Resolved,2026-02-10,2026-02-18,8
T00594,C0403,Billing,Resolved,2026-04-22,2026-04-29,7
T00595,C0207,Login,Pending,2026-04-09,,83
T00596,C0003,Billing,Resolved,2026-04-06,2026-04-07,1
T00597,C0457,Payment,Open,2026-05-16,,46
T00598,C0098,Billing,Resolved,2026-06-10,2026-06-14,4
T00599,C0116,Payment,Resolved,2026-01-27,2026-02-03,7
T00600,C0258,Account,Resolved,2026-01-17,2026-01-18,1
T00601,C0153,Payment,Resolved,2026-05-14,2026-05-24,10
T00602,C0269,Payment,Resolved,2026-06-25,2026-06-28,3
T00603,C0176,Login,Resolved,2026-02-18,2026-02-21,3
T00604,C0486,Login,Resolved,2026-02-27,2026-03-02,3
T00605,C0109,Billing,Resolved,2026-02-13,2026-02-15,2
T00606,C0188,Billing,Resolved,2026-06-13,2026-06-18,5
T00607,C0395,Account,Resolved,2026-06-02,2026-06-03,1
T00608,C0339,Billing,Resolved,2026-01-06,2026-01-07,1
T00609,C0354,Billing,Resolved,2026-04-08,2026-04-10,2
T00610,C0281,Payment,Resolved,2026-02-09,2026-02-13,4
T00611,C0356,Billing,Resolved,2026-06-19,2026-06-21,2
T00612,C0340,Account,Resolved,2026-06-05,2026-06-08,3
T00613,C0215,Billing,Resolved,2026-06-08,2026-06-10,2
T00614,C0145,Billing,Open,2026-05-08,,54
T00615,C0102,Account,Resolved,2026-03-09,2026-03-18,9
T00616,C0499,Technical,Resolved,2026-04-15,2026-04-20,5
T00617,C0083,Billing,Resolved,2026-02-23,2026-03-03,8
T00618,C0170,Technical,Resolved,2026-06-21,2026-06-23,2
T00619,C0465,Billing,Open,2026-06-21,,10
T00620,C0253,Technical,Pending,2026-05-11,,51
T00621,C0039,Billing,Pending,2026-06-14,,17
T00622,C0119,Login,Pending,2026-03-17,,106
T00623,C0136,Login,Resolved,2026-02-14,2026-02-15,1
T00624,C0437,Payment,Resolved,2026-06-23,2026-06-29,6
T00625,C0219,Billing,Resolved,2026-01-12,2026-01-13,1
T00626,C0437,Technical,Resolved,2026-02-13,2026-02-19,6
T00627,C0184,Login,Pending,2026-03-10,,113
T00628,C0450,Billing,Resolved,2026-03-29,2026-04-01,3
T00629,C0059,Login,Resolved,2026-04-27,2026-05-02,5
T00630,C0428,Login,Resolved,2026-05-03,2026-05-10,7
T00631,C0333,Technical,Resolved,2026-06-28,2026-06-29,1
T00632,C0483,Technical,Resolved,2026-06-01,2026-06-09,8
T00633,C0411,Account,Resolved,2026-02-16,2026-02-26,10
T00634,C0195,Payment,Resolved,2026-06-25,2026-06-28,3
T00635,C0248,Login,Resolved,2026-04-16,2026-04-24,8
T00636,C0024,Billing,Resolved,2026-03-22,2026-03-23,1
T00637,C0361,Account,Open,2026-05-28,,34
T00638,C0371,Account,Resolved,2026-06-21,2026-06-27,6
T00639,C0266,Account,Resolved,2026-06-08,2026-06-10,2
T00640,C0222,Technical,Resolved,2026-06-19,2026-06-26,7
T00641,C0077,Account,Open,2026-06-06,,25
T00642,C0028,Billing,Resolved,2026-02-10,2026-02-19,9
T00643,C0435,Login,Open,2026-02-12,,139
T00644,C0039,Login,Resolved,2026-03-26,2026-03-31,5
T00645,C0026,Account,Resolved,2026-06-14,2026-06-21,7
T00646,C0207,Technical,Resolved,2026-04-24,2026-05-04,10
T00647,C0230,Billing,Open,2026-04-25,,67
T00648,C0162,Billing,Pending,2026-06-17,,14
T00649,C0010,Billing,Resolved,2026-01-10,2026-01-19,9
T00650,C0282,Billing,Open,2026-06-04,,27
T00651,C0494,Account,Resolved,2026-05-11,2026-05-20,9
T00652,C0106,Login,Pending,2026-04-04,,88
T00653,C0423,Billing,Open,2026-04-27,,65
T00654,C0170,Account,Open,2026-06-03,,28
T00655,C0243,Payment,Open,2026-01-30,,152
T00656,C0050,Technical,Resolved,2026-04-01,2026-04-06,5
T00657,C0281,Account,Resolved,2026-01-28,2026-01-29,1
T00658,C0460,Technical,Resolved,2026-04-15,2026-04-17,2
T00659,C0131,Account,Resolved,2026-01-31,2026-02-07,7
T00660,C0111,Login,Open,2026-02-18,,133
T00661,C0367,Payment,Resolved,2026-04-17,2026-04-18,1
T00662,C0475,Account,Resolved,2026-04-26,2026-05-04,8
T00663,C0338,Account,Pending,2026-02-04,,147
T00664,C0494,Login,Resolved,2026-01-13,2026-01-22,9
T00665,C0479,Login,Open,2026-05-04,,58
T00666,C0474,Account,Open,2026-02-15,,136
T00667,C0355,Account,Resolved,2026-02-02,2026-02-04,2
T00668,C0199,Account,Resolved,2026-03-24,2026-04-02,9
T00669,C0452,Login,Resolved,2026-06-05,2026-06-09,4
T00670,C0141,Login,Pending,2026-03-17,,106
T00671,C0232,Technical,Resolved,2026-06-04,2026-06-13,9
T00672,C0154,Account,Open,2026-05-22,,40
T00673,C0324,Technical,Resolved,2026-06-09,2026-06-14,5
T00674,C0352,Payment,Pending,2026-02-03,,148
T00675,C0364,Technical,Resolved,2026-06-27,2026-07-03,6
T00676,C0364,Billing,Open,2026-05-24,,38
T00677,C0246,Account,Resolved,2026-06-20,2026-06-27,7
T00678,C0346,Account,Resolved,2026-04-19,2026-04-20,1
T00679,C0268,Billing,Resolved,2026-02-07,2026-02-08,1
T00680,C0344,Billing,Resolved,2026-02-11,2026-02-16,5
T00681,C0350,Payment,Resolved,2026-01-16,2026-01-21,5
T00682,C0105,Account,Resolved,2026-04-26,2026-04-28,2
T00683,C0316,Account,Open,2026-06-15,,16
T00684,C0288,Login,Resolved,2026-06-28,2026-07-03,5
T00685,C0355,Billing,Pending,2026-04-10,,82
T00686,C0214,Payment,Pending,2026-01-14,,168
T00687,C0007,Payment,Resolved,2026-04-24,2026-04-28,4
T00688,C0467,Payment,Open,2026-05-20,,42
T00689,C0379,Account,Resolved,2026-02-19,2026-02-24,5
T00690,C0230,Technical,Pending,2026-01-20,,162
T00691,C0096,Technical,Open,2026-01-31,,151
T00692,C0194,Billing,Resolved,2026-05-23,2026-05-28,5
T00693,C0067,Technical,Resolved,2026-03-07,2026-03-08,1
T00694,C0170,Login,Open,2026-02-09,,142
T00695,C0021,Technical,Pending,2026-06-02,,29
T00696,C0027,Account,Open,2026-03-19,,104
T00697,C0252,Account,Resolved,2026-01-19,2026-01-25,6
T00698,C0270,Technical,Pending,2026-05-14,,48
T00699,C0035,Account,Resolved,2026-05-20,2026-05-29,9
T00700,C0207,Billing,Resolved,2026-02-24,2026-03-02,6
T00701,C0170,Payment,Resolved,2026-06-08,2026-06-17,9
T00702,C0244,Account,Open,2026-06-16,,15
T00703,C0005,Billing,Resolved,2026-04-25,2026-04-29,4
T00704,C0464,Account,Pending,2026-03-04,,119
T00705,C0491,Billing,Resolved,2026-03-24,2026-03-31,7
T00706,C0469,Billing,Resolved,2026-05-19,2026-05-24,5
T00707,C0013,Account,Open,2026-04-06,,86
T00708,C0264,Account,Resolved,2026-01-12,2026-01-17,5
T00709,C0460,Technical,Resolved,2026-01-22,2026-01-24,2
T00710,C0086,Account,Resolved,2026-06-10,2026-06-12,2
T00711,C0108,Technical,Open,2026-04-19,,73
T00712,C0428,Billing,Resolved,2026-06-29,2026-07-06,7
T00713,C0332,Billing,Open,2026-02-09,,142
T00714,C0013,Login,Open,2026-01-10,,172
T00715,C0045,Billing,Resolved,2026-03-06,2026-03-15,9
T00716,C0037,Account,Open,2026-03-08,,115
T00717,C0209,Login,Resolved,2026-04-14,2026-04-21,7
T00718,C0162,Billing,Resolved,2026-01-31,2026-02-09,9
T00719,C0004,Account,Resolved,2026-05-30,2026-05-31,1
T00720,C0359,Billing,Resolved,2026-05-09,2026-05-11,2
T00721,C0149,Payment,Resolved,2026-03-14,2026-03-22,8
T00722,C0196,Login,Open,2026-01-08,,174
T00723,C0243,Technical,Resolved,2026-02-04,2026-02-11,7
T00724,C0408,Account,Resolved,2026-06-12,2026-06-15,3
T00725,C0153,Payment,Pending,2026-01-03,,179
T00726,C0284,Account,Resolved,2026-01-11,2026-01-12,1
T00727,C0294,Account,Resolved,2026-05-21,2026-05-23,2
T00728,C0157,Technical,Open,2026-03-30,,93
T00729,C0109,Login,Pending,2026-05-12,,50
T00730,C0073,Technical,Resolved,2026-06-07,2026-06-12,5
T00731,C0100,Billing,Resolved,2026-05-26,2026-05-27,1
T00732,C0436,Account,Resolved,2026-05-21,2026-05-23,2
T00733,C0149,Billing,Resolved,2026-02-20,2026-03-02,10
T00734,C0250,Payment,Resolved,2026-06-21,2026-06-25,4
T00735,C0052,Payment,Resolved,2026-02-19,2026-02-25,6
T00736,C0249,Login,Resolved,2026-06-18,2026-06-23,5
T00737,C0356,Account,Resolved,2026-05-26,2026-06-01,6
T00738,C0414,Payment,Pending,2026-02-13,,138
T00739,C0003,Payment,Resolved,2026-02-26,2026-03-05,7
T00740,C0142,Payment,Resolved,2026-03-26,2026-04-03,8
T00741,C0237,Login,Resolved,2026-03-20,2026-03-28,8
T00742,C0283,Billing,Resolved,2026-06-05,2026-06-07,2
T00743,C0431,Payment,Open,2026-02-05,,146
T00744,C0457,Account,Resolved,2026-06-10,2026-06-12,2
T00745,C0373,Billing,Open,2026-05-10,,52
T00746,C0324,Billing,Open,2026-05-29,,33
T00747,C0208,Account,Resolved,2026-01-10,2026-01-19,9
T00748,C0134,Account,Open,2026-05-19,,43
T00749,C0242,Technical,Resolved,2026-02-27,2026-03-09,10
T00750,C0376,Payment,Resolved,2026-05-09,2026-05-18,9
T00751,C0047,Login,Resolved,2026-01-03,2026-01-07,4
T00752,C0435,Account,Resolved,2026-05-12,2026-05-15,3
T00753,C0229,Technical,Resolved,2026-05-25,2026-05-28,3
T00754,C0377,Login,Pending,2026-01-11,,171
T00755,C0113,Login,Resolved,2026-03-09,2026-03-15,6
T00756,C0120,Billing,Resolved,2026-05-13,2026-05-19,6
T00757,C0199,Login,Pending,2026-01-12,,170
T00758,C0021,Payment,Resolved,2026-05-14,2026-05-19,5
T00759,C0428,Payment,Resolved,2026-05-26,2026-05-29,3
T00760,C0193,Login,Resolved,2026-06-17,2026-06-19,2
T00761,C0265,Payment,Resolved,2026-02-27,2026-03-08,9
T00762,C0208,Payment,Open,2026-03-30,,93
T00763,C0250,Login,Open,2026-01-02,,180
T00764,C0257,Technical,Resolved,2026-02-28,2026-03-02,2
T00765,C0264,Payment,Resolved,2026-02-17,2026-02-20,3
T00766,C0186,Account,Open,2026-01-31,,151
T00767,C0339,Technical,Resolved,2026-03-26,2026-03-28,2
T00768,C0247,Login,Resolved,2026-06-01,2026-06-04,3
T00769,C0332,Login,Resolved,2026-01-12,2026-01-15,3
T00770,C0294,Account,Resolved,2026-06-11,2026-06-20,9
T00771,C0021,Account,Resolved,2026-02-12,2026-02-17,5
T00772,C0473,Technical,Resolved,2026-04-14,2026-04-24,10
T00773,C0497,Account,Resolved,2026-06-19,2026-06-24,5
T00774,C0485,Billing,Resolved,2026-06-05,2026-06-13,8
T00775,C0445,Login,Resolved,2026-04-16,2026-04-26,10
T00776,C0074,Account,Open,2026-02-16,,135
T00777,C0320,Account,Resolved,2026-06-25,2026-07-01,6
T00778,C0473,Login,Resolved,2026-01-18,2026-01-22,4
T00779,C0194,Login,Resolved,2026-01-05,2026-01-09,4
T00780,C0268,Account,Resolved,2026-02-08,2026-02-18,10
T00781,C0050,Technical,Resolved,2026-06-07,2026-06-17,10
T00782,C0020,Account,Resolved,2026-01-31,2026-02-02,2
T00783,C0247,Technical,Pending,2026-05-19,,43
T00784,C0424,Billing,Open,2026-06-23,,8
T00785,C0333,Login,Resolved,2026-04-05,2026-04-06,1
T00786,C0358,Account,Resolved,2026-05-04,2026-05-11,7
T00787,C0180,Account,Open,2026-06-28,,3
T00788,C0295,Billing,Resolved,2026-03-07,2026-03-15,8
T00789,C0393,Technical,Pending,2026-01-22,,160
T00790,C0146,Account,Open,2026-04-15,,77
T00791,C0132,Technical,Resolved,2026-01-02,2026-01-12,10
T00792,C0268,Billing,Resolved,2026-04-07,2026-04-11,4
T00793,C0353,Payment,Resolved,2026-01-28,2026-01-31,3
T00794,C0219,Account,Resolved,2026-05-18,2026-05-25,7
T00795,C0290,Payment,Resolved,2026-06-24,2026-07-01,7
T00796,C0387,Technical,Resolved,2026-05-23,2026-05-31,8
T00797,C0092,Payment,Resolved,2026-05-04,2026-05-09,5
T00798,C0158,Account,Resolved,2026-06-30,2026-07-07,7
T00799,C0377,Technical,Open,2026-06-18,,13
T00800,C0061,Technical,Resolved,2026-06-29,2026-07-02,3
T00801,C0052,Technical,Resolved,2026-03-28,2026-04-06,9
T00802,C0315,Billing,Resolved,2026-06-12,2026-06-13,1
T00803,C0412,Billing,Open,2026-05-01,,61
T00804,C0475,Account,Resolved,2026-01-17,2026-01-22,5
T00805,C0114,Payment,Resolved,2026-01-10,2026-01-17,7
T00806,C0477,Login,Resolved,2026-05-14,2026-05-19,5
T00807,C0365,Account,Resolved,2026-02-14,2026-02-22,8
T00808,C0225,Billing,Resolved,2026-06-18,2026-06-27,9
T00809,C0147,Technical,Resolved,2026-06-03,2026-06-12,9
T00810,C0265,Technical,Resolved,2026-06-22,2026-06-23,1
T00811,C0185,Technical,Resolved,2026-02-10,2026-02-12,2
T00812,C0142,Login,Resolved,2026-04-12,2026-04-19,7
T00813,C0301,Technical,Resolved,2026-06-30,2026-07-02,2
T00814,C0471,Billing,Resolved,2026-05-24,2026-06-03,10
T00815,C0179,Payment,Pending,2026-03-12,,111
T00816,C0116,Account,Pending,2026-04-27,,65
T00817,C0477,Login,Resolved,2026-03-08,2026-03-11,3
T00818,C0209,Account,Resolved,2026-01-19,2026-01-28,9
T00819,C0151,Payment,Pending,2026-05-12,,50
T00820,C0490,Payment,Open,2026-05-28,,34
T00821,C0129,Login,Pending,2026-05-25,,37
T00822,C0248,Technical,Open,2026-04-28,,64
T00823,C0349,Login,Open,2026-01-08,,174
T00824,C0247,Billing,Resolved,2026-04-08,2026-04-12,4
T00825,C0347,Technical,Open,2026-04-16,,76
T00826,C0490,Payment,Resolved,2026-01-03,2026-01-08,5
T00827,C0128,Payment,Resolved,2026-06-22,2026-06-28,6
T00828,C0039,Account,Pending,2026-05-02,,60
T00829,C0161,Payment,Resolved,2026-05-27,2026-06-01,5
T00830,C0094,Technical,Resolved,2026-02-21,2026-02-25,4
T00831,C0377,Technical,Open,2026-02-22,,129
T00832,C0118,Technical,Open,2026-06-08,,23
T00833,C0183,Technical,Open,2026-01-31,,151
T00834,C0472,Billing,Resolved,2026-06-19,2026-06-27,8
T00835,C0315,Billing,Open,2026-05-19,,43
T00836,C0491,Billing,Open,2026-04-06,,86
T00837,C0318,Payment,Resolved,2026-05-28,2026-06-02,5
T00838,C0252,Technical,Pending,2026-05-11,,51
T00839,C0144,Login,Resolved,2026-05-28,2026-05-31,3
T00840,C0028,Account,Open,2026-05-03,,59
T00841,C0482,Account,Resolved,2026-03-30,2026-04-06,7
T00842,C0441,Technical,Resolved,2026-01-31,2026-02-09,9
T00843,C0236,Payment,Resolved,2026-01-04,2026-01-08,4
T00844,C0195,Account,Resolved,2026-04-03,2026-04-13,10
T00845,C0442,Payment,Resolved,2026-03-09,2026-03-13,4
T00846,C0138,Login,Pending,2026-03-29,,94
T00847,C0188,Technical,Resolved,2026-02-23,2026-03-02,7
T00848,C0359,Payment,Resolved,2026-04-13,2026-04-18,5
T00849,C0231,Technical,Resolved,2026-05-28,2026-06-01,4
T00850,C0417,Billing,Open,2026-03-02,,121
T00851,C0285,Login,Open,2026-02-20,,131
T00852,C0075,Technical,Resolved,2026-01-03,2026-01-06,3
T00853,C0216,Login,Resolved,2026-06-11,2026-06-20,9
T00854,C0274,Payment,Open,2026-03-18,,105
T00855,C0129,Account,Open,2026-01-13,,169
T00856,C0204,Billing,Resolved,2026-01-16,2026-01-20,4
T00857,C0417,Payment,Resolved,2026-06-11,2026-06-13,2
T00858,C0231,Payment,Resolved,2026-04-03,2026-04-12,9
T00859,C0286,Payment,Resolved,2026-04-16,2026-04-18,2
T00860,C0180,Account,Resolved,2026-05-28,2026-06-06,9
T00861,C0090,Payment,Resolved,2026-06-22,2026-07-01,9
T00862,C0250,Login,Open,2026-04-08,,84
T00863,C0315,Payment,Resolved,2026-02-07,2026-02-10,3
T00864,C0328,Payment,Resolved,2026-06-06,2026-06-16,10
T00865,C0208,Billing,Resolved,2026-03-29,2026-04-02,4
T00866,C0161,Payment,Resolved,2026-03-10,2026-03-20,10
T00867,C0331,Login,Resolved,2026-04-24,2026-04-30,6
T00868,C0383,Account,Resolved,2026-04-26,2026-05-03,7
T00869,C0086,Technical,Open,2026-02-02,,149
T00870,C0373,Technical,Resolved,2026-06-29,2026-07-01,2
T00871,C0108,Technical,Resolved,2026-01-25,2026-01-27,2
T00872,C0480,Login,Resolved,2026-01-07,2026-01-14,7
T00873,C0269,Billing,Resolved,2026-06-08,2026-06-11,3
T00874,C0044,Login,Resolved,2026-03-05,2026-03-10,5
T00875,C0227,Technical,Resolved,2026-02-13,2026-02-14,1
T00876,C0018,Payment,Open,2026-03-25,,98
T00877,C0443,Login,Resolved,2026-05-19,2026-05-24,5
T00878,C0281,Login,Resolved,2026-06-28,2026-07-07,9
T00879,C0091,Account,Resolved,2026-06-11,2026-06-21,10
T00880,C0223,Account,Resolved,2026-05-17,2026-05-22,5
T00881,C0466,Payment,Resolved,2026-02-28,2026-03-02,2
T00882,C0227,Payment,Resolved,2026-03-08,2026-03-11,3
T00883,C0156,Billing,Resolved,2026-02-04,2026-02-10,6
T00884,C0147,Login,Resolved,2026-06-26,2026-07-04,8
T00885,C0485,Login,Resolved,2026-04-21,2026-04-26,5
T00886,C0306,Technical,Open,2026-05-21,,41
T00887,C0192,Technical,Resolved,2026-05-24,2026-05-31,7
T00888,C0203,Technical,Resolved,2026-06-15,2026-06-22,7
T00889,C0425,Login,Resolved,2026-01-21,2026-01-28,7
T00890,C0321,Technical,Resolved,2026-06-06,2026-06-11,5
T00891,C0146,Account,Open,2026-04-16,,76
T00892,C0097,Billing,Resolved,2026-03-16,2026-03-18,2
T00893,C0327,Login,Resolved,2026-03-11,2026-03-21,10
T00894,C0252,Technical,Resolved,2026-02-08,2026-02-09,1
T00895,C0497,Account,Resolved,2026-01-27,2026-02-01,5
T00896,C0138,Technical,Open,2026-01-03,,179
T00897,C0120,Billing,Resolved,2026-05-07,2026-05-11,4
T00898,C0176,Login,Resolved,2026-05-08,2026-05-14,6
T00899,C0238,Billing,Resolved,2026-02-07,2026-02-08,1
T00900,C0137,Login,Resolved,2026-05-01,2026-05-04,3
T00901,C0099,Payment,Open,2026-01-04,,178
T00902,C0063,Technical,Resolved,2026-04-24,2026-04-28,4
T00903,C0378,Billing,Resolved,2026-01-25,2026-02-03,9
T00904,C0341,Technical,Resolved,2026-06-24,2026-06-29,5
T00905,C0480,Payment,Resolved,2026-01-11,2026-01-20,9
T00906,C0267,Billing,Resolved,2026-06-13,2026-06-18,5
T00907,C0102,Payment,Open,2026-06-20,,11
T00908,C0112,Billing,Resolved,2026-04-22,2026-04-28,6
T00909,C0008,Technical,Open,2026-05-30,,32
T00910,C0062,Login,Open,2026-01-03,,179
T00911,C0497,Billing,Resolved,2026-06-26,2026-07-04,8
T00912,C0353,Account,Resolved,2026-01-23,2026-01-27,4
T00913,C0081,Login,Resolved,2026-06-08,2026-06-14,6
T00914,C0477,Billing,Resolved,2026-06-15,2026-06-18,3
T00915,C0360,Account,Open,2026-02-02,,149
T00916,C0250,Technical,Resolved,2026-05-23,2026-05-29,6
T00917,C0413,Login,Open,2026-01-06,,176
T00918,C0353,Login,Resolved,2026-02-04,2026-02-09,5
T00919,C0461,Billing,Resolved,2026-04-23,2026-05-02,9
T00920,C0151,Account,Resolved,2026-02-18,2026-02-28,10
T00921,C0096,Account,Resolved,2026-04-30,2026-05-05,5
T00922,C0445,Account,Pending,2026-05-22,,40
T00923,C0083,Billing,Resolved,2026-04-26,2026-05-01,5
T00924,C0420,Payment,Resolved,2026-04-27,2026-04-28,1
T00925,C0398,Account,Resolved,2026-02-17,2026-02-18,1
T00926,C0318,Payment,Open,2026-03-03,,120
T00927,C0165,Billing,Resolved,2026-05-18,2026-05-25,7
T00928,C0098,Account,Resolved,2026-05-22,2026-05-25,3
T00929,C0314,Payment,Resolved,2026-06-14,2026-06-20,6
T00930,C0057,Billing,Resolved,2026-01-18,2026-01-19,1
T00931,C0428,Technical,Resolved,2026-01-09,2026-01-13,4
T00932,C0055,Login,Resolved,2026-01-09,2026-01-19,10
T00933,C0329,Login,Resolved,2026-05-15,2026-05-25,10
T00934,C0360,Account,Resolved,2026-04-04,2026-04-08,4
T00935,C0311,Billing,Resolved,2026-02-23,2026-03-03,8
T00936,C0476,Billing,Resolved,2026-06-13,2026-06-14,1
T00937,C0185,Account,Open,2026-04-17,,75
T00938,C0421,Payment,Open,2026-01-15,,167
T00939,C0422,Account,Resolved,2026-01-11,2026-01-13,2
T00940,C0428,Payment,Resolved,2026-02-25,2026-03-06,9
T00941,C0050,Billing,Open,2026-05-17,,45
T00942,C0198,Technical,Resolved,2026-06-18,2026-06-22,4
T00943,C0292,Technical,Resolved,2026-05-23,2026-05-30,7
T00944,C0383,Billing,Open,2026-05-28,,34
T00945,C0184,Login,Open,2026-04-20,,72
T00946,C0453,Billing,Resolved,2026-02-16,2026-02-25,9
T00947,C0206,Account,Resolved,2026-02-10,2026-02-19,9
T00948,C0308,Login,Pending,2026-03-22,,101
T00949,C0282,Payment,Open,2026-04-16,,76
T00950,C0392,Login,Open,2026-03-24,,99
T00951,C0312,Technical,Resolved,2026-02-24,2026-03-03,7
T00952,C0393,Account,Pending,2026-03-07,,116
T00953,C0185,Login,Resolved,2026-04-12,2026-04-13,1
T00954,C0372,Billing,Pending,2026-06-02,,29
T00955,C0009,Account,Resolved,2026-03-19,2026-03-20,1
T00956,C0154,Technical,Resolved,2026-03-22,2026-03-23,1
T00957,C0396,Payment,Pending,2026-05-11,,51
T00958,C0285,Account,Pending,2026-02-09,,142
T00959,C0049,Billing,Resolved,2026-02-09,2026-02-12,3
T00960,C0136,Payment,Open,2026-03-05,,118
T00961,C0120,Payment,Open,2026-01-24,,158
T00962,C0293,Login,Resolved,2026-02-25,2026-02-27,2
T00963,C0371,Payment,Open,2026-02-14,,137
T00964,C0250,Account,Open,2026-01-25,,157
T00965,C0305,Payment,Resolved,2026-05-28,2026-06-04,7
T00966,C0041,Billing,Pending,2026-03-27,,96
T00967,C0179,Login,Resolved,2026-01-31,2026-02-04,4
T00968,C0383,Account,Pending,2026-06-12,,19
T00969,C0399,Login,Resolved,2026-05-15,2026-05-16,1
T00970,C0164,Account,Resolved,2026-03-25,2026-04-03,9
T00971,C0358,Technical,Resolved,2026-06-22,2026-06-29,7
T00972,C0498,Login,Open,2026-05-28,,34
T00973,C0259,Billing,Resolved,2026-03-16,2026-03-23,7
T00974,C0076,Technical,Resolved,2026-05-02,2026-05-12,10
T00975,C0382,Billing,Resolved,2026-03-09,2026-03-11,2
T00976,C0205,Account,Resolved,2026-06-28,2026-07-01,3
T00977,C0391,Technical,Resolved,2026-02-20,2026-02-28,8
T00978,C0203,Account,Resolved,2026-06-07,2026-06-16,9
T00979,C0127,Technical,Resolved,2026-04-21,2026-04-27,6
T00980,C0351,Account,Resolved,2026-06-21,2026-06-28,7
T00981,C0217,Payment,Resolved,2026-03-24,2026-03-30,6
T00982,C0305,Billing,Open,2026-02-13,,138
T00983,C0180,Account,Open,2026-04-24,,68
T00984,C0320,Technical,Resolved,2026-03-01,2026-03-05,4
T00985,C0351,Payment,Resolved,2026-01-22,2026-01-24,2
T00986,C0379,Billing,Resolved,2026-06-08,2026-06-11,3
T00987,C0445,Payment,Resolved,2026-06-27,2026-06-29,2
T00988,C0157,Login,Resolved,2026-03-26,2026-03-30,4
T00989,C0379,Account,Resolved,2026-05-20,2026-05-29,9
T00990,C0385,Payment,Resolved,2026-06-09,2026-06-12,3
T00991,C0356,Billing,Resolved,2026-06-19,2026-06-28,9
T00992,C0023,Payment,Resolved,2026-03-14,2026-03-18,4
T00993,C0405,Account,Resolved,2026-04-30,2026-05-01,1
T00994,C0035,Login,Resolved,2026-06-19,2026-06-25,6
T00995,C0443,Billing,Resolved,2026-06-16,2026-06-23,7
T00996,C0119,Login,Resolved,2026-01-26,2026-02-01,6
T00997,C0249,Account,Resolved,2026-02-17,2026-02-21,4
T00998,C0257,Login,Resolved,2026-01-06,2026-01-07,1
T00999,C0127,Account,Resolved,2026-05-06,2026-05-13,7
T01000,C0382,Technical,Resolved,2026-06-25,2026-07-01,6
T01001,C0182,Payment,Resolved,2026-05-09,2026-05-14,5
T01002,C0416,Billing,Resolved,2026-04-10,2026-04-11,1
T01003,C0484,Account,Pending,2026-02-27,,124
T01004,C0078,Payment,Open,2026-06-18,,13
T01005,C0071,Billing,Open,2026-05-14,,48
T01006,C0492,Account,Open,2026-06-25,,6
T01007,C0117,Login,Resolved,2026-02-09,2026-02-16,7
T01008,C0497,Payment,Pending,2026-03-26,,97
T01009,C0230,Account,Resolved,2026-06-17,2026-06-20,3
T01010,C0298,Account,Resolved,2026-02-21,2026-02-24,3
T01011,C0159,Account,Pending,2026-04-21,,71
T01012,C0466,Technical,Resolved,2026-05-25,2026-05-28,3
T01013,C0163,Billing,Resolved,2026-01-31,2026-02-03,3
T01014,C0163,Technical,Open,2026-03-23,,100
T01015,C0451,Login,Pending,2026-03-19,,104
T01016,C0227,Payment,Resolved,2026-02-18,2026-02-20,2
T01017,C0068,Technical,Resolved,2026-06-06,2026-06-16,10
T01018,C0137,Account,Resolved,2026-03-01,2026-03-11,10
T01019,C0119,Technical,Resolved,2026-04-02,2026-04-04,2
T01020,C0353,Login,Resolved,2026-06-04,2026-06-12,8
T01021,C0365,Payment,Resolved,2026-04-10,2026-04-18,8
T01022,C0243,Technical,Resolved,2026-02-27,2026-02-28,1
T01023,C0210,Billing,Pending,2026-04-16,,76
T01024,C0114,Technical,Open,2026-01-17,,165
T01025,C0091,Login,Open,2026-05-06,,56
T01026,C0353,Payment,Open,2026-03-05,,118
T01027,C0219,Login,Open,2026-06-05,,26
T01028,C0377,Login,Open,2026-04-11,,81
T01029,C0314,Account,Resolved,2026-05-15,2026-05-16,1
T01030,C0267,Billing,Resolved,2026-01-11,2026-01-15,4
T01031,C0266,Account,Resolved,2026-01-11,2026-01-20,9
T01032,C0199,Account,Open,2026-01-13,,169
T01033,C0098,Payment,Resolved,2026-03-19,2026-03-24,5
T01034,C0237,Technical,Resolved,2026-06-06,2026-06-07,1
T01035,C0354,Account,Pending,2026-04-29,,63
T01036,C0425,Login,Resolved,2026-05-09,2026-05-11,2
T01037,C0093,Account,Pending,2026-06-28,,3
T01038,C0280,Technical,Resolved,2026-03-24,2026-04-01,8
T01039,C0013,Technical,Resolved,2026-02-21,2026-03-01,8
T01040,C0047,Payment,Resolved,2026-06-16,2026-06-19,3
T01041,C0368,Billing,Resolved,2026-06-30,2026-07-08,8
T01042,C0325,Payment,Resolved,2026-04-09,2026-04-18,9
T01043,C0314,Technical,Resolved,2026-04-08,2026-04-09,1
T01044,C0394,Technical,Pending,2026-05-25,,37
T01045,C0447,Technical,Resolved,2026-02-07,2026-02-10,3
T01046,C0394,Billing,Resolved,2026-03-21,2026-03-29,8
T01047,C0148,Technical,Resolved,2026-02-03,2026-02-07,4
T01048,C0002,Account,Open,2026-01-04,,178
T01049,C0235,Login,Open,2026-05-20,,42
T01050,C0414,Billing,Resolved,2026-05-07,2026-05-11,4
T01051,C0112,Account,Resolved,2026-04-27,2026-05-04,7
T01052,C0227,Billing,Resolved,2026-01-02,2026-01-06,4
T01053,C0452,Account,Resolved,2026-06-10,2026-06-19,9
T01054,C0420,Technical,Resolved,2026-02-07,2026-02-08,1
T01055,C0335,Payment,Resolved,2026-01-09,2026-01-19,10
T01056,C0430,Account,Resolved,2026-01-23,2026-01-24,1
T01057,C0056,Login,Pending,2026-02-11,,140
T01058,C0345,Payment,Resolved,2026-06-27,2026-07-07,10
T01059,C0294,Account,Resolved,2026-04-27,2026-05-07,10
T01060,C0185,Billing,Resolved,2026-03-18,2026-03-24,6
T01061,C0189,Login,Open,2026-04-20,,72
T01062,C0432,Account,Resolved,2026-05-01,2026-05-04,3
T01063,C0063,Payment,Resolved,2026-04-16,2026-04-25,9
T01064,C0108,Technical,Resolved,2026-01-28,2026-02-07,10
T01065,C0374,Account,Pending,2026-05-04,,58
T01066,C0371,Account,Pending,2026-06-30,,1
T01067,C0148,Login,Resolved,2026-03-23,2026-03-28,5
T01068,C0270,Account,Pending,2026-04-01,,91
T01069,C0475,Technical,Resolved,2026-05-08,2026-05-17,9
T01070,C0374,Login,Resolved,2026-02-16,2026-02-26,10
T01071,C0120,Payment,Pending,2026-01-01,,181
T01072,C0061,Billing,Resolved,2026-01-31,2026-02-04,4
T01073,C0410,Account,Pending,2026-04-16,,76
T01074,C0024,Payment,Resolved,2026-06-13,2026-06-17,4
T01075,C0006,Technical,Resolved,2026-03-07,2026-03-09,2
T01076,C0158,Payment,Resolved,2026-03-24,2026-03-25,1
T01077,C0059,Payment,Resolved,2026-05-26,2026-06-05,10
T01078,C0492,Billing,Open,2026-02-19,,132
T01079,C0170,Payment,Pending,2026-05-03,,59
T01080,C0470,Login,Open,2026-06-15,,16
T01081,C0070,Login,Resolved,2026-04-28,2026-05-07,9
T01082,C0459,Payment,Resolved,2026-04-16,2026-04-17,1
T01083,C0428,Account,Resolved,2026-06-23,2026-06-29,6
T01084,C0285,Account,Resolved,2026-05-28,2026-06-03,6
T01085,C0410,Payment,Resolved,2026-02-08,2026-02-13,5
T01086,C0431,Billing,Resolved,2026-04-07,2026-04-16,9
T01087,C0432,Technical,Resolved,2026-04-10,2026-04-13,3
T01088,C0305,Billing,Open,2026-03-20,,103
T01089,C0362,Payment,Open,2026-03-11,,112
T01090,C0212,Billing,Resolved,2026-03-02,2026-03-08,6
T01091,C0232,Payment,Resolved,2026-03-19,2026-03-22,3
T01092,C0058,Payment,Open,2026-02-21,,130
T01093,C0468,Billing,Resolved,2026-01-07,2026-01-15,8
T01094,C0464,Account,Resolved,2026-03-29,2026-04-06,8
T01095,C0376,Account,Resolved,2026-03-25,2026-03-28,3
T01096,C0394,Billing,Open,2026-05-13,,49
T01097,C0347,Technical,Resolved,2026-01-10,2026-01-18,8
T01098,C0199,Account,Resolved,2026-03-21,2026-03-22,1
T01099,C0352,Account,Open,2026-03-27,,96
T01100,C0240,Billing,Resolved,2026-06-18,2026-06-23,5
T01101,C0012,Account,Open,2026-06-13,,18
T01102,C0457,Technical,Resolved,2026-02-19,2026-02-24,5
T01103,C0142,Account,Resolved,2026-04-23,2026-04-25,2
T01104,C0140,Technical,Resolved,2026-01-30,2026-01-31,1
T01105,C0491,Account,Resolved,2026-01-27,2026-01-31,4
T01106,C0278,Payment,Resolved,2026-03-11,2026-03-14,3
T01107,C0483,Payment,Resolved,2026-02-13,2026-02-15,2
T01108,C0160,Account,Open,2026-05-19,,43
T01109,C0228,Billing,Resolved,2026-05-01,2026-05-02,1
T01110,C0055,Login,Resolved,2026-04-20,2026-04-27,7
T01111,C0092,Account,Open,2026-06-11,,20
T01112,C0429,Login,Resolved,2026-03-21,2026-03-27,6
T01113,C0419,Technical,Open,2026-06-21,,10
T01114,C0415,Account,Resolved,2026-04-30,2026-05-10,10
T01115,C0068,Billing,Open,2026-06-28,,3
T01116,C0240,Billing,Resolved,2026-06-25,2026-07-03,8
T01117,C0241,Technical,Pending,2026-02-06,,145
T01118,C0441,Account,Resolved,2026-04-04,2026-04-11,7
T01119,C0094,Payment,Open,2026-03-25,,98
T01120,C0233,Login,Resolved,2026-05-02,2026-05-04,2
T01121,C0180,Login,Resolved,2026-02-13,2026-02-18,5
T01122,C0394,Payment,Resolved,2026-02-02,2026-02-11,9
T01123,C0053,Login,Open,2026-01-28,,154
T01124,C0167,Account,Resolved,2026-03-19,2026-03-28,9
T01125,C0237,Login,Resolved,2026-03-03,2026-03-13,10
T01126,C0125,Account,Resolved,2026-05-04,2026-05-11,7
T01127,C0034,Payment,Resolved,2026-06-27,2026-07-07,10
T01128,C0221,Login,Resolved,2026-03-29,2026-04-07,9
T01129,C0356,Technical,Resolved,2026-06-21,2026-06-23,2
T01130,C0379,Account,Open,2026-01-30,,152
T01131,C0304,Account,Resolved,2026-05-23,2026-05-25,2
T01132,C0421,Login,Resolved,2026-04-14,2026-04-16,2
T01133,C0307,Billing,Resolved,2026-06-02,2026-06-09,7
T01134,C0168,Login,Resolved,2026-01-16,2026-01-18,2
T01135,C0112,Technical,Open,2026-06-12,,19
T01136,C0415,Billing,Open,2026-06-19,,12
T01137,C0077,Login,Resolved,2026-04-10,2026-04-20,10
T01138,C0296,Login,Resolved,2026-06-24,2026-06-30,6
T01139,C0154,Account,Open,2026-06-23,,8
T01140,C0156,Login,Open,2026-03-30,,93
T01141,C0046,Account,Resolved,2026-05-11,2026-05-18,7
T01142,C0434,Technical,Open,2026-01-16,,166
T01143,C0190,Account,Pending,2026-01-01,,181
T01144,C0361,Account,Open,2026-04-02,,90
T01145,C0057,Payment,Open,2026-03-02,,121
T01146,C0222,Account,Resolved,2026-03-23,2026-03-30,7
T01147,C0208,Login,Resolved,2026-02-24,2026-02-27,3
T01148,C0244,Technical,Resolved,2026-04-09,2026-04-15,6
T01149,C0431,Login,Resolved,2026-06-21,2026-06-24,3
T01150,C0069,Billing,Resolved,2026-01-05,2026-01-08,3
T01151,C0370,Login,Resolved,2026-02-04,2026-02-06,2
T01152,C0071,Login,Open,2026-06-28,,3
T01153,C0310,Login,Resolved,2026-04-27,2026-05-06,9
T01154,C0218,Account,Open,2026-04-09,,83
T01155,C0182,Technical,Resolved,2026-06-04,2026-06-05,1
T01156,C0296,Login,Open,2026-03-02,,121
T01157,C0365,Account,Resolved,2026-05-20,2026-05-30,10
T01158,C0188,Billing,Pending,2026-05-26,,36
T01159,C0248,Payment,Resolved,2026-05-04,2026-05-06,2
T01160,C0073,Account,Pending,2026-03-13,,110
T01161,C0239,Account,Resolved,2026-06-06,2026-06-08,2
T01162,C0126,Login,Resolved,2026-06-19,2026-06-21,2
T01163,C0351,Account,Open,2026-03-21,,102
T01164,C0314,Billing,Pending,2026-05-17,,45
T01165,C0399,Billing,Resolved,2026-05-12,2026-05-20,8
T01166,C0294,Payment,Resolved,2026-03-17,2026-03-22,5
T01167,C0086,Billing,Resolved,2026-06-02,2026-06-07,5
T01168,C0373,Account,Resolved,2026-06-11,2026-06-19,8
T01169,C0297,Technical,Resolved,2026-06-18,2026-06-23,5
T01170,C0415,Account,Resolved,2026-05-05,2026-05-07,2
T01171,C0065,Account,Resolved,2026-03-13,2026-03-18,5
T01172,C0068,Account,Resolved,2026-03-07,2026-03-08,1
T01173,C0380,Billing,Resolved,2026-06-01,2026-06-04,3
T01174,C0338,Login,Resolved,2026-02-14,2026-02-19,5
T01175,C0401,Technical,Resolved,2026-05-16,2026-05-17,1
T01176,C0176,Billing,Pending,2026-06-02,,29
T01177,C0479,Technical,Open,2026-04-16,,76
T01178,C0395,Login,Resolved,2026-04-23,2026-04-26,3
T01179,C0108,Account,Open,2026-03-30,,93
T01180,C0028,Payment,Open,2026-01-30,,152
T01181,C0027,Technical,Resolved,2026-05-02,2026-05-07,5
T01182,C0244,Account,Resolved,2026-06-24,2026-07-01,7
T01183,C0243,Payment,Resolved,2026-04-22,2026-04-23,1
T01184,C0148,Login,Resolved,2026-03-22,2026-03-31,9
T01185,C0350,Billing,Resolved,2026-05-17,2026-05-23,6
T01186,C0490,Login,Resolved,2026-06-16,2026-06-21,5
T01187,C0172,Payment,Resolved,2026-01-26,2026-01-31,5
T01188,C0336,Account,Resolved,2026-06-22,2026-06-26,4
T01189,C0376,Account,Open,2026-05-14,,48
T01190,C0173,Technical,Resolved,2026-01-03,2026-01-04,1
T01191,C0426,Billing,Resolved,2026-01-26,2026-02-04,9
T01192,C0054,Login,Resolved,2026-03-14,2026-03-19,5
T01193,C0099,Billing,Resolved,2026-01-24,2026-01-25,1
T01194,C0481,Account,Resolved,2026-02-25,2026-03-07,10
T01195,C0327,Billing,Open,2026-01-31,,151
T01196,C0045,Account,Resolved,2026-06-18,2026-06-28,10
T01197,C0412,Technical,Open,2026-06-28,,3
T01198,C0095,Payment,Resolved,2026-06-19,2026-06-21,2
T01199,C0328,Login,Pending,2026-03-12,,111
T01200,C0394,Login,Resolved,2026-06-20,2026-06-26,6
T01201,C0132,Technical,Open,2026-03-12,,111
T01202,C0398,Billing,Resolved,2026-03-27,2026-03-28,1
T01203,C0133,Payment,Resolved,2026-01-18,2026-01-26,8
T01204,C0476,Technical,Resolved,2026-02-15,2026-02-23,8
T01205,C0056,Technical,Resolved,2026-04-21,2026-04-25,4
T01206,C0315,Billing,Pending,2026-03-08,,115
T01207,C0053,Billing,Resolved,2026-05-27,2026-06-01,5
T01208,C0398,Login,Resolved,2026-05-08,2026-05-11,3
T01209,C0335,Billing,Pending,2026-06-20,,11
T01210,C0200,Payment,Resolved,2026-03-26,2026-04-02,7
T01211,C0295,Billing,Resolved,2026-05-06,2026-05-14,8
T01212,C0224,Login,Open,2026-01-18,,164
T01213,C0277,Technical,Resolved,2026-06-26,2026-07-04,8
T01214,C0063,Account,Resolved,2026-04-02,2026-04-08,6
T01215,C0350,Payment,Resolved,2026-06-11,2026-06-13,2
T01216,C0188,Account,Open,2026-03-29,,94
T01217,C0042,Login,Open,2026-03-16,,107
T01218,C0332,Technical,Resolved,2026-01-11,2026-01-18,7
T01219,C0339,Technical,Resolved,2026-04-10,2026-04-12,2
T01220,C0323,Payment,Resolved,2026-06-11,2026-06-19,8
T01221,C0377,Technical,Resolved,2026-02-19,2026-02-20,1
T01222,C0369,Account,Resolved,2026-04-10,2026-04-12,2
T01223,C0406,Account,Resolved,2026-05-08,2026-05-17,9
T01224,C0495,Login,Pending,2026-01-05,,177
T01225,C0019,Payment,Resolved,2026-01-11,2026-01-18,7
T01226,C0061,Technical,Open,2026-06-20,,11
T01227,C0268,Login,Pending,2026-05-18,,44
T01228,C0077,Account,Resolved,2026-01-19,2026-01-20,1
T01229,C0377,Technical,Resolved,2026-01-05,2026-01-13,8
T01230,C0465,Account,Resolved,2026-06-29,2026-07-02,3
T01231,C0008,Technical,Resolved,2026-03-20,2026-03-22,2
T01232,C0234,Account,Resolved,2026-06-01,2026-06-03,2
T01233,C0419,Billing,Resolved,2026-06-02,2026-06-12,10
T01234,C0113,Billing,Open,2026-04-20,,72
T01235,C0173,Login,Resolved,2026-06-25,2026-07-05,10
T01236,C0280,Technical,Resolved,2026-02-24,2026-02-25,1
T01237,C0304,Technical,Resolved,2026-01-31,2026-02-05,5
T01238,C0073,Login,Resolved,2026-04-05,2026-04-14,9
T01239,C0085,Login,Resolved,2026-05-29,2026-05-30,1
T01240,C0069,Billing,Open,2026-06-11,,20
T01241,C0314,Login,Open,2026-01-05,,177
T01242,C0451,Login,Resolved,2026-01-02,2026-01-05,3
T01243,C0475,Billing,Open,2026-06-01,,30
T01244,C0455,Payment,Resolved,2026-05-02,2026-05-05,3
T01245,C0106,Technical,Resolved,2026-05-14,2026-05-22,8
T01246,C0211,Technical,Pending,2026-06-06,,25
T01247,C0355,Billing,Resolved,2026-05-08,2026-05-18,10
T01248,C0487,Billing,Resolved,2026-03-19,2026-03-25,6
T01249,C0215,Billing,Resolved,2026-02-19,2026-02-21,2
T01250,C0272,Billing,Resolved,2026-05-19,2026-05-28,9
T01251,C0113,Login,Open,2026-06-18,,13
T01252,C0107,Payment,Resolved,2026-01-29,2026-02-01,3
T01253,C0351,Login,Resolved,2026-02-10,2026-02-11,1
T01254,C0028,Payment,Resolved,2026-04-22,2026-04-27,5
T01255,C0172,Account,Open,2026-04-27,,65
T01256,C0023,Billing,Open,2026-05-18,,44
T01257,C0091,Technical,Open,2026-05-05,,57
T01258,C0264,Billing,Resolved,2026-03-02,2026-03-10,8
T01259,C0304,Account,Resolved,2026-02-20,2026-02-26,6
T01260,C0118,Billing,Resolved,2026-01-26,2026-01-30,4
T01261,C0378,Login,Open,2026-04-07,,85
T01262,C0457,Technical,Resolved,2026-05-30,2026-06-07,8
T01263,C0028,Login,Resolved,2026-06-06,2026-06-14,8
T01264,C0092,Login,Resolved,2026-04-28,2026-05-02,4
T01265,C0324,Payment,Pending,2026-02-21,,130
T01266,C0172,Technical,Resolved,2026-05-26,2026-05-27,1
T01267,C0144,Technical,Resolved,2026-04-30,2026-05-08,8
T01268,C0215,Technical,Open,2026-02-26,,125
T01269,C0454,Payment,Resolved,2026-06-13,2026-06-23,10
T01270,C0464,Technical,Resolved,2026-05-22,2026-05-26,4
T01271,C0045,Login,Open,2026-05-06,,56
T01272,C0442,Technical,Resolved,2026-04-29,2026-05-04,5
T01273,C0008,Login,Open,2026-03-05,,118
T01274,C0127,Payment,Resolved,2026-02-26,2026-03-08,10
T01275,C0485,Technical,Pending,2026-01-02,,180
T01276,C0214,Billing,Resolved,2026-05-01,2026-05-10,9
T01277,C0018,Login,Resolved,2026-05-03,2026-05-05,2
T01278,C0232,Login,Resolved,2026-05-23,2026-05-24,1
T01279,C0355,Login,Pending,2026-02-03,,148
T01280,C0184,Payment,Resolved,2026-01-24,2026-01-25,1
T01281,C0246,Payment,Resolved,2026-04-28,2026-05-08,10
T01282,C0383,Account,Resolved,2026-04-27,2026-05-05,8
T01283,C0396,Technical,Open,2026-04-14,,78
T01284,C0095,Payment,Resolved,2026-06-30,2026-07-01,1
T01285,C0441,Billing,Resolved,2026-06-26,2026-07-02,6
T01286,C0272,Billing,Resolved,2026-03-11,2026-03-21,10
T01287,C0278,Account,Open,2026-06-25,,6
T01288,C0042,Account,Open,2026-01-15,,167
T01289,C0264,Payment,Open,2026-01-29,,153
T01290,C0197,Payment,Resolved,2026-01-11,2026-01-17,6
T01291,C0188,Technical,Resolved,2026-06-30,2026-07-02,2
T01292,C0288,Technical,Resolved,2026-03-27,2026-03-31,4
T01293,C0277,Billing,Resolved,2026-05-29,2026-06-02,4
T01294,C0386,Technical,Resolved,2026-03-10,2026-03-19,9
T01295,C0349,Login,Resolved,2026-01-17,2026-01-23,6
T01296,C0177,Login,Resolved,2026-05-15,2026-05-17,2
T01297,C0241,Account,Resolved,2026-05-17,2026-05-22,5
T01298,C0232,Account,Resolved,2026-06-22,2026-06-24,2
T01299,C0097,Login,Resolved,2026-04-11,2026-04-14,3
T01300,C0148,Billing,Resolved,2026-03-12,2026-03-14,2
T01301,C0357,Technical,Resolved,2026-02-22,2026-03-03,9
T01302,C0488,Billing,Resolved,2026-06-24,2026-07-03,9
T01303,C0478,Technical,Resolved,2026-04-18,2026-04-26,8
T01304,C0378,Billing,Resolved,2026-01-17,2026-01-18,1
T01305,C0447,Technical,Open,2026-05-14,,48
T01306,C0331,Payment,Resolved,2026-03-29,2026-04-04,6
T01307,C0249,Account,Resolved,2026-05-16,2026-05-25,9
T01308,C0228,Login,Resolved,2026-02-03,2026-02-08,5
T01309,C0088,Payment,Resolved,2026-04-06,2026-04-11,5
T01310,C0395,Billing,Resolved,2026-03-14,2026-03-22,8
T01311,C0490,Technical,Resolved,2026-02-11,2026-02-20,9
T01312,C0147,Technical,Pending,2026-06-27,,4
T01313,C0464,Technical,Resolved,2026-01-30,2026-01-31,1
T01314,C0163,Account,Resolved,2026-03-08,2026-03-14,6
T01315,C0095,Technical,Resolved,2026-01-09,2026-01-15,6
T01316,C0177,Technical,Resolved,2026-05-19,2026-05-22,3
T01317,C0274,Payment,Resolved,2026-01-07,2026-01-14,7
T01318,C0477,Login,Open,2026-04-28,,64
T01319,C0476,Payment,Resolved,2026-05-20,2026-05-29,9
T01320,C0170,Payment,Resolved,2026-03-16,2026-03-26,10
T01321,C0342,Technical,Open,2026-04-24,,68
T01322,C0174,Billing,Open,2026-01-11,,171
T01323,C0072,Account,Resolved,2026-01-07,2026-01-14,7
T01324,C0317,Technical,Resolved,2026-01-24,2026-01-30,6
T01325,C0029,Account,Resolved,2026-05-30,2026-06-08,9
T01326,C0114,Payment,Resolved,2026-01-22,2026-01-31,9
T01327,C0435,Login,Resolved,2026-01-23,2026-02-01,9
T01328,C0202,Technical,Resolved,2026-06-04,2026-06-14,10
T01329,C0262,Billing,Pending,2026-04-03,,89
T01330,C0204,Technical,Open,2026-04-20,,72
T01331,C0190,Login,Resolved,2026-03-14,2026-03-20,6
T01332,C0180,Payment,Pending,2026-05-24,,38
T01333,C0045,Technical,Open,2026-04-24,,68
T01334,C0380,Login,Open,2026-03-15,,108
T01335,C0084,Login,Open,2026-04-17,,75
T01336,C0072,Account,Resolved,2026-02-06,2026-02-10,4
T01337,C0156,Login,Pending,2026-05-15,,47
T01338,C0172,Billing,Pending,2026-06-01,,30
T01339,C0388,Login,Resolved,2026-04-15,2026-04-20,5
T01340,C0213,Technical,Resolved,2026-05-26,2026-05-29,3
T01341,C0103,Technical,Open,2026-03-16,,107
T01342,C0284,Login,Resolved,2026-03-19,2026-03-29,10
T01343,C0156,Login,Resolved,2026-04-29,2026-05-03,4
T01344,C0014,Billing,Resolved,2026-03-18,2026-03-26,8
T01345,C0064,Payment,Resolved,2026-05-06,2026-05-10,4
T01346,C0015,Billing,Open,2026-05-07,,55
T01347,C0497,Billing,Resolved,2026-04-03,2026-04-13,10
T01348,C0247,Account,Resolved,2026-03-08,2026-03-16,8
T01349,C0499,Billing,Resolved,2026-05-28,2026-05-29,1
T01350,C0433,Payment,Resolved,2026-01-15,2026-01-18,3
T01351,C0164,Login,Open,2026-02-04,,147
T01352,C0183,Technical,Resolved,2026-04-03,2026-04-10,7
T01353,C0326,Payment,Resolved,2026-03-16,2026-03-25,9
T01354,C0328,Billing,Resolved,2026-06-10,2026-06-13,3
T01355,C0392,Billing,Resolved,2026-02-12,2026-02-21,9
T01356,C0166,Payment,Open,2026-06-25,,6
T01357,C0410,Payment,Resolved,2026-06-28,2026-07-04,6
T01358,C0050,Account,Resolved,2026-02-06,2026-02-07,1
T01359,C0071,Account,Resolved,2026-05-05,2026-05-12,7
T01360,C0175,Technical,Resolved,2026-02-09,2026-02-18,9
T01361,C0114,Technical,Open,2026-05-24,,38
T01362,C0315,Account,Open,2026-05-22,,40
T01363,C0360,Billing,Resolved,2026-01-20,2026-01-22,2
T01364,C0420,Technical,Pending,2026-05-03,,59
T01365,C0179,Payment,Resolved,2026-02-05,2026-02-13,8
T01366,C0456,Account,Resolved,2026-03-29,2026-04-01,3
T01367,C0364,Payment,Resolved,2026-01-31,2026-02-04,4
T01368,C0066,Technical,Resolved,2026-03-20,2026-03-23,3
T01369,C0108,Technical,Pending,2026-04-19,,73
T01370,C0354,Billing,Resolved,2026-05-04,2026-05-11,7
T01371,C0022,Technical,Resolved,2026-06-18,2026-06-27,9
T01372,C0304,Billing,Resolved,2026-03-06,2026-03-07,1
T01373,C0034,Payment,Resolved,2026-01-25,2026-01-27,2
T01374,C0472,Account,Resolved,2026-02-21,2026-02-24,3
T01375,C0344,Payment,Resolved,2026-02-07,2026-02-12,5
T01376,C0486,Account,Resolved,2026-02-11,2026-02-20,9
T01377,C0400,Account,Resolved,2026-05-26,2026-05-28,2
T01378,C0051,Account,Open,2026-05-16,,46
T01379,C0112,Technical,Pending,2026-02-13,,138
T01380,C0462,Account,Resolved,2026-01-26,2026-01-30,4
T01381,C0472,Account,Open,2026-05-02,,60
T01382,C0188,Account,Resolved,2026-06-22,2026-06-24,2
T01383,C0093,Payment,Pending,2026-04-19,,73
T01384,C0110,Account,Resolved,2026-01-29,2026-02-04,6
T01385,C0064,Login,Resolved,2026-02-04,2026-02-12,8
T01386,C0391,Payment,Open,2026-05-23,,39
T01387,C0370,Billing,Resolved,2026-05-07,2026-05-09,2
T01388,C0198,Payment,Resolved,2026-03-21,2026-03-29,8
T01389,C0116,Account,Resolved,2026-04-20,2026-04-24,4
T01390,C0439,Billing,Open,2026-05-02,,60
T01391,C0481,Payment,Resolved,2026-06-22,2026-06-30,8
T01392,C0345,Billing,Resolved,2026-05-14,2026-05-16,2
T01393,C0062,Technical,Resolved,2026-06-27,2026-07-07,10
T01394,C0053,Technical,Resolved,2026-02-20,2026-02-26,6
T01395,C0103,Account,Open,2026-04-14,,78
T01396,C0063,Technical,Open,2026-05-08,,54
T01397,C0143,Account,Resolved,2026-06-14,2026-06-21,7
T01398,C0183,Login,Resolved,2026-04-14,2026-04-22,8
T01399,C0262,Payment,Resolved,2026-04-27,2026-04-29,2
T01400,C0063,Payment,Resolved,2026-03-01,2026-03-04,3
T01401,C0016,Billing,Open,2026-01-18,,164
T01402,C0256,Billing,Pending,2026-04-08,,84
T01403,C0310,Payment,Resolved,2026-06-09,2026-06-19,10
T01404,C0050,Billing,Resolved,2026-05-14,2026-05-22,8
T01405,C0406,Login,Resolved,2026-06-19,2026-06-27,8
T01406,C0252,Account,Resolved,2026-03-29,2026-04-07,9
T01407,C0280,Billing,Pending,2026-01-09,,173
T01408,C0221,Billing,Resolved,2026-03-22,2026-03-29,7
T01409,C0227,Login,Resolved,2026-02-15,2026-02-24,9
T01410,C0338,Payment,Open,2026-02-12,,139
T01411,C0252,Login,Resolved,2026-04-10,2026-04-18,8
T01412,C0392,Billing,Resolved,2026-05-06,2026-05-15,9
T01413,C0351,Account,Resolved,2026-05-02,2026-05-11,9
T01414,C0438,Technical,Resolved,2026-04-11,2026-04-16,5
T01415,C0254,Account,Pending,2026-06-07,,24
T01416,C0347,Payment,Open,2026-03-14,,109
T01417,C0165,Billing,Resolved,2026-01-12,2026-01-15,3
T01418,C0429,Payment,Resolved,2026-05-30,2026-05-31,1
T01419,C0392,Payment,Resolved,2026-04-20,2026-04-26,6
T01420,C0183,Login,Resolved,2026-06-19,2026-06-23,4
T01421,C0127,Technical,Resolved,2026-06-01,2026-06-03,2
T01422,C0467,Billing,Open,2026-01-30,,152
T01423,C0173,Technical,Resolved,2026-03-25,2026-03-26,1
T01424,C0236,Login,Resolved,2026-04-18,2026-04-23,5
T01425,C0011,Login,Resolved,2026-03-23,2026-03-30,7
T01426,C0293,Login,Resolved,2026-01-26,2026-02-03,8
T01427,C0052,Technical,Resolved,2026-05-09,2026-05-15,6
T01428,C0086,Account,Resolved,2026-04-22,2026-04-26,4
T01429,C0255,Billing,Open,2026-05-18,,44
T01430,C0110,Payment,Resolved,2026-03-18,2026-03-28,10
T01431,C0206,Technical,Resolved,2026-01-24,2026-02-03,10
T01432,C0049,Account,Resolved,2026-01-18,2026-01-28,10
T01433,C0411,Account,Resolved,2026-02-23,2026-03-01,6
T01434,C0408,Billing,Resolved,2026-03-19,2026-03-28,9
T01435,C0412,Payment,Resolved,2026-05-19,2026-05-25,6
T01436,C0103,Login,Resolved,2026-06-09,2026-06-18,9
T01437,C0233,Account,Resolved,2026-01-05,2026-01-14,9
T01438,C0442,Technical,Resolved,2026-02-24,2026-03-04,8
T01439,C0138,Account,Open,2026-04-22,,70
T01440,C0479,Account,Open,2026-01-16,,166
T01441,C0268,Technical,Resolved,2026-02-07,2026-02-11,4
T01442,C0078,Payment,Open,2026-04-16,,76
T01443,C0164,Billing,Resolved,2026-04-16,2026-04-21,5
T01444,C0422,Payment,Resolved,2026-03-07,2026-03-17,10
T01445,C0121,Login,Resolved,2026-02-08,2026-02-12,4
T01446,C0015,Technical,Open,2026-03-21,,102
T01447,C0238,Login,Resolved,2026-04-22,2026-04-29,7
T01448,C0332,Billing,Resolved,2026-03-11,2026-03-14,3
T01449,C0015,Payment,Open,2026-03-13,,110
T01450,C0338,Account,Resolved,2026-01-11,2026-01-19,8
T01451,C0401,Billing,Resolved,2026-01-22,2026-01-28,6
T01452,C0309,Payment,Open,2026-04-15,,77
T01453,C0460,Payment,Resolved,2026-01-24,2026-01-31,7
T01454,C0483,Technical,Resolved,2026-05-27,2026-06-05,9
T01455,C0478,Billing,Resolved,2026-05-29,2026-06-07,9
T01456,C0129,Login,Open,2026-03-02,,121
T01457,C0308,Billing,Open,2026-03-22,,101
T01458,C0169,Account,Open,2026-03-02,,121
T01459,C0479,Login,Resolved,2026-01-28,2026-01-31,3
T01460,C0110,Payment,Resolved,2026-03-07,2026-03-17,10
T01461,C0029,Login,Resolved,2026-06-29,2026-07-01,2
T01462,C0163,Account,Resolved,2026-06-24,2026-06-28,4
T01463,C0494,Payment,Open,2026-02-07,,144
T01464,C0186,Login,Open,2026-03-20,,103
T01465,C0011,Account,Resolved,2026-06-19,2026-06-20,1
T01466,C0354,Technical,Resolved,2026-04-09,2026-04-14,5
T01467,C0328,Payment,Pending,2026-06-25,,6
T01468,C0063,Account,Open,2026-04-24,,68
T01469,C0199,Billing,Pending,2026-04-11,,81
T01470,C0475,Payment,Resolved,2026-03-02,2026-03-07,5
T01471,C0108,Technical,Pending,2026-06-11,,20
T01472,C0163,Login,Open,2026-03-12,,111
T01473,C0444,Billing,Open,2026-05-06,,56
T01474,C0242,Login,Pending,2026-03-27,,96
T01475,C0368,Login,Open,2026-01-26,,156
T01476,C0423,Technical,Resolved,2026-05-10,2026-05-12,2
T01477,C0181,Login,Resolved,2026-05-21,2026-05-27,6
T01478,C0233,Billing,Open,2026-06-14,,17
T01479,C0329,Technical,Resolved,2026-06-14,2026-06-17,3
T01480,C0002,Login,Resolved,2026-03-20,2026-03-26,6
T01481,C0295,Billing,Resolved,2026-03-05,2026-03-14,9
T01482,C0366,Technical,Open,2026-06-25,,6
T01483,C0211,Payment,Resolved,2026-02-04,2026-02-09,5
T01484,C0089,Account,Open,2026-03-14,,109
T01485,C0102,Billing,Resolved,2026-02-16,2026-02-23,7
T01486,C0449,Login,Pending,2026-05-27,,35
T01487,C0115,Billing,Pending,2026-05-23,,39
T01488,C0332,Account,Resolved,2026-01-23,2026-01-31,8
T01489,C0102,Payment,Open,2026-02-13,,138
T01490,C0026,Login,Resolved,2026-06-03,2026-06-08,5
T01491,C0077,Billing,Pending,2026-02-13,,138
T01492,C0485,Account,Resolved,2026-05-15,2026-05-22,7
T01493,C0396,Login,Open,2026-05-07,,55
T01494,C0061,Technical,Open,2026-02-18,,133
T01495,C0485,Payment,Resolved,2026-05-07,2026-05-14,7
T01496,C0067,Login,Open,2026-06-03,,28
T01497,C0111,Payment,Open,2026-02-18,,133
T01498,C0215,Technical,Resolved,2026-02-07,2026-02-08,1
T01499,C0149,Payment,Resolved,2026-04-26,2026-04-30,4
T01500,C0190,Account,Resolved,2026-04-28,2026-04-30,2
T01501,C0006,Login,Resolved,2026-03-24,2026-03-31,7
T01502,C0352,Technical,Open,2026-04-19,,73
T01503,C0377,Account,Resolved,2026-01-25,2026-02-03,9
T01504,C0031,Billing,Resolved,2026-03-02,2026-03-10,8
T01505,C0466,Payment,Pending,2026-06-21,,10
T01506,C0496,Account,Open,2026-01-12,,170
T01507,C0003,Payment,Resolved,2026-04-08,2026-04-13,5
T01508,C0203,Payment,Resolved,2026-05-24,2026-05-25,1
T01509,C0298,Technical,Resolved,2026-05-09,2026-05-17,8
T01510,C0477,Payment,Open,2026-02-03,,148
T01511,C0046,Payment,Open,2026-04-21,,71
T01512,C0073,Payment,Resolved,2026-01-12,2026-01-15,3
T01513,C0256,Payment,Open,2026-04-21,,71
T01514,C0145,Payment,Resolved,2026-03-09,2026-03-18,9
T01515,C0161,Login,Open,2026-03-22,,101
T01516,C0378,Login,Open,2026-02-08,,143
T01517,C0285,Login,Resolved,2026-02-08,2026-02-09,1
T01518,C0118,Technical,Resolved,2026-03-08,2026-03-11,3
T01519,C0362,Login,Resolved,2026-05-07,2026-05-08,1
T01520,C0227,Payment,Pending,2026-05-24,,38
T01521,C0249,Login,Resolved,2026-02-07,2026-02-09,2
T01522,C0179,Billing,Resolved,2026-03-14,2026-03-17,3
T01523,C0428,Technical,Open,2026-03-11,,112
T01524,C0289,Account,Resolved,2026-01-02,2026-01-11,9
T01525,C0393,Account,Resolved,2026-01-20,2026-01-24,4
T01526,C0394,Login,Resolved,2026-03-26,2026-03-27,1
T01527,C0146,Billing,Resolved,2026-06-01,2026-06-03,2
T01528,C0429,Payment,Resolved,2026-01-21,2026-01-29,8
T01529,C0426,Login,Resolved,2026-03-10,2026-03-20,10
T01530,C0337,Billing,Resolved,2026-01-12,2026-01-22,10
T01531,C0487,Login,Resolved,2026-05-26,2026-05-29,3
T01532,C0109,Billing,Open,2026-03-14,,109
T01533,C0166,Billing,Open,2026-05-21,,41
T01534,C0488,Account,Resolved,2026-04-13,2026-04-18,5
T01535,C0092,Technical,Pending,2026-04-13,,79
T01536,C0046,Billing,Open,2026-02-11,,140
T01537,C0199,Login,Resolved,2026-06-17,2026-06-20,3
T01538,C0062,Payment,Resolved,2026-04-21,2026-04-26,5
T01539,C0463,Account,Resolved,2026-06-20,2026-06-22,2
T01540,C0427,Payment,Resolved,2026-05-06,2026-05-14,8
T01541,C0454,Login,Resolved,2026-05-25,2026-06-04,10
T01542,C0217,Billing,Open,2026-04-05,,87
T01543,C0315,Technical,Resolved,2026-04-20,2026-04-22,2
T01544,C0021,Account,Resolved,2026-04-29,2026-05-03,4
T01545,C0332,Technical,Pending,2026-05-15,,47
T01546,C0323,Account,Resolved,2026-04-30,2026-05-07,7
T01547,C0041,Login,Resolved,2026-02-02,2026-02-07,5
T01548,C0431,Technical,Resolved,2026-03-17,2026-03-27,10
T01549,C0025,Account,Resolved,2026-01-12,2026-01-21,9
T01550,C0056,Account,Resolved,2026-01-25,2026-02-02,8
T01551,C0339,Account,Open,2026-04-01,,91
T01552,C0131,Account,Resolved,2026-05-09,2026-05-10,1
T01553,C0059,Login,Resolved,2026-02-16,2026-02-23,7
T01554,C0024,Billing,Resolved,2026-06-30,2026-07-05,5
T01555,C0161,Account,Open,2026-06-21,,10
T01556,C0231,Account,Open,2026-03-29,,94
T01557,C0495,Technical,Resolved,2026-01-21,2026-01-31,10
T01558,C0133,Billing,Resolved,2026-01-05,2026-01-06,1
T01559,C0203,Billing,Resolved,2026-06-17,2026-06-25,8
T01560,C0236,Login,Open,2026-06-04,,27
T01561,C0372,Login,Resolved,2026-06-07,2026-06-13,6
T01562,C0354,Login,Open,2026-01-23,,159
T01563,C0065,Technical,Resolved,2026-01-29,2026-01-30,1
T01564,C0357,Technical,Open,2026-02-23,,128
T01565,C0247,Technical,Resolved,2026-04-22,2026-05-01,9
T01566,C0098,Billing,Resolved,2026-04-29,2026-05-02,3
T01567,C0243,Login,Resolved,2026-02-12,2026-02-15,3
T01568,C0379,Login,Pending,2026-05-01,,61
T01569,C0011,Login,Resolved,2026-02-21,2026-02-26,5
T01570,C0292,Login,Resolved,2026-01-03,2026-01-05,2
T01571,C0323,Login,Pending,2026-05-07,,55
T01572,C0378,Account,Resolved,2026-05-22,2026-05-27,5
T01573,C0019,Login,Resolved,2026-05-12,2026-05-22,10
T01574,C0372,Account,Pending,2026-05-05,,57
T01575,C0119,Billing,Resolved,2026-04-19,2026-04-29,10
T01576,C0162,Account,Resolved,2026-06-15,2026-06-22,7
T01577,C0456,Login,Resolved,2026-06-09,2026-06-15,6
T01578,C0230,Login,Resolved,2026-03-15,2026-03-19,4
T01579,C0241,Payment,Resolved,2026-05-10,2026-05-14,4
T01580,C0301,Payment,Pending,2026-06-18,,13
T01581,C0240,Technical,Open,2026-04-10,,82
T01582,C0492,Login,Open,2026-06-22,,9
T01583,C0335,Payment,Open,2026-02-11,,140
T01584,C0319,Technical,Resolved,2026-01-23,2026-01-31,8
T01585,C0067,Technical,Resolved,2026-06-05,2026-06-13,8
T01586,C0052,Login,Pending,2026-05-07,,55
T01587,C0156,Technical,Resolved,2026-01-13,2026-01-14,1
T01588,C0184,Payment,Resolved,2026-02-10,2026-02-13,3
T01589,C0424,Account,Resolved,2026-01-17,2026-01-23,6
T01590,C0221,Billing,Resolved,2026-01-31,2026-02-09,9
T01591,C0115,Login,Resolved,2026-03-29,2026-04-04,6
T01592,C0394,Billing,Open,2026-05-23,,39
T01593,C0137,Technical,Open,2026-05-12,,50
T01594,C0310,Billing,Open,2026-04-23,,69
T01595,C0410,Login,Pending,2026-01-29,,153
T01596,C0500,Billing,Open,2026-06-06,,25
T01597,C0401,Billing,Open,2026-01-11,,171
T01598,C0260,Billing,Resolved,2026-01-31,2026-02-04,4
T01599,C0467,Payment,Resolved,2026-03-16,2026-03-24,8
T01600,C0391,Account,Resolved,2026-01-26,2026-01-29,3
T01601,C0332,Payment,Resolved,2026-02-05,2026-02-07,2
T01602,C0435,Technical,Resolved,2026-04-17,2026-04-18,1
T01603,C0126,Login,Resolved,2026-05-10,2026-05-13,3
T01604,C0044,Payment,Resolved,2026-04-17,2026-04-23,6
T01605,C0323,Technical,Resolved,2026-05-16,2026-05-23,7
T01606,C0404,Technical,Resolved,2026-04-20,2026-04-27,7
T01607,C0471,Login,Open,2026-05-13,,49
T01608,C0407,Payment,Pending,2026-04-24,,68
T01609,C0075,Billing,Open,2026-05-13,,49
T01610,C0484,Billing,Resolved,2026-03-22,2026-03-29,7
T01611,C0396,Technical,Resolved,2026-04-11,2026-04-12,1
T01612,C0339,Technical,Pending,2026-01-15,,167
T01613,C0324,Account,Pending,2026-04-18,,74
T01614,C0206,Account,Open,2026-03-22,,101
T01615,C0466,Payment,Resolved,2026-03-13,2026-03-22,9
T01616,C0313,Technical,Open,2026-04-25,,67
T01617,C0330,Technical,Open,2026-06-09,,22
T01618,C0404,Account,Resolved,2026-06-28,2026-07-04,6
T01619,C0455,Login,Open,2026-03-19,,104
T01620,C0044,Billing,Resolved,2026-04-10,2026-04-13,3
T01621,C0267,Account,Resolved,2026-01-24,2026-02-02,9
T01622,C0283,Payment,Resolved,2026-06-12,2026-06-15,3
T01623,C0012,Billing,Open,2026-05-19,,43
T01624,C0304,Payment,Resolved,2026-03-19,2026-03-26,7
T01625,C0259,Billing,Open,2026-04-06,,86
T01626,C0133,Account,Resolved,2026-01-13,2026-01-15,2
T01627,C0230,Payment,Resolved,2026-01-02,2026-01-10,8
T01628,C0174,Technical,Open,2026-05-29,,33
T01629,C0290,Account,Open,2026-03-01,,122
T01630,C0180,Payment,Resolved,2026-05-27,2026-05-30,3
T01631,C0366,Login,Resolved,2026-03-05,2026-03-07,2
T01632,C0168,Account,Resolved,2026-04-03,2026-04-11,8
T01633,C0051,Technical,Open,2026-04-16,,76
T01634,C0042,Billing,Resolved,2026-02-03,2026-02-11,8
T01635,C0110,Login,Resolved,2026-06-23,2026-07-02,9
T01636,C0207,Account,Resolved,2026-04-12,2026-04-17,5
T01637,C0300,Login,Resolved,2026-04-23,2026-05-01,8
T01638,C0375,Login,Open,2026-02-06,,145
T01639,C0259,Technical,Resolved,2026-04-28,2026-05-01,3
T01640,C0496,Account,Open,2026-01-31,,151
T01641,C0356,Technical,Resolved,2026-01-09,2026-01-12,3
T01642,C0484,Account,Resolved,2026-01-31,2026-02-10,10
T01643,C0437,Login,Resolved,2026-04-05,2026-04-15,10
T01644,C0149,Billing,Resolved,2026-01-31,2026-02-06,6
T01645,C0157,Payment,Resolved,2026-05-05,2026-05-06,1
T01646,C0406,Technical,Resolved,2026-05-31,2026-06-07,7
T01647,C0025,Payment,Open,2026-02-25,,126
T01648,C0094,Login,Resolved,2026-05-21,2026-05-27,6
T01649,C0035,Billing,Resolved,2026-05-27,2026-06-01,5
T01650,C0290,Login,Pending,2026-04-07,,85
T01651,C0244,Account,Resolved,2026-02-05,2026-02-14,9
T01652,C0326,Login,Open,2026-06-20,,11
T01653,C0230,Technical,Open,2026-03-25,,98
T01654,C0046,Account,Resolved,2026-04-15,2026-04-22,7
T01655,C0120,Login,Resolved,2026-01-12,2026-01-20,8
T01656,C0377,Payment,Resolved,2026-02-12,2026-02-13,1
T01657,C0293,Payment,Resolved,2026-02-01,2026-02-10,9
T01658,C0044,Technical,Pending,2026-05-19,,43
T01659,C0296,Billing,Pending,2026-05-14,,48
T01660,C0097,Login,Resolved,2026-01-05,2026-01-07,2
T01661,C0338,Account,Resolved,2026-01-05,2026-01-10,5
T01662,C0403,Technical,Resolved,2026-06-30,2026-07-10,10
T01663,C0228,Billing,Open,2026-06-05,,26
T01664,C0165,Login,Resolved,2026-05-06,2026-05-07,1
T01665,C0175,Login,Resolved,2026-01-07,2026-01-16,9
T01666,C0163,Login,Resolved,2026-01-30,2026-02-01,2
T01667,C0278,Technical,Resolved,2026-02-16,2026-02-21,5
T01668,C0394,Billing,Resolved,2026-04-15,2026-04-18,3
T01669,C0031,Account,Pending,2026-02-16,,135
T01670,C0014,Billing,Resolved,2026-01-26,2026-02-01,6
T01671,C0073,Login,Open,2026-03-08,,115
T01672,C0193,Billing,Resolved,2026-03-03,2026-03-13,10
T01673,C0301,Technical,Resolved,2026-05-10,2026-05-17,7
T01674,C0487,Billing,Resolved,2026-03-23,2026-03-31,8
T01675,C0284,Login,Resolved,2026-01-08,2026-01-15,7
T01676,C0325,Technical,Pending,2026-01-05,,177
T01677,C0138,Account,Pending,2026-06-22,,9
T01678,C0052,Technical,Open,2026-06-16,,15
T01679,C0403,Technical,Resolved,2026-04-15,2026-04-23,8
T01680,C0043,Account,Resolved,2026-02-06,2026-02-12,6
T01681,C0277,Technical,Open,2026-05-18,,44
T01682,C0488,Login,Pending,2026-05-23,,39
T01683,C0232,Billing,Resolved,2026-04-29,2026-05-09,10
T01684,C0149,Technical,Resolved,2026-05-04,2026-05-09,5
T01685,C0307,Payment,Open,2026-04-08,,84
T01686,C0180,Technical,Resolved,2026-05-11,2026-05-16,5
T01687,C0024,Technical,Open,2026-05-25,,37
T01688,C0036,Payment,Resolved,2026-06-28,2026-06-30,2
T01689,C0426,Technical,Open,2026-03-13,,110
T01690,C0450,Login,Resolved,2026-05-10,2026-05-16,6
T01691,C0453,Payment,Resolved,2026-04-26,2026-05-01,5
T01692,C0126,Payment,Resolved,2026-04-28,2026-05-08,10
T01693,C0169,Billing,Pending,2026-02-04,,147
T01694,C0331,Billing,Resolved,2026-01-02,2026-01-03,1
T01695,C0345,Technical,Resolved,2026-06-28,2026-07-06,8
T01696,C0391,Login,Resolved,2026-06-16,2026-06-18,2
T01697,C0276,Billing,Open,2026-06-21,,10
T01698,C0228,Billing,Resolved,2026-04-07,2026-04-17,10
T01699,C0184,Login,Resolved,2026-06-28,2026-06-29,1
T01700,C0064,Login,Resolved,2026-02-19,2026-02-27,8
T01701,C0005,Technical,Open,2026-03-13,,110
T01702,C0349,Payment,Resolved,2026-06-07,2026-06-12,5
T01703,C0414,Technical,Resolved,2026-05-07,2026-05-13,6
T01704,C0019,Payment,Resolved,2026-06-30,2026-07-10,10
T01705,C0108,Billing,Resolved,2026-06-13,2026-06-20,7
T01706,C0057,Payment,Resolved,2026-05-07,2026-05-10,3
T01707,C0283,Technical,Resolved,2026-05-25,2026-06-04,10
T01708,C0290,Technical,Resolved,2026-02-02,2026-02-04,2
T01709,C0066,Payment,Pending,2026-02-28,,123
T01710,C0452,Account,Open,2026-03-12,,111
T01711,C0099,Billing,Pending,2026-06-27,,4
T01712,C0348,Account,Resolved,2026-06-24,2026-07-03,9
T01713,C0453,Login,Resolved,2026-04-20,2026-04-21,1
T01714,C0438,Payment,Resolved,2026-04-15,2026-04-20,5
T01715,C0063,Account,Resolved,2026-04-03,2026-04-12,9
T01716,C0389,Billing,Open,2026-02-27,,124
T01717,C0025,Payment,Pending,2026-05-17,,45
T01718,C0230,Payment,Resolved,2026-02-19,2026-02-25,6
T01719,C0042,Account,Open,2026-02-27,,124
T01720,C0354,Login,Pending,2026-03-05,,118
T01721,C0101,Technical,Resolved,2026-01-17,2026-01-19,2
T01722,C0015,Login,Resolved,2026-01-07,2026-01-17,10
T01723,C0409,Payment,Open,2026-03-05,,118
T01724,C0056,Login,Resolved,2026-03-29,2026-03-30,1
T01725,C0421,Payment,Resolved,2026-03-02,2026-03-04,2
T01726,C0398,Account,Resolved,2026-01-25,2026-02-02,8
T01727,C0297,Billing,Resolved,2026-01-16,2026-01-17,1
T01728,C0194,Payment,Open,2026-06-27,,4
T01729,C0034,Technical,Resolved,2026-04-24,2026-04-25,1
T01730,C0155,Account,Resolved,2026-01-17,2026-01-19,2
T01731,C0347,Billing,Resolved,2026-03-17,2026-03-24,7
T01732,C0206,Billing,Resolved,2026-04-16,2026-04-20,4
T01733,C0443,Account,Open,2026-06-09,,22
T01734,C0006,Login,Resolved,2026-04-20,2026-04-30,10
T01735,C0318,Billing,Resolved,2026-06-22,2026-06-23,1
T01736,C0233,Account,Resolved,2026-02-19,2026-02-21,2
T01737,C0053,Billing,Resolved,2026-01-18,2026-01-28,10
T01738,C0405,Technical,Pending,2026-02-02,,149
T01739,C0327,Account,Resolved,2026-04-18,2026-04-26,8
T01740,C0372,Account,Resolved,2026-03-04,2026-03-07,3
T01741,C0409,Billing,Resolved,2026-03-21,2026-03-31,10
T01742,C0224,Account,Pending,2026-04-02,,90
T01743,C0160,Account,Open,2026-02-07,,144
T01744,C0076,Login,Resolved,2026-03-29,2026-04-03,5
T01745,C0189,Billing,Resolved,2026-06-18,2026-06-21,3
T01746,C0030,Technical,Resolved,2026-05-24,2026-05-25,1
T01747,C0217,Payment,Resolved,2026-02-21,2026-02-25,4
T01748,C0403,Billing,Resolved,2026-06-20,2026-06-28,8
T01749,C0356,Login,Resolved,2026-03-26,2026-04-05,10
T01750,C0290,Payment,Resolved,2026-04-18,2026-04-24,6
T01751,C0084,Billing,Resolved,2026-01-11,2026-01-19,8
T01752,C0113,Billing,Resolved,2026-06-27,2026-07-01,4
T01753,C0239,Account,Resolved,2026-05-04,2026-05-10,6
T01754,C0414,Login,Resolved,2026-02-17,2026-02-18,1
T01755,C0186,Billing,Resolved,2026-01-08,2026-01-17,9
T01756,C0059,Technical,Resolved,2026-02-19,2026-03-01,10
T01757,C0468,Payment,Resolved,2026-01-08,2026-01-12,4
T01758,C0102,Payment,Resolved,2026-03-09,2026-03-12,3
T01759,C0174,Account,Resolved,2026-02-20,2026-02-21,1
T01760,C0091,Payment,Pending,2026-01-06,,176
T01761,C0426,Technical,Resolved,2026-01-29,2026-02-04,6
T01762,C0480,Technical,Resolved,2026-03-03,2026-03-09,6
T01763,C0415,Payment,Resolved,2026-05-15,2026-05-25,10
T01764,C0452,Login,Open,2026-01-17,,165
T01765,C0061,Technical,Open,2026-02-03,,148
T01766,C0407,Technical,Resolved,2026-04-07,2026-04-13,6
T01767,C0163,Account,Resolved,2026-06-12,2026-06-16,4
T01768,C0472,Billing,Open,2026-05-31,,31
T01769,C0097,Account,Resolved,2026-02-08,2026-02-14,6
T01770,C0127,Billing,Resolved,2026-03-13,2026-03-16,3
T01771,C0436,Account,Pending,2026-05-06,,56
T01772,C0108,Billing,Open,2026-06-19,,12
T01773,C0315,Billing,Resolved,2026-04-10,2026-04-19,9
T01774,C0192,Login,Resolved,2026-02-15,2026-02-21,6
T01775,C0365,Payment,Resolved,2026-05-04,2026-05-12,8
T01776,C0243,Payment,Resolved,2026-06-13,2026-06-23,10
T01777,C0333,Billing,Resolved,2026-02-21,2026-03-01,8
T01778,C0442,Technical,Resolved,2026-03-20,2026-03-27,7
T01779,C0456,Login,Resolved,2026-04-06,2026-04-11,5
T01780,C0282,Billing,Resolved,2026-01-22,2026-01-27,5
T01781,C0228,Account,Resolved,2026-05-30,2026-05-31,1
T01782,C0239,Account,Resolved,2026-04-20,2026-04-28,8
T01783,C0240,Login,Resolved,2026-05-08,2026-05-14,6
T01784,C0140,Login,Resolved,2026-04-24,2026-04-28,4
T01785,C0136,Billing,Resolved,2026-01-22,2026-01-27,5
T01786,C0432,Account,Resolved,2026-06-14,2026-06-16,2
T01787,C0403,Payment,Pending,2026-01-26,,156
T01788,C0061,Billing,Resolved,2026-05-20,2026-05-24,4
T01789,C0171,Technical,Resolved,2026-03-06,2026-03-11,5
T01790,C0382,Payment,Resolved,2026-06-04,2026-06-07,3
T01791,C0438,Account,Pending,2026-01-03,,179
T01792,C0395,Payment,Resolved,2026-03-30,2026-04-06,7
T01793,C0485,Login,Open,2026-06-17,,14
T01794,C0007,Login,Resolved,2026-02-08,2026-02-15,7
T01795,C0117,Technical,Open,2026-02-23,,128
T01796,C0243,Technical,Resolved,2026-05-22,2026-05-30,8
T01797,C0370,Login,Resolved,2026-01-22,2026-01-28,6
T01798,C0434,Technical,Resolved,2026-06-28,2026-07-05,7
T01799,C0108,Login,Resolved,2026-05-23,2026-05-24,1
T01800,C0192,Technical,Resolved,2026-02-02,2026-02-07,5
T01801,C0483,Billing,Resolved,2026-06-18,2026-06-24,6
T01802,C0174,Technical,Resolved,2026-06-25,2026-07-02,7
T01803,C0391,Account,Resolved,2026-05-31,2026-06-01,1
T01804,C0291,Billing,Pending,2026-02-09,,142
T01805,C0488,Payment,Resolved,2026-06-04,2026-06-14,10
T01806,C0294,Login,Pending,2026-02-22,,129
T01807,C0486,Login,Resolved,2026-04-09,2026-04-13,4
T01808,C0244,Billing,Resolved,2026-04-26,2026-05-01,5
T01809,C0048,Technical,Resolved,2026-05-22,2026-05-25,3
T01810,C0017,Account,Resolved,2026-02-17,2026-02-21,4
T01811,C0036,Login,Resolved,2026-03-01,2026-03-06,5
T01812,C0338,Account,Resolved,2026-01-15,2026-01-21,6
T01813,C0266,Billing,Resolved,2026-04-16,2026-04-23,7
T01814,C0081,Billing,Resolved,2026-04-18,2026-04-26,8
T01815,C0381,Billing,Resolved,2026-02-22,2026-02-25,3
T01816,C0446,Technical,Resolved,2026-06-20,2026-06-28,8
T01817,C0082,Account,Resolved,2026-03-21,2026-03-31,10
T01818,C0104,Account,Open,2026-04-28,,64
T01819,C0142,Technical,Resolved,2026-02-06,2026-02-14,8
T01820,C0033,Login,Resolved,2026-03-05,2026-03-14,9
T01821,C0169,Account,Open,2026-04-28,,64
T01822,C0237,Account,Resolved,2026-01-24,2026-01-29,5
T01823,C0331,Login,Resolved,2026-03-18,2026-03-25,7
T01824,C0314,Technical,Resolved,2026-02-15,2026-02-25,10
T01825,C0376,Login,Resolved,2026-06-18,2026-06-21,3
T01826,C0358,Account,Resolved,2026-06-28,2026-06-29,1
T01827,C0123,Technical,Resolved,2026-06-10,2026-06-19,9
T01828,C0150,Billing,Resolved,2026-02-25,2026-03-05,8
T01829,C0211,Account,Resolved,2026-04-05,2026-04-07,2
T01830,C0387,Billing,Resolved,2026-03-25,2026-04-01,7
T01831,C0231,Technical,Resolved,2026-05-10,2026-05-11,1
T01832,C0237,Billing,Resolved,2026-06-27,2026-07-05,8
T01833,C0196,Payment,Open,2026-02-19,,132
T01834,C0204,Billing,Resolved,2026-01-30,2026-02-02,3
T01835,C0168,Login,Resolved,2026-01-18,2026-01-20,2
T01836,C0281,Technical,Open,2026-04-23,,69
T01837,C0072,Login,Open,2026-02-11,,140
T01838,C0088,Billing,Resolved,2026-02-15,2026-02-20,5
T01839,C0064,Account,Open,2026-02-13,,138
T01840,C0040,Billing,Resolved,2026-02-09,2026-02-17,8
T01841,C0184,Technical,Resolved,2026-01-09,2026-01-18,9
T01842,C0111,Login,Resolved,2026-06-12,2026-06-21,9
T01843,C0329,Billing,Resolved,2026-03-20,2026-03-28,8
T01844,C0027,Account,Resolved,2026-04-07,2026-04-11,4
T01845,C0476,Technical,Resolved,2026-03-03,2026-03-07,4
T01846,C0047,Billing,Resolved,2026-01-04,2026-01-10,6
T01847,C0421,Technical,Resolved,2026-01-17,2026-01-21,4
T01848,C0491,Billing,Open,2026-06-20,,11
T01849,C0086,Technical,Resolved,2026-05-12,2026-05-14,2
T01850,C0418,Payment,Resolved,2026-06-10,2026-06-14,4
T01851,C0320,Technical,Pending,2026-04-12,,80
T01852,C0481,Login,Resolved,2026-02-24,2026-02-26,2
T01853,C0183,Payment,Resolved,2026-04-13,2026-04-19,6
T01854,C0007,Login,Resolved,2026-02-26,2026-02-28,2
T01855,C0337,Payment,Resolved,2026-04-05,2026-04-06,1
T01856,C0035,Technical,Resolved,2026-06-03,2026-06-11,8
T01857,C0053,Account,Open,2026-05-26,,36
T01858,C0088,Payment,Pending,2026-06-03,,28
T01859,C0167,Login,Resolved,2026-06-27,2026-06-30,3
T01860,C0171,Technical,Resolved,2026-06-26,2026-07-02,6
T01861,C0436,Login,Resolved,2026-01-05,2026-01-15,10
T01862,C0467,Account,Resolved,2026-05-11,2026-05-15,4
T01863,C0258,Account,Open,2026-01-04,,178
T01864,C0120,Billing,Resolved,2026-02-01,2026-02-06,5
T01865,C0122,Login,Open,2026-06-08,,23
T01866,C0041,Billing,Resolved,2026-05-08,2026-05-13,5
T01867,C0104,Technical,Resolved,2026-06-14,2026-06-15,1
T01868,C0122,Account,Pending,2026-04-24,,68
T01869,C0379,Payment,Resolved,2026-03-23,2026-03-24,1
T01870,C0267,Login,Resolved,2026-03-15,2026-03-16,1
T01871,C0118,Payment,Resolved,2026-02-22,2026-03-03,9
T01872,C0028,Technical,Open,2026-06-28,,3
T01873,C0369,Technical,Resolved,2026-04-08,2026-04-17,9
T01874,C0165,Technical,Resolved,2026-01-02,2026-01-04,2
T01875,C0446,Login,Resolved,2026-02-19,2026-02-20,1
T01876,C0325,Technical,Pending,2026-02-02,,149
T01877,C0047,Technical,Resolved,2026-02-22,2026-02-26,4
T01878,C0260,Billing,Resolved,2026-04-30,2026-05-05,5
T01879,C0085,Technical,Resolved,2026-02-15,2026-02-25,10
T01880,C0128,Payment,Resolved,2026-04-25,2026-04-29,4
T01881,C0140,Login,Resolved,2026-04-03,2026-04-10,7
T01882,C0194,Technical,Resolved,2026-04-19,2026-04-28,9
T01883,C0313,Login,Open,2026-05-04,,58
T01884,C0011,Login,Resolved,2026-01-22,2026-01-27,5
T01885,C0305,Account,Resolved,2026-02-14,2026-02-19,5
T01886,C0195,Login,Resolved,2026-03-14,2026-03-21,7
T01887,C0288,Account,Resolved,2026-03-27,2026-03-30,3
T01888,C0367,Login,Resolved,2026-02-18,2026-02-19,1
T01889,C0007,Account,Open,2026-04-06,,86
T01890,C0252,Login,Pending,2026-04-12,,80
T01891,C0497,Payment,Resolved,2026-03-20,2026-03-30,10
T01892,C0037,Login,Open,2026-02-01,,150
T01893,C0198,Account,Resolved,2026-04-22,2026-04-27,5
T01894,C0395,Payment,Resolved,2026-05-06,2026-05-12,6
T01895,C0357,Billing,Resolved,2026-04-19,2026-04-23,4
T01896,C0125,Login,Resolved,2026-04-03,2026-04-04,1
T01897,C0358,Technical,Resolved,2026-04-27,2026-04-30,3
T01898,C0131,Technical,Resolved,2026-06-19,2026-06-22,3
T01899,C0007,Billing,Open,2026-06-14,,17
T01900,C0365,Login,Resolved,2026-05-31,2026-06-02,2
T01901,C0266,Technical,Open,2026-02-12,,139
T01902,C0425,Login,Resolved,2026-03-19,2026-03-28,9
T01903,C0496,Account,Resolved,2026-04-08,2026-04-18,10
T01904,C0158,Login,Open,2026-01-23,,159
T01905,C0056,Account,Open,2026-03-30,,93
T01906,C0417,Technical,Resolved,2026-02-23,2026-03-02,7
T01907,C0358,Payment,Resolved,2026-02-13,2026-02-21,8
T01908,C0001,Billing,Resolved,2026-06-28,2026-07-05,7
T01909,C0269,Login,Resolved,2026-04-21,2026-04-24,3
T01910,C0091,Payment,Resolved,2026-02-04,2026-02-08,4
T01911,C0250,Technical,Resolved,2026-01-29,2026-02-06,8
T01912,C0291,Technical,Resolved,2026-01-16,2026-01-19,3
T01913,C0415,Technical,Resolved,2026-04-15,2026-04-23,8
T01914,C0321,Account,Resolved,2026-06-12,2026-06-15,3
T01915,C0041,Payment,Resolved,2026-02-01,2026-02-06,5
T01916,C0033,Payment,Resolved,2026-03-02,2026-03-10,8
T01917,C0249,Billing,Resolved,2026-03-10,2026-03-11,1
T01918,C0341,Account,Open,2026-01-11,,171
T01919,C0050,Technical,Resolved,2026-01-02,2026-01-09,7
T01920,C0309,Account,Pending,2026-03-10,,113
T01921,C0478,Login,Resolved,2026-03-28,2026-04-07,10
T01922,C0220,Payment,Resolved,2026-03-29,2026-04-04,6
T01923,C0419,Technical,Pending,2026-06-20,,11
T01924,C0205,Login,Resolved,2026-04-02,2026-04-08,6
T01925,C0413,Billing,Resolved,2026-06-28,2026-07-05,7
T01926,C0372,Technical,Resolved,2026-02-01,2026-02-10,9
T01927,C0144,Technical,Resolved,2026-06-08,2026-06-16,8
T01928,C0264,Login,Resolved,2026-01-01,2026-01-07,6
T01929,C0009,Payment,Open,2026-03-25,,98
T01930,C0348,Login,Resolved,2026-05-05,2026-05-12,7
T01931,C0379,Account,Open,2026-03-31,,92
T01932,C0220,Login,Pending,2026-06-29,,2
T01933,C0464,Billing,Open,2026-03-17,,106
T01934,C0311,Technical,Open,2026-05-14,,48
T01935,C0449,Account,Open,2026-05-10,,52
T01936,C0017,Technical,Resolved,2026-01-23,2026-01-28,5
T01937,C0427,Account,Pending,2026-04-30,,62
T01938,C0087,Login,Pending,2026-05-04,,58
T01939,C0340,Account,Resolved,2026-02-24,2026-02-27,3
T01940,C0386,Billing,Resolved,2026-01-08,2026-01-11,3
T01941,C0476,Payment,Pending,2026-03-13,,110
T01942,C0113,Payment,Resolved,2026-06-21,2026-06-23,2
T01943,C0341,Technical,Pending,2026-06-12,,19
T01944,C0372,Login,Resolved,2026-06-27,2026-07-03,6
T01945,C0447,Technical,Pending,2026-06-03,,28
T01946,C0034,Payment,Resolved,2026-04-08,2026-04-17,9
T01947,C0495,Login,Open,2026-02-27,,124
T01948,C0133,Billing,Resolved,2026-01-29,2026-01-31,2
T01949,C0175,Account,Pending,2026-01-30,,152
T01950,C0294,Payment,Resolved,2026-03-22,2026-03-29,7
T01951,C0296,Billing,Resolved,2026-06-01,2026-06-10,9
T01952,C0098,Login,Pending,2026-03-23,,100
T01953,C0395,Payment,Open,2026-02-02,,149
T01954,C0267,Account,Resolved,2026-01-28,2026-02-04,7
T01955,C0005,Account,Open,2026-03-22,,101
T01956,C0075,Payment,Open,2026-05-08,,54
T01957,C0349,Login,Resolved,2026-03-14,2026-03-17,3
T01958,C0383,Billing,Resolved,2026-03-21,2026-03-30,9
T01959,C0353,Billing,Resolved,2026-06-30,2026-07-10,10
T01960,C0245,Technical,Resolved,2026-06-30,2026-07-07,7
T01961,C0031,Payment,Resolved,2026-02-23,2026-02-27,4
T01962,C0359,Billing,Pending,2026-02-15,,136
T01963,C0439,Login,Open,2026-03-18,,105
T01964,C0418,Technical,Pending,2026-05-21,,41
T01965,C0201,Payment,Resolved,2026-05-02,2026-05-08,6
T01966,C0388,Login,Resolved,2026-05-16,2026-05-21,5
T01967,C0145,Technical,Open,2026-05-21,,41
T01968,C0202,Billing,Resolved,2026-05-29,2026-05-30,1
T01969,C0436,Payment,Resolved,2026-02-11,2026-02-21,10
T01970,C0071,Login,Resolved,2026-03-16,2026-03-19,3
T01971,C0108,Technical,Open,2026-02-20,,131
T01972,C0377,Billing,Resolved,2026-05-28,2026-05-30,2
T01973,C0348,Technical,Resolved,2026-04-20,2026-04-23,3
T01974,C0475,Billing,Resolved,2026-05-02,2026-05-05,3
T01975,C0484,Billing,Resolved,2026-05-12,2026-05-18,6
T01976,C0304,Login,Pending,2026-06-10,,21
T01977,C0370,Login,Resolved,2026-01-31,2026-02-04,4
T01978,C0204,Login,Resolved,2026-06-02,2026-06-05,3
T01979,C0335,Login,Open,2026-06-21,,10
T01980,C0338,Billing,Open,2026-06-16,,15
T01981,C0196,Payment,Resolved,2026-04-24,2026-04-30,6
T01982,C0006,Billing,Resolved,2026-02-01,2026-02-09,8
T01983,C0329,Account,Resolved,2026-05-31,2026-06-10,10
T01984,C0294,Login,Resolved,2026-01-25,2026-02-04,10
T01985,C0093,Login,Resolved,2026-06-15,2026-06-22,7
T01986,C0153,Account,Resolved,2026-03-25,2026-03-27,2
T01987,C0366,Account,Resolved,2026-06-29,2026-06-30,1
T01988,C0202,Account,Open,2026-05-16,,46
T01989,C0251,Billing,Resolved,2026-05-30,2026-06-08,9
T01990,C0366,Billing,Open,2026-02-23,,128
T01991,C0495,Billing,Resolved,2026-06-03,2026-06-06,3
T01992,C0003,Account,Resolved,2026-03-22,2026-03-24,2
T01993,C0021,Technical,Resolved,2026-06-17,2026-06-20,3
T01994,C0045,Account,Resolved,2026-01-09,2026-01-11,2
T01995,C0064,Account,Resolved,2026-05-20,2026-05-23,3
T01996,C0217,Billing,Resolved,2026-01-12,2026-01-21,9
T01997,C0464,Payment,Resolved,2026-04-24,2026-04-27,3
T01998,C0296,Login,Resolved,2026-05-14,2026-05-20,6
T01999,C0311,Account,Resolved,2026-06-26,2026-06-28,2
T02000,C0340,Billing,Resolved,2026-02-18,2026-02-21,3
